success,outcome,time_to_target,sim_duration,control_effort,min_safety_margin,n_infeasible,n_steps,mean_step_ms,total_solve_ms,dt_mpc,N_hor,T_hor_actual,method,cand_id,N_CANDIDATES,seed,u1_max,u2_max
True,REACHED,1.3749999999999991,1.3749999999999991,43.7594873382079,1.7984688005333683e-06,0,55,143.3878681646258,7886.332749054418,0.025,50,1.25,Vanilla MPC,0,300,42,7.7,5.1
True,REACHED,1.15,1.15,48.03450112559171,1.401148809934012e-06,0,46,160.59243839086065,7387.252165979589,0.025,50,1.25,Vanilla MPC,1,300,42,7.7,5.1
True,REACHED,0.5500000000000002,0.5500000000000002,18.557212584327452,5.592582002116371,0,22,144.75281813660828,3184.561999005382,0.025,50,1.25,Vanilla MPC,2,300,42,7.7,5.1
True,REACHED,0.4000000000000001,0.4000000000000001,11.249900733231538,5.659114564378226,0,16,195.00705731570633,3120.1129170513013,0.025,50,1.25,Vanilla MPC,3,300,42,7.7,5.1
True,REACHED,1.2249999999999996,1.2249999999999996,53.6900994139664,3.536279350044243e-06,0,49,154.34702536790888,7563.004243027535,0.025,50,1.25,Vanilla MPC,4,300,42,7.7,5.1
True,REACHED,0.5250000000000001,0.5250000000000001,8.93981784815693,2.4761115567223966,0,21,165.95052590266624,3484.961043955991,0.025,50,1.25,Vanilla MPC,5,300,42,7.7,5.1
True,REACHED,1.2999999999999994,1.2999999999999994,52.83266970277079,3.165840050081909e-06,0,52,144.53727721131423,7515.938414988341,0.025,50,1.25,Vanilla MPC,6,300,42,7.7,5.1
True,REACHED,0.8750000000000004,0.8750000000000004,15.733885811035467,3.309988913429228,0,35,138.67707014183648,4853.697454964276,0.025,50,1.25,Vanilla MPC,7,300,42,7.7,5.1
True,REACHED,0.7500000000000003,0.7500000000000003,21.230728239950913,0.2770294485025524,0,30,159.01134716696106,4770.340415008832,0.025,50,1.25,Vanilla MPC,8,300,42,7.7,5.1
True,REACHED,0.8500000000000004,0.8500000000000004,32.588553723813014,8.659447764158223e-07,0,34,155.56727323436303,5289.2872899683425,0.025,50,1.25,Vanilla MPC,9,300,42,7.7,5.1
True,REACHED,0.7750000000000004,0.7750000000000004,21.520858705166173,0.8586522595269721,0,31,118.7513360012916,3681.29141604004,0.025,50,1.25,Vanilla MPC,10,300,42,7.7,5.1
True,REACHED,0.4000000000000001,0.4000000000000001,11.04506796289366,2.4777149688874744,0,16,132.21963806518033,2115.5142090428853,0.025,50,1.25,Vanilla MPC,11,300,42,7.7,5.1
True,REACHED,0.7500000000000003,0.7500000000000003,11.749334235989158,6.175354325963444e-06,0,30,147.67503883194877,4430.251164958463,0.025,50,1.25,Vanilla MPC,12,300,42,7.7,5.1
True,REACHED,0.8750000000000004,0.8750000000000004,24.7031090653214,2.329735838435014e-06,0,35,135.62398220071503,4746.839377025026,0.025,50,1.25,Vanilla MPC,13,300,42,7.7,5.1
True,REACHED,1.15,1.15,28.97982674846881,1.7701467417397724e-06,0,46,122.19517943499932,5620.9782540099695,0.025,50,1.25,Vanilla MPC,14,300,42,7.7,5.1
True,REACHED,0.5500000000000002,0.5500000000000002,9.309173123969313,4.250575321978716,0,22,130.31345645206537,2866.896041945438,0.025,50,1.25,Vanilla MPC,15,300,42,7.7,5.1
True,REACHED,0.5750000000000002,0.5750000000000002,14.339957974919148,4.248732556353204,0,23,157.3901032629099,3619.972375046927,0.025,50,1.25,Vanilla MPC,16,300,42,7.7,5.1
True,REACHED,1.1749999999999998,1.1749999999999998,48.89937225422143,2.112834222207266e-06,0,47,114.35097429784946,5374.495791998925,0.025,50,1.25,Vanilla MPC,17,300,42,7.7,5.1
True,REACHED,0.4750000000000001,0.4750000000000001,13.608608087254725,8.184894960177107,0,19,114.82275231805704,2181.6322940430837,0.025,50,1.25,Vanilla MPC,18,300,42,7.7,5.1
False,INFEASIBLE_STEP1,,0.0,0.0,0.8743130714584793,1,0,495.7041250017937,495.7041250017937,0.025,50,1.25,Vanilla MPC,19,300,42,7.7,5.1
True,REACHED,0.6000000000000002,0.6000000000000002,12.600089904613831,8.693577203622207,0,24,101.54368758351968,2437.0485020044725,0.025,50,1.25,Vanilla MPC,20,300,42,7.7,5.1
True,REACHED,1.1749999999999998,1.1749999999999998,50.33523813775361,2.689103462132887e-06,0,47,100.67508242401404,4731.72887392866,0.025,50,1.25,Vanilla MPC,21,300,42,7.7,5.1
True,REACHED,0.1999999999999999,0.1999999999999999,5.888124810753171,9.194602141979937,0,8,123.95938025110809,991.6750420088648,0.025,50,1.25,Vanilla MPC,22,300,42,7.7,5.1
False,INFEASIBLE_STEP1,,0.0,0.0,7.2691005045984785,1,0,365.7614999974612,365.7614999974612,0.025,50,1.25,Vanilla MPC,23,300,42,7.7,5.1
True,REACHED,0.6750000000000003,0.6750000000000003,9.941084510723584,2.363746036451476e-05,0,27,97.00434718656146,2619.1173740371596,0.025,50,1.25,Vanilla MPC,24,300,42,7.7,5.1
True,REACHED,1.1,1.1,28.208432115366413,3.010753589616504e-06,0,44,107.05226709152076,4710.299752026913,0.025,50,1.25,Vanilla MPC,25,300,42,7.7,5.1
True,REACHED,1.125,1.125,49.414155331817035,1.8872336198065695e-06,0,45,105.67729437801366,4755.478247010615,0.025,50,1.25,Vanilla MPC,26,300,42,7.7,5.1
False,INFEASIBLE_STEP1,,0.0,0.0,0.1010009878927606,1,0,535.4088329913793,535.4088329913793,0.025,50,1.25,Vanilla MPC,27,300,42,7.7,5.1
True,REACHED,1.2749999999999997,1.2749999999999997,49.280755256427845,2.9569823281866895e-06,0,51,118.63359721553256,6050.313457992161,0.025,50,1.25,Vanilla MPC,28,300,42,7.7,5.1
True,REACHED,1.0500000000000005,1.0500000000000005,24.075039466639193,2.955339336708255e-06,0,42,116.20354176141387,4880.548753979383,0.025,50,1.25,Vanilla MPC,29,300,42,7.7,5.1
True,REACHED,1.2499999999999996,1.2499999999999996,38.584274607577456,8.770841735939908e-07,0,50,116.49851086054696,5824.925543027348,0.025,50,1.25,Vanilla MPC,30,300,42,7.7,5.1
True,REACHED,0.4750000000000001,0.4750000000000001,14.744936014422985,10.223943650151345,0,19,93.77132468522944,1781.6551690193592,0.025,50,1.25,Vanilla MPC,31,300,42,7.7,5.1
True,REACHED,0.9500000000000004,0.9500000000000004,35.05883860995955,4.205487750173005e-07,0,38,136.05964263153606,5170.26641999837,0.025,50,1.25,Vanilla MPC,32,300,42,7.7,5.1
True,REACHED,1.0500000000000005,1.0500000000000005,23.64862980159093,0.0001033898488165,0,42,124.83154273788732,5242.924794991268,0.025,50,1.25,Vanilla MPC,33,300,42,7.7,5.1
True,REACHED,1.3499999999999992,1.3499999999999992,49.16648868825786,4.535603611972359e-07,0,54,141.9386889624379,7664.689203971648,0.025,50,1.25,Vanilla MPC,34,300,42,7.7,5.1
True,REACHED,0.7250000000000003,0.7250000000000003,13.467885930709048,2.945717716132233,0,29,108.06322551848254,3133.833540035994,0.025,50,1.25,Vanilla MPC,35,300,42,7.7,5.1
True,REACHED,1.1,1.1,28.330012464190183,3.15827454899985e-06,0,44,139.83037686326,6152.536581983441,0.025,50,1.25,Vanilla MPC,36,300,42,7.7,5.1
True,REACHED,1.3499999999999992,1.3499999999999992,40.25278031263993,9.837849521221962e-07,0,54,134.0934536109907,7241.046494993498,0.025,50,1.25,Vanilla MPC,37,300,42,7.7,5.1
True,REACHED,1.15,1.15,28.766834348854104,2.0634392971631777e-06,0,46,122.22256602209475,5622.238037016359,0.025,50,1.25,Vanilla MPC,38,300,42,7.7,5.1
True,REACHED,0.2249999999999999,0.2249999999999999,7.109917871778264,6.091188770529033,0,9,119.60854622076214,1076.4769159868592,0.025,50,1.25,Vanilla MPC,39,300,42,7.7,5.1
True,REACHED,1.2249999999999996,1.2249999999999996,35.75928553417108,1.4308707272733788e-06,0,49,132.5631870627427,6495.596166074392,0.025,50,1.25,Vanilla MPC,40,300,42,7.7,5.1
True,REACHED,0.9750000000000004,0.9750000000000004,25.074318548314587,2.557548521551535e-06,0,39,138.17229579413274,5388.719535971177,0.025,50,1.25,Vanilla MPC,41,300,42,7.7,5.1
True,REACHED,0.6250000000000002,0.6250000000000002,11.32045625083218,4.454720647476713,0,25,122.47772499977144,3061.9431249942863,0.025,50,1.25,Vanilla MPC,42,300,42,7.7,5.1
True,REACHED,0.8000000000000004,0.8000000000000004,16.868797547683727,8.533828614335492e-05,0,32,119.57570706272236,3826.422626007115,0.025,50,1.25,Vanilla MPC,43,300,42,7.7,5.1
True,REACHED,0.7750000000000004,0.7750000000000004,15.406849173412954,2.670792151731312,0,31,115.21630516208168,3571.705460024532,0.025,50,1.25,Vanilla MPC,44,300,42,7.7,5.1
True,REACHED,0.5000000000000001,0.5000000000000001,17.097605778850095,4.572840183692817,0,20,124.41501035209512,2488.3002070419025,0.025,50,1.25,Vanilla MPC,45,300,42,7.7,5.1
True,REACHED,0.15,0.15,4.51496156267304,6.362157484487046,0,6,99.46221533270244,596.7732919962145,0.025,50,1.25,Vanilla MPC,46,300,42,7.7,5.1
True,REACHED,1.0500000000000005,1.0500000000000005,26.272100508216397,1.752123509409776e-06,0,42,113.92421526224574,4784.817041014321,0.025,50,1.25,Vanilla MPC,47,300,42,7.7,5.1
True,REACHED,0.7000000000000003,0.7000000000000003,21.28953876732023,6.193194249063809e-05,0,28,125.0092202140617,3500.2581659937277,0.025,50,1.25,Vanilla MPC,48,300,42,7.7,5.1
True,REACHED,1.0750000000000002,1.0750000000000002,46.11286639890629,3.899952779830014e-06,0,43,113.86576549016036,4896.227916076896,0.025,50,1.25,Vanilla MPC,49,300,42,7.7,5.1
True,REACHED,0.6500000000000002,0.6500000000000002,11.159036893154424,9.592612824094664,0,26,110.54343272833368,2874.129250936676,0.025,50,1.25,Vanilla MPC,50,300,42,7.7,5.1
True,REACHED,0.6500000000000002,0.6500000000000002,11.18464626981718,2.4881373301970653,0,26,112.45838934813106,2923.9181230514077,0.025,50,1.25,Vanilla MPC,51,300,42,7.7,5.1
True,REACHED,1.2749999999999997,1.2749999999999997,38.882827825025295,2.0077006992785412e-06,0,51,117.12249515660326,5973.247252986766,0.025,50,1.25,Vanilla MPC,52,300,42,7.7,5.1
True,REACHED,1.2999999999999994,1.2999999999999994,43.20129293748572,2.085130753840737e-06,0,52,122.06404249977471,6347.330209988286,0.025,50,1.25,Vanilla MPC,53,300,42,7.7,5.1
True,REACHED,1.1749999999999998,1.1749999999999998,30.111427548307223,4.277362649532449e-06,0,47,111.17759400030025,5225.346918014111,0.025,50,1.25,Vanilla MPC,54,300,42,7.7,5.1
True,REACHED,0.9250000000000004,0.9250000000000004,19.7247200904585,2.530841127487379,0,37,121.20301805466502,4484.511668022606,0.025,50,1.25,Vanilla MPC,55,300,42,7.7,5.1
True,REACHED,1.2749999999999997,1.2749999999999997,47.69966577266725,2.350277008506605e-06,0,51,113.03379735310206,5764.723665008205,0.025,50,1.25,Vanilla MPC,56,300,42,7.7,5.1
True,REACHED,1.15,1.15,29.685706640780293,3.4579025495599957e-06,0,46,113.3910299566038,5215.987378003774,0.025,50,1.25,Vanilla MPC,57,300,42,7.7,5.1
True,REACHED,1.2249999999999996,1.2249999999999996,52.66486269710282,2.3684228705334036e-06,0,49,128.4987977355462,6296.441089041764,0.025,50,1.25,Vanilla MPC,58,300,42,7.7,5.1
True,REACHED,1.0000000000000004,1.0000000000000004,20.029550744260465,1.6776447688384256e-06,0,40,99.3320843510446,3973.283374041785,0.025,50,1.25,Vanilla MPC,59,300,42,7.7,5.1
True,REACHED,0.5750000000000002,0.5750000000000002,15.7171882877511,4.710424152239058,0,23,112.63565960752716,2590.620170973125,0.025,50,1.25,Vanilla MPC,60,300,42,7.7,5.1
True,REACHED,1.1999999999999995,1.1999999999999995,33.201831811068345,2.2863981169690173e-06,0,48,117.28667529344725,5629.760414085467,0.025,50,1.25,Vanilla MPC,61,300,42,7.7,5.1
True,REACHED,1.2749999999999997,1.2749999999999997,47.13022421990521,1.2107410413903454e-06,0,51,129.31437084369142,6595.032913028263,0.025,50,1.25,Vanilla MPC,62,300,42,7.7,5.1
False,INFEASIBLE_STEP1,,0.0,0.0,2.699796154485192,1,0,291.71020799549296,291.71020799549296,0.025,50,1.25,Vanilla MPC,63,300,42,7.7,5.1
True,REACHED,0.6000000000000002,0.6000000000000002,18.458158442336774,5.117366457125386,0,24,110.33058508352649,2647.9340420046356,0.025,50,1.25,Vanilla MPC,64,300,42,7.7,5.1
True,REACHED,1.3249999999999993,1.3249999999999993,52.99278055015507,1.8729359713459336e-06,0,53,115.4294803580445,6117.762458976358,0.025,50,1.25,Vanilla MPC,65,300,42,7.7,5.1
True,REACHED,0.8250000000000004,0.8250000000000004,24.900015997135934,8.913511312106976e-05,0,33,124.580865000043,4111.168545001419,0.025,50,1.25,Vanilla MPC,66,300,42,7.7,5.1
True,REACHED,1.3249999999999993,1.3249999999999993,51.37808795847155,1.0458153375908117e-06,0,53,128.99696226352563,6836.838999966858,0.025,50,1.25,Vanilla MPC,67,300,42,7.7,5.1
True,REACHED,1.3749999999999991,1.3749999999999991,55.24821400528155,3.4153013126051058e-06,0,55,121.4828129275702,6681.554711016361,0.025,50,1.25,Vanilla MPC,68,300,42,7.7,5.1
True,REACHED,0.5750000000000002,0.5750000000000002,17.597395445086107,3.975697895928664e-06,0,23,132.9415724789926,3057.6561670168303,0.025,50,1.25,Vanilla MPC,69,300,42,7.7,5.1
True,REACHED,0.7750000000000004,0.7750000000000004,12.88297833160462,2.3622808470737252e-06,0,31,119.1583561965437,3693.909042092855,0.025,50,1.25,Vanilla MPC,70,300,42,7.7,5.1
True,REACHED,1.3249999999999993,1.3249999999999993,37.396208812000786,8.001643494902377e-07,0,53,127.46312734116316,6755.545749081648,0.025,50,1.25,Vanilla MPC,71,300,42,7.7,5.1
True,REACHED,0.8000000000000004,0.8000000000000004,27.727913804305945,2.636402237207927e-07,0,32,111.61176046834952,3571.576334987185,0.025,50,1.25,Vanilla MPC,72,300,42,7.7,5.1
True,REACHED,0.3,0.3,5.095625770748708,1.5895489054684828,0,12,110.3722013346366,1324.466416015639,0.025,50,1.25,Vanilla MPC,73,300,42,7.7,5.1
False,INFEASIBLE_STEP1,,0.0,0.0,4.344789744581988,1,0,1442.528500003391,1442.528500003391,0.025,50,1.25,Vanilla MPC,74,300,42,7.7,5.1
False,INFEASIBLE_STEP1,,0.0,0.0,6.522670699606722,1,0,733.2099159975769,733.2099159975769,0.025,50,1.25,Vanilla MPC,75,300,42,7.7,5.1
True,REACHED,0.6250000000000002,0.6250000000000002,15.428055529459916,2.4311642903761213,0,25,102.95166004041675,2573.791501010419,0.025,50,1.25,Vanilla MPC,76,300,42,7.7,5.1
True,REACHED,1.2999999999999994,1.2999999999999994,36.47535575973595,3.012783566048231e-06,0,52,109.1871707302254,5677.732877971721,0.025,50,1.25,Vanilla MPC,77,300,42,7.7,5.1
True,REACHED,1.3249999999999993,1.3249999999999993,36.83910863338846,1.060672630490078e-06,0,53,116.50266350995976,6174.641166027868,0.025,50,1.25,Vanilla MPC,78,300,42,7.7,5.1
True,REACHED,0.5500000000000002,0.5500000000000002,16.965009498504962,3.216592816234689,0,22,126.41227654570352,2781.070084005478,0.025,50,1.25,Vanilla MPC,79,300,42,7.7,5.1
True,REACHED,1.2999999999999994,1.2999999999999994,48.41087142802835,2.915538588541852e-06,0,52,127.2374968069086,6616.349833959248,0.025,50,1.25,Vanilla MPC,80,300,42,7.7,5.1
True,REACHED,0.7500000000000003,0.7500000000000003,17.20563297610526,2.4626576584601787e-06,0,30,100.10016930076138,3003.0050790228415,0.025,50,1.25,Vanilla MPC,81,300,42,7.7,5.1
True,REACHED,1.2499999999999996,1.2499999999999996,36.9610378766714,1.4288343112326571e-06,0,50,133.87399331957567,6693.699665978784,0.025,50,1.25,Vanilla MPC,82,300,42,7.7,5.1
True,REACHED,0.8000000000000004,0.8000000000000004,31.011523221745755,2.1020032052767113e-06,0,32,120.2615871566195,3848.370789011824,0.025,50,1.25,Vanilla MPC,83,300,42,7.7,5.1
True,REACHED,0.2749999999999999,0.2749999999999999,6.41351442690304,5.212609459165215,0,11,121.48942045248326,1336.3836249773158,0.025,50,1.25,Vanilla MPC,84,300,42,7.7,5.1
False,INFEASIBLE_STEP1,,0.0,0.0,8.496681644949996,1,0,532.1877089882037,532.1877089882037,0.025,50,1.25,Vanilla MPC,85,300,42,7.7,5.1
False,INFEASIBLE_STEP1,,0.0,0.0,4.8990057720047595,1,0,496.1119580111699,496.1119580111699,0.025,50,1.25,Vanilla MPC,86,300,42,7.7,5.1
True,REACHED,0.7750000000000004,0.7750000000000004,20.028411697274137,0.1287436393542711,0,31,110.1825993865796,3415.6605809839675,0.025,50,1.25,Vanilla MPC,87,300,42,7.7,5.1
True,REACHED,1.125,1.125,28.292392014680903,3.0341200535076337e-06,0,45,107.49794444483187,4837.407500017434,0.025,50,1.25,Vanilla MPC,88,300,42,7.7,5.1
True,REACHED,1.125,1.125,29.867018275290004,4.0936945436742176e-06,0,45,111.56235466607744,5020.305959973484,0.025,50,1.25,Vanilla MPC,89,300,42,7.7,5.1
True,REACHED,0.8000000000000004,0.8000000000000004,16.664220623589657,0.0453561605686381,0,32,105.6236784088469,3379.957709083101,0.025,50,1.25,Vanilla MPC,90,300,42,7.7,5.1
False,INFEASIBLE_STEP1,,0.0,0.0,5.893491440726705,1,0,736.8438330013305,736.8438330013305,0.025,50,1.25,Vanilla MPC,91,300,42,7.7,5.1
True,REACHED,1.2499999999999996,1.2499999999999996,39.66105154676503,1.5936952522368827e-06,0,50,101.7367350193672,5086.836750968359,0.025,50,1.25,Vanilla MPC,92,300,42,7.7,5.1
True,REACHED,0.9500000000000004,0.9500000000000004,17.280743434688997,4.656478175130843e-06,0,38,104.80957126434843,3982.763708045241,0.025,50,1.25,Vanilla MPC,93,300,42,7.7,5.1
True,REACHED,0.8250000000000004,0.8250000000000004,16.72891995741338,1.956878717720296e-06,0,33,95.92372718113688,3165.4829969775164,0.025,50,1.25,Vanilla MPC,94,300,42,7.7,5.1
True,REACHED,1.0500000000000005,1.0500000000000005,28.677068383206535,1.7512171558854704e-06,0,42,113.50026178531282,4767.0109949831385,0.025,50,1.25,Vanilla MPC,95,300,42,7.7,5.1
True,REACHED,1.2749999999999997,1.2749999999999997,56.69078331815907,2.269728575214659e-06,0,51,121.72424190080788,6207.936336941202,0.025,50,1.25,Vanilla MPC,96,300,42,7.7,5.1
True,REACHED,1.2499999999999996,1.2499999999999996,55.861703256944025,2.1943140456695833e-06,0,50,111.8593791386229,5592.968956931145,0.025,50,1.25,Vanilla MPC,97,300,42,7.7,5.1
True,REACHED,1.3499999999999992,1.3499999999999992,57.6095254366335,5.617883456395522e-07,0,54,123.82250227636648,6686.4151229237905,0.025,50,1.25,Vanilla MPC,98,300,42,7.7,5.1
True,REACHED,0.3,0.3,11.40701206641392,7.620092577108419,0,12,137.09795824858398,1645.175498983008,0.025,50,1.25,Vanilla MPC,99,300,42,7.7,5.1
True,REACHED,0.7500000000000003,0.7500000000000003,30.12019659994872,1.1155166960147834e-06,0,30,119.6194096992258,3588.582290976774,0.025,50,1.25,Vanilla MPC,100,300,42,7.7,5.1
False,INFEASIBLE_STEP1,,0.0,0.0,1.4566787727302752,1,0,476.9505830045091,476.9505830045091,0.025,50,1.25,Vanilla MPC,101,300,42,7.7,5.1
True,REACHED,1.15,1.15,27.904062550790083,2.1626176352639045e-06,0,46,119.55105523931864,5499.348541008658,0.025,50,1.25,Vanilla MPC,102,300,42,7.7,5.1
True,REACHED,0.8000000000000004,0.8000000000000004,33.55465069074105,1.2952172029960843e-06,0,32,117.01581768738832,3744.5061659964263,0.025,50,1.25,Vanilla MPC,103,300,42,7.7,5.1
True,REACHED,1.399999999999999,1.399999999999999,56.01347870642245,4.57895281992153e-07,0,56,125.6066480356302,7033.97228999529,0.025,50,1.25,Vanilla MPC,104,300,42,7.7,5.1
True,REACHED,1.2499999999999996,1.2499999999999996,31.775796818287713,3.428307365517659e-06,0,50,131.82617664104328,6591.308832052164,0.025,50,1.25,Vanilla MPC,105,300,42,7.7,5.1
True,REACHED,0.9000000000000005,0.9000000000000005,34.627906193400264,1.8268544753662303e-06,0,36,127.02380569519138,4572.85700502689,0.025,50,1.25,Vanilla MPC,106,300,42,7.7,5.1
True,REACHED,0.8750000000000004,0.8750000000000004,15.669468906624443,2.3238149010250902e-06,0,35,122.26070360172471,4279.124626060366,0.025,50,1.25,Vanilla MPC,107,300,42,7.7,5.1
True,REACHED,1.1,1.1,35.026655607111195,2.232066755152396e-06,0,44,113.10853972695028,4976.775747985812,0.025,50,1.25,Vanilla MPC,108,300,42,7.7,5.1
True,REACHED,0.6000000000000002,0.6000000000000002,9.973593330946876,3.80512069859959,0,24,112.010341875551,2688.248205013224,0.025,50,1.25,Vanilla MPC,109,300,42,7.7,5.1
True,REACHED,1.3749999999999991,1.3749999999999991,56.06978229662761,3.6390797515422e-06,0,55,121.55470452853478,6685.508749069413,0.025,50,1.25,Vanilla MPC,110,300,42,7.7,5.1
False,INFEASIBLE_STEP1,,0.0,0.0,7.590778356202586,1,0,1792.7967089926824,1792.7967089926824,0.025,50,1.25,Vanilla MPC,111,300,42,7.7,5.1
True,REACHED,1.3499999999999992,1.3499999999999992,36.90143155212618,1.0291903830159282e-06,0,54,119.79268983446268,6468.805251060985,0.025,50,1.25,Vanilla MPC,112,300,42,7.7,5.1
True,REACHED,0.4750000000000001,0.4750000000000001,9.620768786612077,6.379894011701255e-05,0,19,91.861745630587,1745.3731669811532,0.025,50,1.25,Vanilla MPC,113,300,42,7.7,5.1
True,REACHED,1.3499999999999992,1.3499999999999992,56.619733753968184,8.001695277534587e-07,0,54,125.6982754442746,6787.706873990828,0.025,50,1.25,Vanilla MPC,114,300,42,7.7,5.1
True,REACHED,0.9250000000000004,0.9250000000000004,21.683678505439943,1.6801802902047248e-06,0,37,126.17783678335302,4668.5799609840615,0.025,50,1.25,Vanilla MPC,115,300,42,7.7,5.1
False,INFEASIBLE_STEP1,,0.0,0.0,0.0715250524678965,1,0,662.4493340059416,662.4493340059416,0.025,50,1.25,Vanilla MPC,116,300,42,7.7,5.1
True,REACHED,1.2499999999999996,1.2499999999999996,34.240712338219076,2.495028674777894e-06,0,50,117.94029073935236,5897.0145369676175,0.025,50,1.25,Vanilla MPC,117,300,42,7.7,5.1
True,REACHED,0.8750000000000004,0.8750000000000004,33.315701843284536,6.210249990522879e-07,0,35,123.88556182767,4335.9946639684495,0.025,50,1.25,Vanilla MPC,118,300,42,7.7,5.1
True,REACHED,1.2999999999999994,1.2999999999999994,34.33908787319962,1.940269354305675e-06,0,52,123.43330936514226,6418.532086987398,0.025,50,1.25,Vanilla MPC,119,300,42,7.7,5.1
True,REACHED,1.1,1.1,48.372643587741585,2.453052698835858e-06,0,44,116.04470838574343,5105.967168972711,0.025,50,1.25,Vanilla MPC,120,300,42,7.7,5.1
True,REACHED,0.4250000000000001,0.4250000000000001,7.505611626401715,0.4248410168309929,0,17,108.09242882533,1837.5712900306096,0.025,50,1.25,Vanilla MPC,121,300,42,7.7,5.1
False,INFEASIBLE_STEP1,,0.0,0.0,9.595733327511628,1,0,873.205666008289,873.205666008289,0.025,50,1.25,Vanilla MPC,122,300,42,7.7,5.1
False,INFEASIBLE_STEP1,,0.0,0.0,6.575919605703361,1,0,588.9257499948144,588.9257499948144,0.025,50,1.25,Vanilla MPC,123,300,42,7.7,5.1
True,REACHED,1.2249999999999996,1.2249999999999996,33.16286892757323,1.0870353326421232e-06,0,49,161.18455871408662,7898.043376990245,0.025,50,1.25,Vanilla MPC,124,300,42,7.7,5.1
True,REACHED,0.8750000000000004,0.8750000000000004,20.76026799834812,1.915644448590965e-06,0,35,129.2836320569872,4524.927121994551,0.025,50,1.25,Vanilla MPC,125,300,42,7.7,5.1
True,REACHED,1.3249999999999993,1.3249999999999993,57.70028958548288,2.249930455898839e-06,0,53,142.79008171804475,7567.874331056373,0.025,50,1.25,Vanilla MPC,126,300,42,7.7,5.1
True,REACHED,1.2249999999999996,1.2249999999999996,30.563638753903938,2.0883577655380567e-06,0,49,127.54800504195856,6249.852247055969,0.025,50,1.25,Vanilla MPC,127,300,42,7.7,5.1
False,INFEASIBLE_STEP1,,0.0,0.0,5.096699190658456,1,0,893.4109169931617,893.4109169931617,0.025,50,1.25,Vanilla MPC,128,300,42,7.7,5.1
True,REACHED,1.0250000000000004,1.0250000000000004,29.826196611139583,1.5830150934295217e-06,0,41,117.08123885448624,4800.330793033936,0.025,50,1.25,Vanilla MPC,129,300,42,7.7,5.1
True,REACHED,0.7500000000000003,0.7500000000000003,17.63582532408924,0.5274434897381567,0,30,116.17223333159929,3485.166999947978,0.025,50,1.25,Vanilla MPC,130,300,42,7.7,5.1
True,REACHED,1.0500000000000005,1.0500000000000005,46.14250697133282,2.4916765620849164e-06,0,42,115.30585618969609,4842.845959967235,0.025,50,1.25,Vanilla MPC,131,300,42,7.7,5.1
True,REACHED,0.7500000000000003,0.7500000000000003,14.355743323463198,6.92119653166158,0,30,147.8374389334931,4435.123168004793,0.025,50,1.25,Vanilla MPC,132,300,42,7.7,5.1
True,REACHED,1.1749999999999998,1.1749999999999998,34.73348179525131,1.1413021344539894e-06,0,47,141.56529068094778,6653.568662004545,0.025,50,1.25,Vanilla MPC,133,300,42,7.7,5.1
True,REACHED,0.9500000000000004,0.9500000000000004,16.66119106288384,0.8208356924193737,0,38,119.2869637107881,4532.904621009948,0.025,50,1.25,Vanilla MPC,134,300,42,7.7,5.1
True,REACHED,0.375,0.375,12.675868928498504,9.604193607918909,0,15,195.38129993112912,2930.719498966937,0.025,50,1.25,Vanilla MPC,135,300,42,7.7,5.1
True,REACHED,0.8500000000000004,0.8500000000000004,19.064981566805628,2.4704924508467863e-06,0,34,120.83818505925592,4108.498292014701,0.025,50,1.25,Vanilla MPC,136,300,42,7.7,5.1
True,REACHED,1.0250000000000004,1.0250000000000004,24.386624465488328,2.037949118617264e-06,0,41,120.2467397805133,4930.116331001045,0.025,50,1.25,Vanilla MPC,137,300,42,7.7,5.1
True,REACHED,0.8750000000000004,0.8750000000000004,18.770478309869382,3.2899973076444493e-07,0,35,136.7462452871093,4786.1185850488255,0.025,50,1.25,Vanilla MPC,138,300,42,7.7,5.1
True,REACHED,0.6250000000000002,0.6250000000000002,11.531063659012611,5.183271197949879,0,25,119.72017679887358,2993.0044199718395,0.025,50,1.25,Vanilla MPC,139,300,42,7.7,5.1
False,INFEASIBLE_STEP1,,0.0,0.0,4.298763991527994,1,0,618.0006659997161,618.0006659997161,0.025,50,1.25,Vanilla MPC,140,300,42,7.7,5.1
True,REACHED,0.6250000000000002,0.6250000000000002,15.517247914160643,8.815440917954957,0,25,115.57906823814848,2889.4767059537116,0.025,50,1.25,Vanilla MPC,141,300,42,7.7,5.1
True,REACHED,0.7250000000000003,0.7250000000000003,15.74160174359224,1.8701002775559763,0,29,123.737942517719,3588.400333013851,0.025,50,1.25,Vanilla MPC,142,300,42,7.7,5.1
True,REACHED,1.0250000000000004,1.0250000000000004,24.45338549438281,2.4060514978578384e-06,0,41,133.8376595121212,5487.3440399969695,0.025,50,1.25,Vanilla MPC,143,300,42,7.7,5.1
True,REACHED,0.4000000000000001,0.4000000000000001,9.4904638771008,1.2947264729779853,0,16,106.1403699359289,1698.2459189748624,0.025,50,1.25,Vanilla MPC,144,300,42,7.7,5.1
True,REACHED,0.2499999999999999,0.2499999999999999,7.050823278889073,9.458805677500903,0,10,145.535529202607,1455.35529202607,0.025,50,1.25,Vanilla MPC,145,300,42,7.7,5.1
True,REACHED,1.15,1.15,31.037690013684905,1.2440836760350684e-06,0,46,125.71752189092956,5783.00600698276,0.025,50,1.25,Vanilla MPC,146,300,42,7.7,5.1
True,REACHED,0.9500000000000004,0.9500000000000004,20.344656726925937,2.7330158604232745e-06,0,38,125.13287607917415,4755.049291008618,0.025,50,1.25,Vanilla MPC,147,300,42,7.7,5.1
True,REACHED,0.6500000000000002,0.6500000000000002,24.520708524660343,9.040578582588326,0,26,123.27054972970822,3205.034292972414,0.025,50,1.25,Vanilla MPC,148,300,42,7.7,5.1
True,REACHED,1.0000000000000004,1.0000000000000004,20.70162707055,3.596420528087329e-06,0,40,120.51166464952983,4820.466585981194,0.025,50,1.25,Vanilla MPC,149,300,42,7.7,5.1
True,REACHED,1.1,1.1,44.06924978530982,3.7705761162393543e-06,0,44,122.65762406902716,5396.935459037195,0.025,50,1.25,Vanilla MPC,150,300,42,7.7,5.1
True,REACHED,1.0500000000000005,1.0500000000000005,45.47903597468656,4.642181323302471e-06,0,42,123.27654859421143,5177.61504095688,0.025,50,1.25,Vanilla MPC,151,300,42,7.7,5.1
True,REACHED,1.424999999999999,1.424999999999999,47.986117727770626,2.058543630924006e-06,0,57,137.76988156110235,7852.883248982835,0.025,50,1.25,Vanilla MPC,152,300,42,7.7,5.1
True,REACHED,1.2999999999999994,1.2999999999999994,37.57325607333688,2.1631261157039213e-06,0,52,112.0985576725126,5829.124998970656,0.025,50,1.25,Vanilla MPC,153,300,42,7.7,5.1
True,REACHED,1.2749999999999997,1.2749999999999997,36.16925554449525,7.714996250259911e-07,0,51,121.00211603883152,6171.107917980407,0.025,50,1.25,Vanilla MPC,154,300,42,7.7,5.1
True,REACHED,0.8000000000000004,0.8000000000000004,25.391997984509988,1.7620527004752437e-05,0,32,99.3040533421663,3177.7297069493216,0.025,50,1.25,Vanilla MPC,155,300,42,7.7,5.1
True,REACHED,1.2249999999999996,1.2249999999999996,36.16764967597022,8.790054082534636e-07,0,49,129.96307822426647,6368.1908329890575,0.025,50,1.25,Vanilla MPC,156,300,42,7.7,5.1
True,REACHED,0.8250000000000004,0.8250000000000004,19.42742051535351,2.3782228449825483e-06,0,33,115.66669836236431,3817.0010459580226,0.025,50,1.25,Vanilla MPC,157,300,42,7.7,5.1
False,INFEASIBLE_STEP1,,0.0,0.0,7.8393807299202,1,0,797.8857910056831,797.8857910056831,0.025,50,1.25,Vanilla MPC,158,300,42,7.7,5.1
False,INFEASIBLE_STEP1,,0.0,0.0,4.913651150565764,1,0,596.3085000112187,596.3085000112187,0.025,50,1.25,Vanilla MPC,159,300,42,7.7,5.1
True,REACHED,0.7750000000000004,0.7750000000000004,14.315617964188757,0.8464712158527956,0,31,105.22391119335344,3261.941246993956,0.025,50,1.25,Vanilla MPC,160,300,42,7.7,5.1
True,REACHED,0.5250000000000001,0.5250000000000001,11.582549870661476,9.364237234076128,0,21,101.2676567618092,2126.620791997994,0.025,50,1.25,Vanilla MPC,161,300,42,7.7,5.1
True,REACHED,0.6250000000000002,0.6250000000000002,21.94507194711783,3.3520127744173185,0,25,119.2048781592166,2980.121953980415,0.025,50,1.25,Vanilla MPC,162,300,42,7.7,5.1
True,REACHED,0.5000000000000001,0.5000000000000001,16.014642213025038,6.2393373953751246,0,20,145.92930210274062,2918.5860420548124,0.025,50,1.25,Vanilla MPC,163,300,42,7.7,5.1
True,REACHED,0.7000000000000003,0.7000000000000003,17.586754501938863,3.469825951536973e-05,0,28,111.55374246560054,3123.504789036815,0.025,50,1.25,Vanilla MPC,164,300,42,7.7,5.1
True,REACHED,0.5750000000000002,0.5750000000000002,11.777085060144008,5.286542846372715,0,23,115.7926159585654,2663.230167047004,0.025,50,1.25,Vanilla MPC,165,300,42,7.7,5.1
True,REACHED,1.2249999999999996,1.2249999999999996,48.3864297501553,1.9329329761120145e-06,0,49,140.82695238858852,6900.520667040837,0.025,50,1.25,Vanilla MPC,166,300,42,7.7,5.1
True,REACHED,1.2999999999999994,1.2999999999999994,55.52789746887774,3.087556343265015e-06,0,52,143.6159935577822,7468.031665004673,0.025,50,1.25,Vanilla MPC,167,300,42,7.7,5.1
True,REACHED,0.6750000000000003,0.6750000000000003,18.28048493383515,6.797838944410064,0,27,140.53062044452722,3794.3267520022346,0.025,50,1.25,Vanilla MPC,168,300,42,7.7,5.1
False,INFEASIBLE_STEP1,,0.0,0.0,6.388879845962428,1,0,403.96779200818855,403.96779200818855,0.025,50,1.25,Vanilla MPC,169,300,42,7.7,5.1
True,REACHED,0.7750000000000004,0.7750000000000004,14.530543717856292,1.6068229199598648e-06,0,31,126.00468548489808,3906.145250031841,0.025,50,1.25,Vanilla MPC,170,300,42,7.7,5.1
True,REACHED,1.1749999999999998,1.1749999999999998,32.07997756967172,2.230246251965924e-06,0,47,147.71450010463943,6942.581504918053,0.025,50,1.25,Vanilla MPC,171,300,42,7.7,5.1
False,INFEASIBLE_STEP1,,0.0,0.0,0.7076548625108998,1,0,708.8971670018509,708.8971670018509,0.025,50,1.25,Vanilla MPC,172,300,42,7.7,5.1
True,REACHED,0.6000000000000002,0.6000000000000002,20.311114440945996,0.0301782806573653,0,24,138.3964566660628,3321.5149599855067,0.025,50,1.25,Vanilla MPC,173,300,42,7.7,5.1
True,REACHED,1.2249999999999996,1.2249999999999996,50.211639131983155,2.7775021196078866e-06,0,49,144.05413352996015,7058.652542968048,0.025,50,1.25,Vanilla MPC,174,300,42,7.7,5.1
True,REACHED,0.8500000000000004,0.8500000000000004,18.48206935102989,3.2353700881030385e-06,0,34,140.2411445601234,4768.198915044195,0.025,50,1.25,Vanilla MPC,175,300,42,7.7,5.1
False,INFEASIBLE_STEP1,,0.0,0.0,5.673827016071063,1,0,538.0377090041293,538.0377090041293,0.025,50,1.25,Vanilla MPC,176,300,42,7.7,5.1
True,REACHED,1.3499999999999992,1.3499999999999992,48.37843402026007,1.06781080005367e-06,0,54,140.01778475951008,7560.960377013544,0.025,50,1.25,Vanilla MPC,177,300,42,7.7,5.1
True,REACHED,0.5500000000000002,0.5500000000000002,16.07194651014265,4.527909217455252,0,22,120.4606819096212,2650.135002011666,0.025,50,1.25,Vanilla MPC,178,300,42,7.7,5.1
True,REACHED,1.3249999999999993,1.3249999999999993,57.85851293275777,3.293480035959919e-06,0,53,127.66058724659126,6766.011124069337,0.025,50,1.25,Vanilla MPC,179,300,42,7.7,5.1
True,REACHED,1.0500000000000005,1.0500000000000005,42.679641615346135,3.17186471994424e-06,0,42,133.23702288090274,5595.954960997915,0.025,50,1.25,Vanilla MPC,180,300,42,7.7,5.1
True,REACHED,0.9500000000000004,0.9500000000000004,20.067757366881448,8.274777927022021e-07,0,38,130.5271841315277,4960.032996998052,0.025,50,1.25,Vanilla MPC,181,300,42,7.7,5.1
True,REACHED,0.9500000000000004,0.9500000000000004,18.821518932119183,0.0001033368985816,0,38,150.15362612987366,5705.837792935199,0.025,50,1.25,Vanilla MPC,182,300,42,7.7,5.1
True,REACHED,0.7500000000000003,0.7500000000000003,14.546665824007196,2.4229867538850906e-06,0,30,129.62447366686925,3888.734210006078,0.025,50,1.25,Vanilla MPC,183,300,42,7.7,5.1
False,INFEASIBLE_STEP1,,0.0,0.0,9.645541436296318,1,0,508.7082079990069,508.7082079990069,0.025,50,1.25,Vanilla MPC,184,300,42,7.7,5.1
True,REACHED,1.0250000000000004,1.0250000000000004,23.160794167233497,3.0973837379533224e-06,0,41,135.91253968302115,5572.414127003867,0.025,50,1.25,Vanilla MPC,185,300,42,7.7,5.1
True,REACHED,0.9750000000000004,0.9750000000000004,19.15460204650478,4.716451518217323e-06,0,39,126.07574356363143,4916.953998981626,0.025,50,1.25,Vanilla MPC,186,300,42,7.7,5.1
True,REACHED,0.6000000000000002,0.6000000000000002,10.431803434893515,9.326677090781956,0,24,110.35075187464828,2648.4180449915584,0.025,50,1.25,Vanilla MPC,187,300,42,7.7,5.1
True,REACHED,0.2749999999999999,0.2749999999999999,6.687783793605774,4.933073527997118,0,11,131.3539130020548,1444.8930430226028,0.025,50,1.25,Vanilla MPC,188,300,42,7.7,5.1
True,REACHED,0.7250000000000003,0.7250000000000003,12.788729280672724,9.14332242235903,0,29,126.73439510499834,3675.297458044952,0.025,50,1.25,Vanilla MPC,189,300,42,7.7,5.1
True,REACHED,1.2249999999999996,1.2249999999999996,30.687884367365942,2.8264389201981027e-06,0,49,121.3379591422474,5945.559997970122,0.025,50,1.25,Vanilla MPC,190,300,42,7.7,5.1
True,REACHED,0.35,0.35,11.421780327486966,5.126224229323334,0,14,114.86480957163232,1608.1073340028524,0.025,50,1.25,Vanilla MPC,191,300,42,7.7,5.1
True,REACHED,0.4000000000000001,0.4000000000000001,9.680244990109903,9.709399899629618,0,16,94.46676568586554,1511.4682509738486,0.025,50,1.25,Vanilla MPC,192,300,42,7.7,5.1
True,REACHED,1.1,1.1,28.65220840401669,3.3390672736591273e-06,0,44,126.84926700008376,5581.367748003686,0.025,50,1.25,Vanilla MPC,193,300,42,7.7,5.1
True,REACHED,1.3249999999999993,1.3249999999999993,35.656572975274045,2.151030500636793e-06,0,53,156.13880275473008,8275.356546000694,0.025,50,1.25,Vanilla MPC,194,300,42,7.7,5.1
True,REACHED,1.3249999999999993,1.3249999999999993,37.75359532028224,6.851044387340669e-07,0,53,134.66942768004714,7137.4796670424985,0.025,50,1.25,Vanilla MPC,195,300,42,7.7,5.1
True,REACHED,1.125,1.125,30.38440886973343,2.2452111058574956e-06,0,45,145.41977591030042,6543.889915963518,0.025,50,1.25,Vanilla MPC,196,300,42,7.7,5.1
True,REACHED,0.8750000000000004,0.8750000000000004,26.81240316049618,1.630534869579687e-05,0,35,131.5636035429114,4604.7261240019,0.025,50,1.25,Vanilla MPC,197,300,42,7.7,5.1
True,REACHED,0.2499999999999999,0.2499999999999999,6.0835866736107835,4.984097152611253,0,10,100.75761219777633,1007.5761219777633,0.025,50,1.25,Vanilla MPC,198,300,42,7.7,5.1
False,INFEASIBLE_MID,,0.4750000000000001,12.560829309879256,-7.479256878149968e-08,1,19,159.52418529850547,3190.4837059701094,0.025,50,1.25,Vanilla MPC,199,300,42,7.7,5.1
False,INFEASIBLE_STEP1,,0.0,0.0,6.893446252044973,1,0,647.1579579956597,647.1579579956597,0.025,50,1.25,Vanilla MPC,200,300,42,7.7,5.1
True,REACHED,0.9250000000000004,0.9250000000000004,37.40166825536867,2.9548207395688517e-06,0,37,134.68348870259973,4983.28908199619,0.025,50,1.25,Vanilla MPC,201,300,42,7.7,5.1
True,REACHED,0.325,0.325,8.196504709409016,3.51586007330208,0,13,178.7063557701633,2323.182625012123,0.025,50,1.25,Vanilla MPC,202,300,42,7.7,5.1
True,REACHED,0.5000000000000001,0.5000000000000001,15.219852374513788,6.432016275691811,0,20,159.41321664940915,3188.264332988183,0.025,50,1.25,Vanilla MPC,203,300,42,7.7,5.1
True,REACHED,0.175,0.175,5.97827870199106,4.904673199184427,0,7,111.59358928645295,781.1551250051707,0.025,50,1.25,Vanilla MPC,204,300,42,7.7,5.1
True,REACHED,1.15,1.15,30.623910832105256,2.257968786334879e-06,0,46,153.36251180491195,7054.675543025951,0.025,50,1.25,Vanilla MPC,205,300,42,7.7,5.1
True,REACHED,0.8250000000000004,0.8250000000000004,14.774264682677906,2.8087815058211805e-06,0,33,127.48727012182248,4207.079914020142,0.025,50,1.25,Vanilla MPC,206,300,42,7.7,5.1
True,REACHED,0.9000000000000005,0.9000000000000005,22.475337185906987,0.0002472311617015,0,36,142.2417500838896,5120.703003020026,0.025,50,1.25,Vanilla MPC,207,300,42,7.7,5.1
False,INFEASIBLE_STEP1,,0.0,0.0,2.179240564632124,1,0,869.3155410001054,869.3155410001054,0.025,50,1.25,Vanilla MPC,208,300,42,7.7,5.1
True,REACHED,0.6000000000000002,0.6000000000000002,14.821761975647917,3.655510951522125,0,24,127.76833687469964,3066.4400849927915,0.025,50,1.25,Vanilla MPC,209,300,42,7.7,5.1
False,INFEASIBLE_STEP1,,0.0,0.0,6.051647726179743,1,0,2116.1021659936523,2116.1021659936523,0.025,50,1.25,Vanilla MPC,210,300,42,7.7,5.1
True,REACHED,1.2999999999999994,1.2999999999999994,44.720601814268775,1.556756194859296e-06,0,52,143.32687265274356,7452.9973779426655,0.025,50,1.25,Vanilla MPC,211,300,42,7.7,5.1
True,REACHED,1.3499999999999992,1.3499999999999992,43.558451415586354,1.8458497571732391e-06,0,54,142.8676071847332,7714.850787975592,0.025,50,1.25,Vanilla MPC,212,300,42,7.7,5.1
True,REACHED,1.3499999999999992,1.3499999999999992,47.56162609356967,9.84770010002545e-07,0,54,157.9962161461784,8531.795671893633,0.025,50,1.25,Vanilla MPC,213,300,42,7.7,5.1
True,REACHED,0.7500000000000003,0.7500000000000003,14.616051328479935,8.950585693263886,0,30,134.31175416723514,4029.3526250170544,0.025,50,1.25,Vanilla MPC,214,300,42,7.7,5.1
True,REACHED,1.399999999999999,1.399999999999999,40.61576697325896,1.8254748582692423e-06,0,56,128.74041367805538,7209.463165971101,0.025,50,1.25,Vanilla MPC,215,300,42,7.7,5.1
True,REACHED,1.15,1.15,34.04832033403055,2.245690432211676e-06,0,46,151.24643021693413,6957.33578997897,0.025,50,1.25,Vanilla MPC,216,300,42,7.7,5.1
True,REACHED,0.9750000000000004,0.9750000000000004,22.947350363708026,2.7178543036925216e-06,0,39,144.10756517930005,5620.195041992702,0.025,50,1.25,Vanilla MPC,217,300,42,7.7,5.1
True,REACHED,1.3749999999999991,1.3749999999999991,40.959516045458095,1.1694645579860885e-06,0,55,132.96442278211046,7313.043253016076,0.025,50,1.25,Vanilla MPC,218,300,42,7.7,5.1
True,REACHED,1.3749999999999991,1.3749999999999991,59.16162444101962,9.580874359833962e-07,0,55,148.39693567324005,8161.8314620282035,0.025,50,1.25,Vanilla MPC,219,300,42,7.7,5.1
False,INFEASIBLE_STEP1,,0.0,0.0,5.032182301587035,1,0,618.9373329980299,618.9373329980299,0.025,50,1.25,Vanilla MPC,220,300,42,7.7,5.1
True,REACHED,0.6250000000000002,0.6250000000000002,14.35126928890817,6.875233732039001,0,25,121.78942495898808,3044.7356239747023,0.025,50,1.25,Vanilla MPC,221,300,42,7.7,5.1
False,INFEASIBLE_STEP1,,0.0,0.0,6.677939416749844,1,0,644.6801249985583,644.6801249985583,0.025,50,1.25,Vanilla MPC,222,300,42,7.7,5.1
True,REACHED,0.7250000000000003,0.7250000000000003,18.942750143902636,0.0805438439795372,0,29,127.54436917121298,3698.786705965176,0.025,50,1.25,Vanilla MPC,223,300,42,7.7,5.1
True,REACHED,1.399999999999999,1.399999999999999,60.56432421760064,1.2876549267213582e-06,0,56,152.53714732015007,8542.080249928404,0.025,50,1.25,Vanilla MPC,224,300,42,7.7,5.1
True,REACHED,1.3499999999999992,1.3499999999999992,53.406362099005776,1.7563964001218712e-06,0,54,155.8596982776416,8416.423706992646,0.025,50,1.25,Vanilla MPC,225,300,42,7.7,5.1
True,REACHED,0.5750000000000002,0.5750000000000002,18.429449789887872,4.252775225318147e-06,0,23,147.57933695648757,3394.324749999214,0.025,50,1.25,Vanilla MPC,226,300,42,7.7,5.1
True,REACHED,1.2999999999999994,1.2999999999999994,33.61342683370305,1.7425555443069223e-06,0,52,176.0180945015096,9152.9409140785,0.025,50,1.25,Vanilla MPC,227,300,42,7.7,5.1
False,INFEASIBLE_STEP1,,0.0,0.0,1.303860872397864,1,0,637.2555830021156,637.2555830021156,0.025,50,1.25,Vanilla MPC,228,300,42,7.7,5.1
True,REACHED,0.8500000000000004,0.8500000000000004,17.0019162858205,7.117168918512149,0,34,134.49090323582126,4572.690710017923,0.025,50,1.25,Vanilla MPC,229,300,42,7.7,5.1
True,REACHED,1.1999999999999995,1.1999999999999995,31.09145132428749,2.5700323206520073e-06,0,48,148.18057383278452,7112.667543973657,0.025,50,1.25,Vanilla MPC,230,300,42,7.7,5.1
True,REACHED,0.9250000000000004,0.9250000000000004,25.718175458806076,3.035377615279281e-06,0,37,132.1570156755656,4889.8095799959265,0.025,50,1.25,Vanilla MPC,231,300,42,7.7,5.1
True,REACHED,1.3749999999999991,1.3749999999999991,55.08416413342517,7.238169680292373e-07,0,55,153.4255333628442,8438.40433495643,0.025,50,1.25,Vanilla MPC,232,300,42,7.7,5.1
True,REACHED,1.2999999999999994,1.2999999999999994,57.263827848581776,2.978712948513479e-06,0,52,146.08052886754965,7596.187501112581,0.025,50,1.25,Vanilla MPC,233,300,42,7.7,5.1
True,REACHED,0.7500000000000003,0.7500000000000003,13.69657627347318,6.693231769978249,0,30,157.6124236327208,4728.372708981624,0.025,50,1.25,Vanilla MPC,234,300,42,7.7,5.1
False,INFEASIBLE_STEP1,,0.0,0.0,1.5848291803492158,1,0,805.1398749958025,805.1398749958025,0.025,50,1.25,Vanilla MPC,235,300,42,7.7,5.1
False,INFEASIBLE_STEP1,,0.0,0.0,2.1057886397438605,1,0,461.2603340065107,461.2603340065107,0.025,50,1.25,Vanilla MPC,236,300,42,7.7,5.1
True,REACHED,1.399999999999999,1.399999999999999,36.929426597929286,1.9827684278135817e-06,0,56,140.7270693211363,7880.715881983633,0.025,50,1.25,Vanilla MPC,237,300,42,7.7,5.1
True,REACHED,1.3499999999999992,1.3499999999999992,55.486917773056504,2.523736755892792e-06,0,54,130.7919883515246,7062.767370982328,0.025,50,1.25,Vanilla MPC,238,300,42,7.7,5.1
True,REACHED,0.9750000000000004,0.9750000000000004,27.486200314749613,3.145678009245494e-06,0,39,147.19238676965082,5740.503084016382,0.025,50,1.25,Vanilla MPC,239,300,42,7.7,5.1
True,REACHED,1.0000000000000004,1.0000000000000004,31.88247268894502,2.0177210783551827e-06,0,40,149.13419277363573,5965.367710945429,0.025,50,1.25,Vanilla MPC,240,300,42,7.7,5.1
True,REACHED,0.4500000000000001,0.4500000000000001,7.368856476695445,4.786474664703822,0,18,108.97114822081576,1961.4806679746837,0.025,50,1.25,Vanilla MPC,241,300,42,7.7,5.1
True,REACHED,1.125,1.125,25.448851484535844,4.30230750120761e-06,0,45,148.75976293405984,6694.189332032693,0.025,50,1.25,Vanilla MPC,242,300,42,7.7,5.1
True,REACHED,0.9250000000000004,0.9250000000000004,24.09481076057112,1.8429081034712955e-06,0,37,123.39155297337815,4565.487460014992,0.025,50,1.25,Vanilla MPC,243,300,42,7.7,5.1
True,REACHED,1.0500000000000005,1.0500000000000005,25.971027111199188,1.9816090069019356e-06,0,42,135.97858526225622,5711.100581014762,0.025,50,1.25,Vanilla MPC,244,300,42,7.7,5.1
True,REACHED,1.2249999999999996,1.2249999999999996,47.76173397054706,3.291914497423297e-06,0,49,147.30469552931916,7217.93008093664,0.025,50,1.25,Vanilla MPC,245,300,42,7.7,5.1
True,REACHED,0.2249999999999999,0.2249999999999999,5.119298391671862,1.333485107810721,0,9,136.889583555684,1232.006252001156,0.025,50,1.25,Vanilla MPC,246,300,42,7.7,5.1
False,INFEASIBLE_STEP1,,0.0,0.0,1.5470508228239142,1,0,1150.156625008094,1150.156625008094,0.025,50,1.25,Vanilla MPC,247,300,42,7.7,5.1
True,REACHED,1.125,1.125,27.3891710313089,1.0648327014997e-06,0,45,149.46625648913647,6725.981542011141,0.025,50,1.25,Vanilla MPC,248,300,42,7.7,5.1
True,REACHED,0.4500000000000001,0.4500000000000001,6.857315179729583,1.7472378170331972,0,18,126.56520116838186,2278.1736210308736,0.025,50,1.25,Vanilla MPC,249,300,42,7.7,5.1
True,REACHED,0.5000000000000001,0.5000000000000001,9.107835935568732,3.0810130504834965,0,20,186.1312540502695,3722.62508100539,0.025,50,1.25,Vanilla MPC,250,300,42,7.7,5.1
True,REACHED,0.8750000000000004,0.8750000000000004,17.704462932368568,3.648306240858482e-06,0,35,151.45837971441713,5301.0432900046,0.025,50,1.25,Vanilla MPC,251,300,42,7.7,5.1
True,REACHED,1.3499999999999992,1.3499999999999992,56.687135187433185,1.2872150218405624e-06,0,54,149.7173079071756,8084.734626987483,0.025,50,1.25,Vanilla MPC,252,300,42,7.7,5.1
True,REACHED,1.2249999999999996,1.2249999999999996,34.34353934765791,2.6483549239343023e-06,0,49,140.4472372859327,6881.914627010701,0.025,50,1.25,Vanilla MPC,253,300,42,7.7,5.1
True,REACHED,0.9250000000000004,0.9250000000000004,21.83445495658592,3.3413233724609487e-06,0,37,138.15961264874596,5111.905668003601,0.025,50,1.25,Vanilla MPC,254,300,42,7.7,5.1
True,REACHED,1.1749999999999998,1.1749999999999998,39.32393350400768,1.2096159768973911e-06,0,47,134.90186261658388,6340.3875429794425,0.025,50,1.25,Vanilla MPC,255,300,42,7.7,5.1
False,INFEASIBLE_STEP1,,0.0,0.0,8.621591391966941,1,0,667.4546249996638,667.4546249996638,0.025,50,1.25,Vanilla MPC,256,300,42,7.7,5.1
True,REACHED,1.3499999999999992,1.3499999999999992,41.2923348480319,4.319158111943319e-07,0,54,132.2511774627923,7141.563582990784,0.025,50,1.25,Vanilla MPC,257,300,42,7.7,5.1
True,REACHED,1.1749999999999998,1.1749999999999998,28.68558203494129,2.2555547695261783e-06,0,47,128.20741300040143,6025.748411018867,0.025,50,1.25,Vanilla MPC,258,300,42,7.7,5.1
True,REACHED,0.8000000000000004,0.8000000000000004,18.370119301819056,0.0001166761838159,0,32,120.67033468656518,3861.450709970086,0.025,50,1.25,Vanilla MPC,259,300,42,7.7,5.1
True,REACHED,0.2749999999999999,0.2749999999999999,5.322303536809125,8.909017333637916,0,11,112.78285608833276,1240.6114169716602,0.025,50,1.25,Vanilla MPC,260,300,42,7.7,5.1
True,REACHED,0.5750000000000002,0.5750000000000002,10.293502059927045,0.1892739635113035,0,23,101.49820826115068,2334.4587900064653,0.025,50,1.25,Vanilla MPC,261,300,42,7.7,5.1
True,REACHED,0.2249999999999999,0.2249999999999999,2.1115142254000614,2.3922237773802837,0,9,79.80836566679903,718.2752910011914,0.025,50,1.25,Vanilla MPC,262,300,42,7.7,5.1
True,REACHED,1.3749999999999991,1.3749999999999991,54.17560476862569,2.413253543558682e-06,0,55,120.65338174420916,6635.935995931504,0.025,50,1.25,Vanilla MPC,263,300,42,7.7,5.1
True,REACHED,0.6750000000000003,0.6750000000000003,17.277786943950005,6.276070665990491,0,27,140.38751540862938,3790.4629160329937,0.025,50,1.25,Vanilla MPC,264,300,42,7.7,5.1
True,REACHED,0.8250000000000004,0.8250000000000004,16.507925339029683,2.446902822304978e-06,0,33,149.43965403124986,4931.5085830312455,0.025,50,1.25,Vanilla MPC,265,300,42,7.7,5.1
True,REACHED,1.3749999999999991,1.3749999999999991,38.18858157136772,1.1274030359339285e-06,0,55,141.17162047292695,7764.439126010984,0.025,50,1.25,Vanilla MPC,266,300,42,7.7,5.1
True,REACHED,0.7250000000000003,0.7250000000000003,18.216650062619212,7.212451695139515,0,29,125.16248134388348,3629.711958972621,0.025,50,1.25,Vanilla MPC,267,300,42,7.7,5.1
True,REACHED,0.8000000000000004,0.8000000000000004,15.2964223382212,4.375941358911994,0,32,143.85572396940915,4603.383167021093,0.025,50,1.25,Vanilla MPC,268,300,42,7.7,5.1
True,REACHED,0.6000000000000002,0.6000000000000002,19.108933240767374,1.3437377730928006e-06,0,24,152.17857300012838,3652.285752003081,0.025,50,1.25,Vanilla MPC,269,300,42,7.7,5.1
False,INFEASIBLE_STEP1,,0.0,0.0,0.7572005055600882,1,0,237.70820800564252,237.70820800564252,0.025,50,1.25,Vanilla MPC,270,300,42,7.7,5.1
True,REACHED,0.8500000000000004,0.8500000000000004,15.132031316007025,4.767625462184635,0,34,123.61949638023576,4203.062876928016,0.025,50,1.25,Vanilla MPC,271,300,42,7.7,5.1
True,REACHED,0.6750000000000003,0.6750000000000003,10.01933088808561,3.5294293954012392,0,27,131.47623133382123,3549.858246013173,0.025,50,1.25,Vanilla MPC,272,300,42,7.7,5.1
True,REACHED,0.35,0.35,9.124377712417456,9.213255827189103,0,14,179.4881427849759,2512.833998989663,0.025,50,1.25,Vanilla MPC,273,300,42,7.7,5.1
True,REACHED,1.3499999999999992,1.3499999999999992,51.73384429951736,9.37764564855518e-07,0,54,147.85962718451628,7984.419867963879,0.025,50,1.25,Vanilla MPC,274,300,42,7.7,5.1
True,REACHED,1.399999999999999,1.399999999999999,65.63341954611386,1.0814765786760264e-06,0,56,140.47669119541493,7866.694706943235,0.025,50,1.25,Vanilla MPC,275,300,42,7.7,5.1
True,REACHED,0.7250000000000003,0.7250000000000003,15.787524265570369,0.0120737759972815,0,29,96.76844824069371,2806.284998980118,0.025,50,1.25,Vanilla MPC,276,300,42,7.7,5.1
True,REACHED,0.8750000000000004,0.8750000000000004,18.368979968302984,2.2754345487205093e-06,0,35,102.44325468582768,3585.513914003968,0.025,50,1.25,Vanilla MPC,277,300,42,7.7,5.1
True,REACHED,1.3499999999999992,1.3499999999999992,60.58330537990569,1.5441165199919851e-06,0,54,121.09759411099796,6539.270081993891,0.025,50,1.25,Vanilla MPC,278,300,42,7.7,5.1
True,REACHED,0.7000000000000003,0.7000000000000003,24.81662351198817,1.9352512180282695,0,28,114.3095282521764,3200.666791060939,0.025,50,1.25,Vanilla MPC,279,300,42,7.7,5.1
True,REACHED,0.9250000000000004,0.9250000000000004,33.493184121542456,1.5350163702124716e-07,0,37,120.78141781141214,4468.912459022249,0.025,50,1.25,Vanilla MPC,280,300,42,7.7,5.1
False,INFEASIBLE_STEP1,,0.0,0.0,0.7443952927132589,1,0,1772.69337499456,1772.69337499456,0.025,50,1.25,Vanilla MPC,281,300,42,7.7,5.1
True,REACHED,1.0250000000000004,1.0250000000000004,20.277345697476605,3.3587770319020263e-06,0,41,113.33987912306527,4646.9350440456765,0.025,50,1.25,Vanilla MPC,282,300,42,7.7,5.1
True,REACHED,0.6250000000000002,0.6250000000000002,9.902371458637075,8.627163707058559,0,25,95.50685339898337,2387.671334974584,0.025,50,1.25,Vanilla MPC,283,300,42,7.7,5.1
True,REACHED,1.3249999999999993,1.3249999999999993,61.588746409849016,2.533572272849721e-06,0,53,131.3842491882102,6963.365206975141,0.025,50,1.25,Vanilla MPC,284,300,42,7.7,5.1
True,REACHED,1.0750000000000002,1.0750000000000002,31.75313373902272,3.5031785213667217e-06,0,43,138.9399932336663,5974.419709047652,0.025,50,1.25,Vanilla MPC,285,300,42,7.7,5.1
True,REACHED,0.9500000000000004,0.9500000000000004,38.43149344109687,6.12872033907024e-07,0,38,129.722081184522,4929.439085011836,0.025,50,1.25,Vanilla MPC,286,300,42,7.7,5.1
True,REACHED,0.6750000000000003,0.6750000000000003,19.13516910766927,4.43185641970983,0,27,132.49575629823892,3577.385420052451,0.025,50,1.25,Vanilla MPC,287,300,42,7.7,5.1
False,INFEASIBLE_STEP1,,0.0,0.0,4.23793482784244,1,0,820.5361670115963,820.5361670115963,0.025,50,1.25,Vanilla MPC,288,300,42,7.7,5.1
True,REACHED,1.2749999999999997,1.2749999999999997,38.175960805391455,4.124984909988708e-06,0,51,143.1608185495647,7301.2017460278,0.025,50,1.25,Vanilla MPC,289,300,42,7.7,5.1
True,REACHED,0.6500000000000002,0.6500000000000002,15.970721001790691,1.9779493135344637,0,26,124.47207045904808,3236.27383193525,0.025,50,1.25,Vanilla MPC,290,300,42,7.7,5.1
True,REACHED,0.7250000000000003,0.7250000000000003,25.911649555108458,1.2181516818473804e-05,0,29,134.4091004826498,3897.863913996843,0.025,50,1.25,Vanilla MPC,291,300,42,7.7,5.1
True,REACHED,0.6000000000000002,0.6000000000000002,17.497135148661965,4.090687201625685e-06,0,24,128.84277958134285,3092.2267099522287,0.025,50,1.25,Vanilla MPC,292,300,42,7.7,5.1
False,INFEASIBLE_STEP1,,0.0,0.0,8.548563267697343,1,0,522.1574170136591,522.1574170136591,0.025,50,1.25,Vanilla MPC,293,300,42,7.7,5.1
True,REACHED,0.5750000000000002,0.5750000000000002,12.993575478924228,8.108085590971035,0,23,106.97555434814169,2460.4377500072587,0.025,50,1.25,Vanilla MPC,294,300,42,7.7,5.1
True,REACHED,1.3749999999999991,1.3749999999999991,55.12156677654395,1.342447932098018e-06,0,55,123.12951198069972,6772.123158938484,0.025,50,1.25,Vanilla MPC,295,300,42,7.7,5.1
True,REACHED,0.6750000000000003,0.6750000000000003,22.789528078342396,3.0161761885620466,0,27,135.37338581442816,3655.08141698956,0.025,50,1.25,Vanilla MPC,296,300,42,7.7,5.1
True,REACHED,1.2749999999999997,1.2749999999999997,37.71057715845509,2.331364766946411e-06,0,51,106.25986437405706,5419.25308307691,0.025,50,1.25,Vanilla MPC,297,300,42,7.7,5.1
True,REACHED,1.3499999999999992,1.3499999999999992,55.131367839005904,1.2363854901397857e-06,0,54,106.93556325929455,5774.520416001906,0.025,50,1.25,Vanilla MPC,298,300,42,7.7,5.1
True,REACHED,1.0250000000000004,1.0250000000000004,19.42896924883217,0.0018981743694303,0,41,113.26561282919832,4643.890125997132,0.025,50,1.25,Vanilla MPC,299,300,42,7.7,5.1
True,REACHED,1.3749999999999991,1.3749999999999991,43.34399536858018,9.50615147958914e-07,0,55,197.13384772740855,10842.36162500747,0.025,50,1.25,RA-MPC (ours),0,300,42,7.7,5.1
True,REACHED,1.15,1.15,48.03305161068736,1.4210471053222496e-06,0,46,179.87818762997884,8274.396630979027,0.025,50,1.25,RA-MPC (ours),1,300,42,7.7,5.1
True,REACHED,0.5500000000000002,0.5500000000000002,18.55723612904496,5.592582002116371,0,22,163.37981063803784,3594.3558340368327,0.025,50,1.25,RA-MPC (ours),2,300,42,7.7,5.1
True,REACHED,0.4000000000000001,0.4000000000000001,11.249901133013308,5.659115641022526,0,16,263.5522473765377,4216.835958024603,0.025,50,1.25,RA-MPC (ours),3,300,42,7.7,5.1
True,REACHED,1.2249999999999996,1.2249999999999996,53.68639002815559,3.5351130374980596e-06,0,49,181.22338002152048,8879.945621054503,0.025,50,1.25,RA-MPC (ours),4,300,42,7.7,5.1
True,REACHED,0.5250000000000001,0.5250000000000001,8.939818474279797,2.476111630848281,0,21,246.5094125696591,5176.697663962841,0.025,50,1.25,RA-MPC (ours),5,300,42,7.7,5.1
True,REACHED,1.2999999999999994,1.2999999999999994,52.799807015775585,3.171311155578309e-06,0,52,195.1783918277495,10149.276375042971,0.025,50,1.25,RA-MPC (ours),6,300,42,7.7,5.1
True,REACHED,0.8750000000000004,0.8750000000000004,15.734659307974098,3.309127726473283,0,35,198.73406557058584,6955.692294970504,0.025,50,1.25,RA-MPC (ours),7,300,42,7.7,5.1
True,REACHED,0.7500000000000003,0.7500000000000003,21.230727445217603,0.2770293353707366,0,30,187.712129066252,5631.36387198756,0.025,50,1.25,RA-MPC (ours),8,300,42,7.7,5.1
True,REACHED,0.8500000000000004,0.8500000000000004,32.59162476180867,8.65634464092453e-07,0,34,166.87252570623326,5673.665874011931,0.025,50,1.25,RA-MPC (ours),9,300,42,7.7,5.1
True,REACHED,0.7750000000000004,0.7750000000000004,21.520854911121457,0.8586546370049499,0,31,156.34976738581298,4846.842788960203,0.025,50,1.25,RA-MPC (ours),10,300,42,7.7,5.1
True,REACHED,0.4000000000000001,0.4000000000000001,11.04510933806896,2.4777149673820853,0,16,161.4625335623714,2583.4005369979423,0.025,50,1.25,RA-MPC (ours),11,300,42,7.7,5.1
True,REACHED,0.7500000000000003,0.7500000000000003,11.749323923541208,6.176278371991545e-06,0,30,154.20709716757605,4626.212915027281,0.025,50,1.25,RA-MPC (ours),12,300,42,7.7,5.1
True,REACHED,0.8750000000000004,0.8750000000000004,24.70332548267532,2.3297762433608877e-06,0,35,178.54999765612385,6249.249917964335,0.025,50,1.25,RA-MPC (ours),13,300,42,7.7,5.1
True,REACHED,1.15,1.15,29.683862486844543,8.365277909872801e-07,0,46,164.142103348517,7550.536754031782,0.025,50,1.25,RA-MPC (ours),14,300,42,7.7,5.1
True,REACHED,0.5500000000000002,0.5500000000000002,9.309173886027729,4.250574687363673,0,22,152.0114241826708,3344.2513320187572,0.025,50,1.25,RA-MPC (ours),15,300,42,7.7,5.1
True,REACHED,0.5750000000000002,0.5750000000000002,14.338794078793024,4.247768939168549,0,23,185.58300552072268,4268.409126976621,0.025,50,1.25,RA-MPC (ours),16,300,42,7.7,5.1
True,REACHED,1.1749999999999998,1.1749999999999998,49.267299768272785,2.1141914669660493e-06,0,47,163.53311536132676,7686.056421982357,0.025,50,1.25,RA-MPC (ours),17,300,42,7.7,5.1
True,REACHED,0.4750000000000001,0.4750000000000001,13.608611884634916,8.184894954107765,0,19,262.0532652615925,4979.012039970257,0.025,50,1.25,RA-MPC (ours),18,300,42,7.7,5.1
True,REACHED,1.5249999999999986,1.5249999999999986,50.50936200162828,2.0606447290324746e-06,0,61,164.78471181925087,10051.867420974304,0.025,50,1.25,RA-MPC (ours),19,300,42,7.7,5.1
True,REACHED,0.6000000000000002,0.6000000000000002,12.60008235815934,8.69357815063478,0,24,151.43440787748355,3634.4257890596054,0.025,50,1.25,RA-MPC (ours),20,300,42,7.7,5.1
True,REACHED,1.3499999999999992,1.3499999999999992,33.87847326006633,4.590056355630672e-06,0,54,166.19034866582498,8974.27882795455,0.025,50,1.25,RA-MPC (ours),21,300,42,7.7,5.1
True,REACHED,0.1999999999999999,0.1999999999999999,5.888124498810321,9.194602141979937,0,8,233.3776092491462,1867.0208739931695,0.025,50,1.25,RA-MPC (ours),22,300,42,7.7,5.1
True,REACHED,1.4499999999999988,1.4499999999999988,65.86982601294937,7.258727676301964e-07,0,58,157.09852219051442,9111.714287049836,0.025,50,1.25,RA-MPC (ours),23,300,42,7.7,5.1
True,REACHED,0.6750000000000003,0.6750000000000003,9.941084479364084,2.366478395796441e-05,0,27,137.9014135929066,3723.338167008478,0.025,50,1.25,RA-MPC (ours),24,300,42,7.7,5.1
True,REACHED,1.0250000000000004,1.0250000000000004,38.885364463729296,2.497049404727556e-06,0,41,142.14766575676595,5828.054296027403,0.025,50,1.25,RA-MPC (ours),25,300,42,7.7,5.1
True,REACHED,1.1,1.1,49.03762202929033,2.839195677891541e-06,0,44,130.48904925083414,5741.518167036702,0.025,50,1.25,RA-MPC (ours),26,300,42,7.7,5.1
False,INFEASIBLE_STEP1,,0.0,0.0,0.1010009878927606,1,0,533.6759589990834,533.6759589990834,0.025,50,1.25,RA-MPC (ours),27,300,42,7.7,5.1
True,REACHED,1.2749999999999997,1.2749999999999997,49.28817271071281,2.9577917313790308e-06,0,51,143.48624509704464,7317.798499949276,0.025,50,1.25,RA-MPC (ours),28,300,42,7.7,5.1
True,REACHED,1.0500000000000005,1.0500000000000005,24.067479800161525,2.9776018678540817e-06,0,42,143.82974107103934,6040.849124983652,0.025,50,1.25,RA-MPC (ours),29,300,42,7.7,5.1
True,REACHED,1.2499999999999996,1.2499999999999996,38.620350830923215,9.04462023740142e-07,0,50,170.8619258008548,8543.09629004274,0.025,50,1.25,RA-MPC (ours),30,300,42,7.7,5.1
True,REACHED,0.4750000000000001,0.4750000000000001,14.744023906035752,10.223943650151345,0,19,110.9471556824007,2107.9959579656133,0.025,50,1.25,RA-MPC (ours),31,300,42,7.7,5.1
True,REACHED,0.9500000000000004,0.9500000000000004,35.08456380623102,4.138454172617153e-07,0,38,170.9321963169618,6495.423460044549,0.025,50,1.25,RA-MPC (ours),32,300,42,7.7,5.1
True,REACHED,1.0500000000000005,1.0500000000000005,23.79139714118564,0.0001046803597425,0,42,164.2073898093215,6896.710371991503,0.025,50,1.25,RA-MPC (ours),33,300,42,7.7,5.1
True,REACHED,1.3499999999999992,1.3499999999999992,49.17271722288871,4.522608721822179e-07,0,54,164.7091496297098,8894.294080004329,0.025,50,1.25,RA-MPC (ours),34,300,42,7.7,5.1
True,REACHED,0.7250000000000003,0.7250000000000003,13.467886092886728,2.9457189318621317,0,29,145.6148764479841,4222.831416991539,0.025,50,1.25,RA-MPC (ours),35,300,42,7.7,5.1
True,REACHED,1.1,1.1,28.389770051817415,3.1164595412031844e-06,0,44,154.66270641032182,6805.1590820541605,0.025,50,1.25,RA-MPC (ours),36,300,42,7.7,5.1
True,REACHED,1.3499999999999992,1.3499999999999992,40.51368354285933,7.68517035587203e-07,0,54,144.3292839084515,7793.78133105638,0.025,50,1.25,RA-MPC (ours),37,300,42,7.7,5.1
True,REACHED,1.15,1.15,28.82529519730862,2.109135075003351e-06,0,46,151.9251819997368,6988.558371987892,0.025,50,1.25,RA-MPC (ours),38,300,42,7.7,5.1
True,REACHED,0.2249999999999999,0.2249999999999999,7.109847710139103,6.091165527931536,0,9,161.33032877567328,1451.9729589810595,0.025,50,1.25,RA-MPC (ours),39,300,42,7.7,5.1
True,REACHED,1.2249999999999996,1.2249999999999996,35.84370229504298,1.4830695276760063e-06,0,49,155.21171428732413,7605.374000078882,0.025,50,1.25,RA-MPC (ours),40,300,42,7.7,5.1
True,REACHED,0.9750000000000004,0.9750000000000004,25.11444105941537,2.5453694398257407e-06,0,39,136.0720224866572,5306.80887697963,0.025,50,1.25,RA-MPC (ours),41,300,42,7.7,5.1
True,REACHED,0.6250000000000002,0.6250000000000002,11.320510440637518,4.454720653690059,0,25,118.15041504101828,2953.760376025457,0.025,50,1.25,RA-MPC (ours),42,300,42,7.7,5.1
True,REACHED,0.8000000000000004,0.8000000000000004,16.86880098564859,8.53777661263008e-05,0,32,118.53802221730804,3793.216710953857,0.025,50,1.25,RA-MPC (ours),43,300,42,7.7,5.1
True,REACHED,0.7750000000000004,0.7750000000000004,15.406849444601272,2.6707921498014144,0,31,134.6423333541738,4173.912333979388,0.025,50,1.25,RA-MPC (ours),44,300,42,7.7,5.1
True,REACHED,0.5000000000000001,0.5000000000000001,17.09760377472205,4.572840183692817,0,20,160.5440332510625,3210.88066502125,0.025,50,1.25,RA-MPC (ours),45,300,42,7.7,5.1
True,REACHED,0.15,0.15,4.5149949613506015,6.36215927000593,0,6,132.4591179994362,794.7547079966171,0.025,50,1.25,RA-MPC (ours),46,300,42,7.7,5.1
True,REACHED,1.0500000000000005,1.0500000000000005,26.23637834761426,1.759640820683575e-06,0,42,193.48814399979477,8126.50204799138,0.025,50,1.25,RA-MPC (ours),47,300,42,7.7,5.1
True,REACHED,0.7000000000000003,0.7000000000000003,21.28953888846741,6.194181976637294e-05,0,28,202.61807739370852,5673.3061670238385,0.025,50,1.25,RA-MPC (ours),48,300,42,7.7,5.1
True,REACHED,1.0750000000000002,1.0750000000000002,46.63321951077801,6.968755936019112e-06,0,43,188.6608216056714,8112.41532904387,0.025,50,1.25,RA-MPC (ours),49,300,42,7.7,5.1
True,REACHED,0.6500000000000002,0.6500000000000002,11.159045689831064,9.592612823808803,0,26,180.91118430815047,4703.690792011912,0.025,50,1.25,RA-MPC (ours),50,300,42,7.7,5.1
True,REACHED,0.7500000000000003,0.7500000000000003,36.79149457957987,2.6476135926252766,0,30,195.7619055673907,5872.857167021721,0.025,50,1.25,RA-MPC (ours),51,300,42,7.7,5.1
True,REACHED,1.2749999999999997,1.2749999999999997,39.35054699163793,1.5368373966004316e-06,0,51,219.95196572571135,11217.55025201128,0.025,50,1.25,RA-MPC (ours),52,300,42,7.7,5.1
True,REACHED,1.2999999999999994,1.2999999999999994,43.28367770026111,2.038177177926334e-06,0,52,219.87699119311472,11433.603542041965,0.025,50,1.25,RA-MPC (ours),53,300,42,7.7,5.1
True,REACHED,1.1749999999999998,1.1749999999999998,30.027797721375215,4.208730087079539e-06,0,47,213.7360514043781,10045.59441600577,0.025,50,1.25,RA-MPC (ours),54,300,42,7.7,5.1
True,REACHED,0.9250000000000004,0.9250000000000004,19.78026623064402,2.5338871606807927,0,37,200.87095389199263,7432.225294003729,0.025,50,1.25,RA-MPC (ours),55,300,42,7.7,5.1
True,REACHED,1.2749999999999997,1.2749999999999997,47.726180429259486,2.27326423282708e-06,0,51,210.70784884396548,10746.10029104224,0.025,50,1.25,RA-MPC (ours),56,300,42,7.7,5.1
True,REACHED,1.15,1.15,29.75688389122602,3.473559927223057e-06,0,46,162.58329165524944,7478.831416141475,0.025,50,1.25,RA-MPC (ours),57,300,42,7.7,5.1
True,REACHED,1.2249999999999996,1.2249999999999996,52.65653661330076,2.3692161146189472e-06,0,49,194.96642103999596,9553.354630959802,0.025,50,1.25,RA-MPC (ours),58,300,42,7.7,5.1
True,REACHED,1.0000000000000004,1.0000000000000004,20.043100543504572,1.686702252983442e-06,0,40,165.9431603497069,6637.726413988275,0.025,50,1.25,RA-MPC (ours),59,300,42,7.7,5.1
True,REACHED,0.5750000000000002,0.5750000000000002,15.717210009674009,4.710435047560708,0,23,165.910567086109,3815.943042980507,0.025,50,1.25,RA-MPC (ours),60,300,42,7.7,5.1
True,REACHED,1.1999999999999995,1.1999999999999995,33.13754533006359,2.300586914653142e-06,0,48,148.61932031180913,7133.727374966838,0.025,50,1.25,RA-MPC (ours),61,300,42,7.7,5.1
True,REACHED,1.2749999999999997,1.2749999999999997,47.1874719971884,1.267576854846097e-06,0,51,167.63142972451854,8549.202915950445,0.025,50,1.25,RA-MPC (ours),62,300,42,7.7,5.1
False,INFEASIBLE_STEP1,,0.0,0.0,2.699796154485192,1,0,251.3294999953359,251.3294999953359,0.025,50,1.25,RA-MPC (ours),63,300,42,7.7,5.1
True,REACHED,0.6000000000000002,0.6000000000000002,18.458161374199932,5.11736647932507,0,24,141.60026049952043,3398.40625198849,0.025,50,1.25,RA-MPC (ours),64,300,42,7.7,5.1
True,REACHED,1.3249999999999993,1.3249999999999993,52.982786947181616,1.8466022670616728e-06,0,53,165.2514112260487,8758.324794980581,0.025,50,1.25,RA-MPC (ours),65,300,42,7.7,5.1
True,REACHED,0.8250000000000004,0.8250000000000004,24.900022878689526,8.916279108779492e-05,0,33,140.48307824299573,4635.941582018859,0.025,50,1.25,RA-MPC (ours),66,300,42,7.7,5.1
True,REACHED,1.3249999999999993,1.3249999999999993,51.18948043022933,9.751514101370069e-07,0,53,167.81674220637453,8894.28733693785,0.025,50,1.25,RA-MPC (ours),67,300,42,7.7,5.1
True,REACHED,1.3749999999999991,1.3749999999999991,55.225934188603134,3.410551388718882e-06,0,55,157.01705912731333,8635.938252002234,0.025,50,1.25,RA-MPC (ours),68,300,42,7.7,5.1
True,REACHED,0.5750000000000002,0.5750000000000002,17.59739575721855,3.9756650958864615e-06,0,23,156.0085363472235,3588.19633598614,0.025,50,1.25,RA-MPC (ours),69,300,42,7.7,5.1
True,REACHED,0.7750000000000004,0.7750000000000004,12.882978373421157,2.3623194444060914e-06,0,31,153.07683722611756,4745.381954009645,0.025,50,1.25,RA-MPC (ours),70,300,42,7.7,5.1
True,REACHED,1.3249999999999993,1.3249999999999993,37.237042912411184,1.0546919098360666e-06,0,53,152.76871073578116,8096.741668996401,0.025,50,1.25,RA-MPC (ours),71,300,42,7.7,5.1
True,REACHED,0.8000000000000004,0.8000000000000004,27.7279139186226,2.636409269416198e-07,0,32,173.6864193430847,5557.965418978711,0.025,50,1.25,RA-MPC (ours),72,300,42,7.7,5.1
True,REACHED,0.3,0.3,5.095491829690123,1.5895489054684828,0,12,178.43280899857442,2141.193707982893,0.025,50,1.25,RA-MPC (ours),73,300,42,7.7,5.1
True,REACHED,1.5749999999999984,1.5749999999999984,69.53253744742125,7.899720158289477e-07,0,63,165.3468597778267,10416.852166003082,0.025,50,1.25,RA-MPC (ours),74,300,42,7.7,5.1
True,REACHED,1.399999999999999,1.399999999999999,41.35349243321439,2.753285003343871e-06,0,56,158.62821428761112,8883.180000106222,0.025,50,1.25,RA-MPC (ours),75,300,42,7.7,5.1
True,REACHED,0.6250000000000002,0.6250000000000002,15.428055501921229,2.4311642051790883,0,25,163.31338500080165,4082.834625020041,0.025,50,1.25,RA-MPC (ours),76,300,42,7.7,5.1
True,REACHED,1.2999999999999994,1.2999999999999994,36.39097451525271,2.9741979506586467e-06,0,52,144.64100878915184,7521.332457035896,0.025,50,1.25,RA-MPC (ours),77,300,42,7.7,5.1
True,REACHED,1.3249999999999993,1.3249999999999993,38.53760546698572,2.338346648260603e-06,0,53,132.456202056964,7020.178709019092,0.025,50,1.25,RA-MPC (ours),78,300,42,7.7,5.1
True,REACHED,0.5500000000000002,0.5500000000000002,16.96500961215635,3.216592769138034,0,22,113.54460600110046,2497.98133202421,0.025,50,1.25,RA-MPC (ours),79,300,42,7.7,5.1
True,REACHED,1.2999999999999994,1.2999999999999994,48.44132568418756,2.913181244570457e-06,0,52,141.81575719116017,7374.419373940327,0.025,50,1.25,RA-MPC (ours),80,300,42,7.7,5.1
True,REACHED,0.7500000000000003,0.7500000000000003,17.205627722929393,2.462621220196126e-06,0,30,121.68749856791692,3650.624957037507,0.025,50,1.25,RA-MPC (ours),81,300,42,7.7,5.1
True,REACHED,1.2499999999999996,1.2499999999999996,37.29601733898374,1.9362228093754124e-06,0,50,144.98632998001997,7249.316499000997,0.025,50,1.25,RA-MPC (ours),82,300,42,7.7,5.1
True,REACHED,0.8000000000000004,0.8000000000000004,31.01152331492415,2.1019416028332416e-06,0,32,110.94177471841247,3550.1367909891997,0.025,50,1.25,RA-MPC (ours),83,300,42,7.7,5.1
True,REACHED,0.2749999999999999,0.2749999999999999,6.413515063829353,5.21260937238801,0,11,97.400022638877,1071.400249027647,0.025,50,1.25,RA-MPC (ours),84,300,42,7.7,5.1
True,REACHED,1.4749999999999988,1.4749999999999988,67.62039692841681,1.0853950366341384e-06,0,59,169.72679450764653,10013.880875951145,0.025,50,1.25,RA-MPC (ours),85,300,42,7.7,5.1
True,REACHED,1.424999999999999,1.424999999999999,39.183599958177986,3.3538976522167766e-06,0,57,170.8146733159849,9736.436379011138,0.025,50,1.25,RA-MPC (ours),86,300,42,7.7,5.1
True,REACHED,0.7750000000000004,0.7750000000000004,20.028409536545468,0.1287443787305146,0,31,151.76866929217678,4704.82874805748,0.025,50,1.25,RA-MPC (ours),87,300,42,7.7,5.1
True,REACHED,1.125,1.125,28.384961016665564,3.0956570578639887e-06,0,45,170.48603526652894,7671.871586993802,0.025,50,1.25,RA-MPC (ours),88,300,42,7.7,5.1
True,REACHED,1.125,1.125,29.858768671057913,4.091246063008764e-06,0,45,169.4286055332567,7624.287248996552,0.025,50,1.25,RA-MPC (ours),89,300,42,7.7,5.1
True,REACHED,0.8000000000000004,0.8000000000000004,16.664488882847614,0.0453561605686381,0,32,183.6733450932115,5877.547042982769,0.025,50,1.25,RA-MPC (ours),90,300,42,7.7,5.1
True,REACHED,1.4499999999999988,1.4499999999999988,62.55486544603961,7.356943527961925e-07,0,58,178.83645263821657,10372.51425301656,0.025,50,1.25,RA-MPC (ours),91,300,42,7.7,5.1
True,REACHED,1.2499999999999996,1.2499999999999996,39.87103104580693,8.907597263113143e-07,0,50,167.7881041407818,8389.40520703909,0.025,50,1.25,RA-MPC (ours),92,300,42,7.7,5.1
True,REACHED,0.9500000000000004,0.9500000000000004,17.27998232920005,4.638167753355155e-06,0,38,156.28553392123553,5938.85028900695,0.025,50,1.25,RA-MPC (ours),93,300,42,7.7,5.1
True,REACHED,0.8250000000000004,0.8250000000000004,16.728997984992926,1.9568379308465525e-06,0,33,153.89740924089864,5078.614504949655,0.025,50,1.25,RA-MPC (ours),94,300,42,7.7,5.1
True,REACHED,1.0500000000000005,1.0500000000000005,28.63310712161749,1.3164128805452242e-06,0,42,155.7448998334751,6541.2857930059545,0.025,50,1.25,RA-MPC (ours),95,300,42,7.7,5.1
True,REACHED,1.2749999999999997,1.2749999999999997,56.69102676475303,2.269833161725068e-06,0,51,160.7075465886452,8196.084876020905,0.025,50,1.25,RA-MPC (ours),96,300,42,7.7,5.1
True,REACHED,1.2499999999999996,1.2499999999999996,55.8549084823058,2.194864319301152e-06,0,50,162.86295838130172,8143.147919065086,0.025,50,1.25,RA-MPC (ours),97,300,42,7.7,5.1
True,REACHED,1.3499999999999992,1.3499999999999992,57.61025140376435,5.322893719601936e-07,0,54,180.6067739076011,9752.76579101046,0.025,50,1.25,RA-MPC (ours),98,300,42,7.7,5.1
True,REACHED,0.3,0.3,11.407010677956553,7.620092577108419,0,12,237.62979858535496,2851.5575830242597,0.025,50,1.25,RA-MPC (ours),99,300,42,7.7,5.1
True,REACHED,0.7500000000000003,0.7500000000000003,30.120196898450136,1.1155389558728652e-06,0,30,145.68562363565434,4370.56870906963,0.025,50,1.25,RA-MPC (ours),100,300,42,7.7,5.1
True,REACHED,1.4499999999999988,1.4499999999999988,57.06974245793635,1.0596894906518433e-06,0,58,175.70643182838904,10190.973046046563,0.025,50,1.25,RA-MPC (ours),101,300,42,7.7,5.1
True,REACHED,1.15,1.15,27.86606013486767,2.1691685714334195e-06,0,46,166.07052728226256,7639.244254984078,0.025,50,1.25,RA-MPC (ours),102,300,42,7.7,5.1
True,REACHED,0.8000000000000004,0.8000000000000004,33.55464903083584,1.295222910345371e-06,0,32,139.47147771978052,4463.087287032977,0.025,50,1.25,RA-MPC (ours),103,300,42,7.7,5.1
True,REACHED,1.399999999999999,1.399999999999999,55.75500942865284,4.4927373574618546e-07,0,56,161.64949701851583,9052.371833036888,0.025,50,1.25,RA-MPC (ours),104,300,42,7.7,5.1
True,REACHED,1.2499999999999996,1.2499999999999996,31.82095293054813,3.367797197339571e-06,0,50,153.1204599395278,7656.02299697639,0.025,50,1.25,RA-MPC (ours),105,300,42,7.7,5.1
True,REACHED,0.9000000000000005,0.9000000000000005,34.62791053650798,1.825303075088774e-06,0,36,144.356784722024,5196.844249992864,0.025,50,1.25,RA-MPC (ours),106,300,42,7.7,5.1
True,REACHED,0.8750000000000004,0.8750000000000004,15.669456576823649,2.3237402050660105e-06,0,35,156.9965309134984,5494.8785819724435,0.025,50,1.25,RA-MPC (ours),107,300,42,7.7,5.1
True,REACHED,1.1,1.1,35.012885655921025,2.219663218034434e-06,0,44,142.54368649992765,6271.922205996816,0.025,50,1.25,RA-MPC (ours),108,300,42,7.7,5.1
True,REACHED,0.6000000000000002,0.6000000000000002,9.973593440732824,3.805120630295666,0,24,149.22706408348554,3581.4495380036533,0.025,50,1.25,RA-MPC (ours),109,300,42,7.7,5.1
True,REACHED,1.3749999999999991,1.3749999999999991,56.03613225319467,3.6474020301031953e-06,0,55,151.78557803552724,8348.206791953999,0.025,50,1.25,RA-MPC (ours),110,300,42,7.7,5.1
True,REACHED,1.399999999999999,1.399999999999999,41.09312847755143,1.399023001883661e-06,0,56,144.96488092689626,8118.03333190619,0.025,50,1.25,RA-MPC (ours),111,300,42,7.7,5.1
True,REACHED,1.3499999999999992,1.3499999999999992,36.899959375104345,1.189003124347606e-06,0,54,144.07328859292815,7779.95758401812,0.025,50,1.25,RA-MPC (ours),112,300,42,7.7,5.1
True,REACHED,0.4750000000000001,0.4750000000000001,9.62076880236366,6.379852311139382e-05,0,19,121.8033662076586,2314.2639579455135,0.025,50,1.25,RA-MPC (ours),113,300,42,7.7,5.1
True,REACHED,1.3499999999999992,1.3499999999999992,56.615932023047414,8.048001825521579e-07,0,54,146.38682572290742,7904.888589037,0.025,50,1.25,RA-MPC (ours),114,300,42,7.7,5.1
True,REACHED,0.9250000000000004,0.9250000000000004,21.6858086548416,1.6823364780713157e-06,0,37,135.5344528101095,5014.774753974052,0.025,50,1.25,RA-MPC (ours),115,300,42,7.7,5.1
False,INFEASIBLE_STEP1,,0.0,0.0,0.0715250524678965,1,0,979.844083005446,979.844083005446,0.025,50,1.25,RA-MPC (ours),116,300,42,7.7,5.1
True,REACHED,1.2499999999999996,1.2499999999999996,34.20858755171176,2.5119279417337106e-06,0,50,157.34966255928157,7867.483127964078,0.025,50,1.25,RA-MPC (ours),117,300,42,7.7,5.1
True,REACHED,0.8750000000000004,0.8750000000000004,33.31570723797492,6.210224486495162e-07,0,35,126.75857851281762,4436.550247948617,0.025,50,1.25,RA-MPC (ours),118,300,42,7.7,5.1
True,REACHED,1.2999999999999994,1.2999999999999994,34.19698867693141,2.9169268941040016e-06,0,52,162.38300488475943,8443.91625400749,0.025,50,1.25,RA-MPC (ours),119,300,42,7.7,5.1
True,REACHED,1.1,1.1,49.15845279760332,2.71259763448108e-06,0,44,145.44448104458172,6399.557165961596,0.025,50,1.25,RA-MPC (ours),120,300,42,7.7,5.1
True,REACHED,0.4250000000000001,0.4250000000000001,7.505580724177683,0.4248320999493526,0,17,156.20488717446707,2655.48308196594,0.025,50,1.25,RA-MPC (ours),121,300,42,7.7,5.1
True,REACHED,1.399999999999999,1.399999999999999,42.14792524273871,2.500741952314888e-06,0,56,183.201125733571,10259.263041079976,0.025,50,1.25,RA-MPC (ours),122,300,42,7.7,5.1
True,REACHED,1.4749999999999988,1.4749999999999988,44.85211449561886,3.397112548822168e-06,0,59,193.2693523889056,11402.891790945432,0.025,50,1.25,RA-MPC (ours),123,300,42,7.7,5.1
True,REACHED,1.2249999999999996,1.2249999999999996,33.16202917683565,1.0781938274718504e-06,0,49,188.736213366109,9248.074454939342,0.025,50,1.25,RA-MPC (ours),124,300,42,7.7,5.1
True,REACHED,0.8750000000000004,0.8750000000000004,20.763807715339325,1.915974289802349e-06,0,35,172.3881356280929,6033.5847469832515,0.025,50,1.25,RA-MPC (ours),125,300,42,7.7,5.1
True,REACHED,1.15,1.15,28.992451101276647,3.97802616785019e-06,0,46,178.93272095534485,8230.905163945863,0.025,50,1.25,RA-MPC (ours),126,300,42,7.7,5.1
True,REACHED,1.2249999999999996,1.2249999999999996,30.55643244317099,2.0888691948621956e-06,0,49,193.1019591438413,9461.995998048224,0.025,50,1.25,RA-MPC (ours),127,300,42,7.7,5.1
True,REACHED,1.4499999999999988,1.4499999999999988,44.142991636485874,1.374889707985117e-06,0,58,186.94563227623365,10842.846672021553,0.025,50,1.25,RA-MPC (ours),128,300,42,7.7,5.1
True,REACHED,1.0250000000000004,1.0250000000000004,29.871190589356075,1.5833010629648548e-06,0,41,179.94317280486362,7377.670084999409,0.025,50,1.25,RA-MPC (ours),129,300,42,7.7,5.1
True,REACHED,0.7500000000000003,0.7500000000000003,17.635821115723086,0.5274448301617602,0,30,154.64604576748874,4639.381373024662,0.025,50,1.25,RA-MPC (ours),130,300,42,7.7,5.1
True,REACHED,1.0500000000000005,1.0500000000000005,46.14588490786584,2.4919734453877456e-06,0,42,187.03534421469416,7855.484457017155,0.025,50,1.25,RA-MPC (ours),131,300,42,7.7,5.1
True,REACHED,0.7500000000000003,0.7500000000000003,14.355752637067154,6.921196141109414,0,30,170.8846874331357,5126.540622994071,0.025,50,1.25,RA-MPC (ours),132,300,42,7.7,5.1
True,REACHED,1.1749999999999998,1.1749999999999998,34.75153083496364,1.170442619468826e-06,0,47,198.37012146834897,9323.395709012402,0.025,50,1.25,RA-MPC (ours),133,300,42,7.7,5.1
True,REACHED,0.9500000000000004,0.9500000000000004,16.666258673043817,0.8209288368329285,0,38,177.18254381524227,6732.936664979206,0.025,50,1.25,RA-MPC (ours),134,300,42,7.7,5.1
True,REACHED,0.375,0.375,12.67586598806384,9.604196574857736,0,15,241.13982779963408,3617.097416994511,0.025,50,1.25,RA-MPC (ours),135,300,42,7.7,5.1
True,REACHED,0.8500000000000004,0.8500000000000004,19.063994876385372,2.4709627492176697e-06,0,34,191.2264288548613,6501.698581065284,0.025,50,1.25,RA-MPC (ours),136,300,42,7.7,5.1
True,REACHED,1.0250000000000004,1.0250000000000004,24.372385442889303,2.0391499647959705e-06,0,41,176.14058826705045,7221.764118949068,0.025,50,1.25,RA-MPC (ours),137,300,42,7.7,5.1
True,REACHED,0.8750000000000004,0.8750000000000004,18.77044985554222,3.29275144736814e-07,0,35,172.79827848459328,6047.939746960765,0.025,50,1.25,RA-MPC (ours),138,300,42,7.7,5.1
True,REACHED,0.6250000000000002,0.6250000000000002,11.531092798556369,5.183271182098221,0,25,177.85625843971502,4446.4064609928755,0.025,50,1.25,RA-MPC (ours),139,300,42,7.7,5.1
False,INFEASIBLE_STEP1,,0.0,0.0,4.298763991527994,1,0,674.8130829946604,674.8130829946604,0.025,50,1.25,RA-MPC (ours),140,300,42,7.7,5.1
True,REACHED,0.6250000000000002,0.6250000000000002,15.517249252484175,8.815440893376962,0,25,159.87604159978218,3996.9010399945546,0.025,50,1.25,RA-MPC (ours),141,300,42,7.7,5.1
True,REACHED,0.7250000000000003,0.7250000000000003,15.741656370451569,1.8700795907357195,0,29,172.34108324166675,4997.891414008336,0.025,50,1.25,RA-MPC (ours),142,300,42,7.7,5.1
True,REACHED,1.0250000000000004,1.0250000000000004,24.44765279264922,2.4081851365781584e-06,0,41,160.19312907351045,6567.918292013928,0.025,50,1.25,RA-MPC (ours),143,300,42,7.7,5.1
True,REACHED,0.4000000000000001,0.4000000000000001,9.49046696289142,1.2947264729779853,0,16,157.38990624959115,2518.2384999934584,0.025,50,1.25,RA-MPC (ours),144,300,42,7.7,5.1
True,REACHED,0.2499999999999999,0.2499999999999999,7.050892239632693,9.45880605690708,0,10,143.1597501024953,1431.597501024953,0.025,50,1.25,RA-MPC (ours),145,300,42,7.7,5.1
True,REACHED,1.15,1.15,31.06319246567201,1.3714284492275815e-06,0,46,175.8605126518017,8089.583581982879,0.025,50,1.25,RA-MPC (ours),146,300,42,7.7,5.1
True,REACHED,0.9500000000000004,0.9500000000000004,20.343813259541495,2.6810729546994895e-06,0,38,169.33872476319698,6434.871541001485,0.025,50,1.25,RA-MPC (ours),147,300,42,7.7,5.1
True,REACHED,0.6500000000000002,0.6500000000000002,24.52070999521374,9.040578582588326,0,26,142.12285103936804,3695.1941270235698,0.025,50,1.25,RA-MPC (ours),148,300,42,7.7,5.1
True,REACHED,1.0000000000000004,1.0000000000000004,20.704392671325422,3.597319822122832e-06,0,40,166.46799889858812,6658.719955943525,0.025,50,1.25,RA-MPC (ours),149,300,42,7.7,5.1
True,REACHED,1.2249999999999996,1.2249999999999996,30.228106285382808,3.5142379803859686e-06,0,49,198.82255102055177,9742.305000007036,0.025,50,1.25,RA-MPC (ours),150,300,42,7.7,5.1
True,REACHED,1.0250000000000004,1.0250000000000004,45.05430710061022,3.849188303461906e-06,0,41,175.44881602402822,7193.401456985157,0.025,50,1.25,RA-MPC (ours),151,300,42,7.7,5.1
True,REACHED,1.424999999999999,1.424999999999999,48.06249018866868,1.992580487439341e-06,0,57,220.68670901685357,12579.142413960652,0.025,50,1.25,RA-MPC (ours),152,300,42,7.7,5.1
True,REACHED,1.2999999999999994,1.2999999999999994,38.8604795821406,2.186173348601707e-06,0,52,187.75281965393404,9763.14662200457,0.025,50,1.25,RA-MPC (ours),153,300,42,7.7,5.1
True,REACHED,1.2749999999999997,1.2749999999999997,36.12231659764221,9.647828129698783e-07,0,51,180.12630149057847,9186.441376019502,0.025,50,1.25,RA-MPC (ours),154,300,42,7.7,5.1
True,REACHED,0.8000000000000004,0.8000000000000004,25.391997929863063,1.7624230890364163e-05,0,32,184.0982134699516,5891.142831038451,0.025,50,1.25,RA-MPC (ours),155,300,42,7.7,5.1
True,REACHED,1.2249999999999996,1.2249999999999996,36.4267323771166,7.574972299285182e-07,0,49,211.684680288142,10372.549334118958,0.025,50,1.25,RA-MPC (ours),156,300,42,7.7,5.1
True,REACHED,0.8250000000000004,0.8250000000000004,19.427580789905928,2.3783118838048195e-06,0,33,179.12235109101994,5911.037586003658,0.025,50,1.25,RA-MPC (ours),157,300,42,7.7,5.1
True,REACHED,1.4749999999999988,1.4749999999999988,41.54572397525309,7.516656751655621e-07,0,59,184.5375960337598,10887.718165991828,0.025,50,1.25,RA-MPC (ours),158,300,42,7.7,5.1
True,REACHED,1.4499999999999988,1.4499999999999988,61.88316469174832,2.5570355709078697e-06,0,58,200.19671910393237,11611.409708028075,0.025,50,1.25,RA-MPC (ours),159,300,42,7.7,5.1
True,REACHED,0.7750000000000004,0.7750000000000004,14.31561761230512,0.8464710994339426,0,31,168.3981598710694,5220.342956003151,0.025,50,1.25,RA-MPC (ours),160,300,42,7.7,5.1
True,REACHED,0.5250000000000001,0.5250000000000001,11.582558649898733,9.364236292135784,0,21,175.42452166699582,3683.914955006912,0.025,50,1.25,RA-MPC (ours),161,300,42,7.7,5.1
True,REACHED,0.6250000000000002,0.6250000000000002,21.94507190381627,3.352012736502776,0,25,166.29076003911905,4157.269000977976,0.025,50,1.25,RA-MPC (ours),162,300,42,7.7,5.1
True,REACHED,0.5000000000000001,0.5000000000000001,16.014650946562046,6.2393256017777325,0,20,146.79352499879317,2935.870499975863,0.025,50,1.25,RA-MPC (ours),163,300,42,7.7,5.1
True,REACHED,0.7000000000000003,0.7000000000000003,17.586754434716074,3.468349684523115e-05,0,28,160.07083928551376,4481.983499994385,0.025,50,1.25,RA-MPC (ours),164,300,42,7.7,5.1
True,REACHED,0.5750000000000002,0.5750000000000002,11.777085558839604,5.286542796828508,0,23,171.96125178357445,3955.108791022212,0.025,50,1.25,RA-MPC (ours),165,300,42,7.7,5.1
True,REACHED,1.2249999999999996,1.2249999999999996,48.38085896866232,1.9332263578773167e-06,0,49,199.8488775514451,9792.59500002081,0.025,50,1.25,RA-MPC (ours),166,300,42,7.7,5.1
True,REACHED,1.2999999999999994,1.2999999999999994,55.52969984759177,3.0815098866283927e-06,0,52,185.867935078232,9665.132624068065,0.025,50,1.25,RA-MPC (ours),167,300,42,7.7,5.1
True,REACHED,0.6750000000000003,0.6750000000000003,18.280505202858148,6.797832510209637,0,27,218.49522229631137,5899.371002000407,0.025,50,1.25,RA-MPC (ours),168,300,42,7.7,5.1
True,REACHED,1.424999999999999,1.424999999999999,58.32220932537872,1.513883737659648e-06,0,57,194.4446096484235,11083.342749960138,0.025,50,1.25,RA-MPC (ours),169,300,42,7.7,5.1
True,REACHED,0.7750000000000004,0.7750000000000004,14.53054324850926,1.6072640666384692e-06,0,31,179.61063180794758,5567.929586046375,0.025,50,1.25,RA-MPC (ours),170,300,42,7.7,5.1
True,REACHED,1.1749999999999998,1.1749999999999998,32.00115179217713,2.2392584153897304e-06,0,47,183.27996097913783,8614.158166019479,0.025,50,1.25,RA-MPC (ours),171,300,42,7.7,5.1
False,INFEASIBLE_STEP1,,0.0,0.0,0.7076548625108998,1,0,1126.2040419969708,1126.2040419969708,0.025,50,1.25,RA-MPC (ours),172,300,42,7.7,5.1
True,REACHED,0.6000000000000002,0.6000000000000002,20.310968208491435,0.0302673815103772,0,24,186.79684549776235,4483.124291946297,0.025,50,1.25,RA-MPC (ours),173,300,42,7.7,5.1
True,REACHED,1.2249999999999996,1.2249999999999996,50.20247549504604,2.7762348782232274e-06,0,49,201.012242285176,9849.599871973624,0.025,50,1.25,RA-MPC (ours),174,300,42,7.7,5.1
True,REACHED,0.8500000000000004,0.8500000000000004,18.48172713946772,3.235527022251552e-06,0,34,167.79175111621632,5704.919537951355,0.025,50,1.25,RA-MPC (ours),175,300,42,7.7,5.1
True,REACHED,1.3749999999999991,1.3749999999999991,49.3384131859301,1.4819914146719264e-06,0,55,187.440720544493,10309.239629947117,0.025,50,1.25,RA-MPC (ours),176,300,42,7.7,5.1
True,REACHED,1.3499999999999992,1.3499999999999992,48.13260346937741,1.3443111437513772e-06,0,54,173.65032631588056,9377.11762105755,0.025,50,1.25,RA-MPC (ours),177,300,42,7.7,5.1
True,REACHED,0.5500000000000002,0.5500000000000002,16.071946445762958,4.52790917006561,0,22,135.49729559070494,2980.9405029955087,0.025,50,1.25,RA-MPC (ours),178,300,42,7.7,5.1
True,REACHED,1.3249999999999993,1.3249999999999993,57.85499883032141,3.292324657721327e-06,0,53,153.47336326425958,8134.088253005757,0.025,50,1.25,RA-MPC (ours),179,300,42,7.7,5.1
True,REACHED,1.0500000000000005,1.0500000000000005,42.67964438170212,3.1718713473008026e-06,0,42,146.02959819084,6133.24312401528,0.025,50,1.25,RA-MPC (ours),180,300,42,7.7,5.1
True,REACHED,0.9500000000000004,0.9500000000000004,20.070043211230335,8.01066946581158e-07,0,38,164.68241123641891,6257.931626983918,0.025,50,1.25,RA-MPC (ours),181,300,42,7.7,5.1
True,REACHED,0.8500000000000004,0.8500000000000004,35.44035140160184,2.7508634466484193e-06,0,34,158.9467279999928,5404.1887519997545,0.025,50,1.25,RA-MPC (ours),182,300,42,7.7,5.1
True,REACHED,0.7500000000000003,0.7500000000000003,14.546665658114252,2.4230464728038626e-06,0,30,155.5044168669459,4665.132506008376,0.025,50,1.25,RA-MPC (ours),183,300,42,7.7,5.1
True,REACHED,1.424999999999999,1.424999999999999,45.3880248210196,3.4843002107029496e-06,0,57,160.18363898349395,9130.467422059157,0.025,50,1.25,RA-MPC (ours),184,300,42,7.7,5.1
True,REACHED,1.0250000000000004,1.0250000000000004,23.16296659478308,3.1187633166947923e-06,0,41,146.4772745104444,6005.568254928221,0.025,50,1.25,RA-MPC (ours),185,300,42,7.7,5.1
True,REACHED,0.9750000000000004,0.9750000000000004,19.15142868732144,4.780411622032638e-06,0,39,136.38012289839725,5318.824793037493,0.025,50,1.25,RA-MPC (ours),186,300,42,7.7,5.1
True,REACHED,0.6000000000000002,0.6000000000000002,10.431819925886012,9.326677417531648,0,24,125.94930199945036,3022.7832479868084,0.025,50,1.25,RA-MPC (ours),187,300,42,7.7,5.1
True,REACHED,0.2749999999999999,0.2749999999999999,6.687783247784117,4.9330738630384845,0,11,120.89372727099212,1329.8309999809137,0.025,50,1.25,RA-MPC (ours),188,300,42,7.7,5.1
True,REACHED,0.7250000000000003,0.7250000000000003,12.788786145196188,9.14332242330123,0,29,134.8398319312074,3910.3551260050153,0.025,50,1.25,RA-MPC (ours),189,300,42,7.7,5.1
True,REACHED,1.2249999999999996,1.2249999999999996,30.585780225120907,2.8565701330204587e-06,0,49,179.0534259780543,8773.61787292466,0.025,50,1.25,RA-MPC (ours),190,300,42,7.7,5.1
True,REACHED,0.35,0.35,11.421764374913987,5.126234513021096,0,14,143.05541057027378,2002.7757479838328,0.025,50,1.25,RA-MPC (ours),191,300,42,7.7,5.1
True,REACHED,0.4000000000000001,0.4000000000000001,9.680262367229853,9.709399899629618,0,16,128.8248230011959,2061.1971680191346,0.025,50,1.25,RA-MPC (ours),192,300,42,7.7,5.1
True,REACHED,1.1,1.1,28.637799828827323,3.3355259342405653e-06,0,44,169.879004705184,7474.676207028096,0.025,50,1.25,RA-MPC (ours),193,300,42,7.7,5.1
True,REACHED,1.3249999999999993,1.3249999999999993,35.815258344442384,3.1328086071086183e-06,0,53,185.64206837782996,9839.029624024988,0.025,50,1.25,RA-MPC (ours),194,300,42,7.7,5.1
True,REACHED,1.3249999999999993,1.3249999999999993,37.26038266672976,7.908862911618497e-07,0,53,190.4969457737368,10096.33812600805,0.025,50,1.25,RA-MPC (ours),195,300,42,7.7,5.1
True,REACHED,1.125,1.125,30.457020968450426,2.2475494777765186e-06,0,45,183.20241291043607,8244.108580969623,0.025,50,1.25,RA-MPC (ours),196,300,42,7.7,5.1
True,REACHED,0.8750000000000004,0.8750000000000004,26.81240327010725,1.6312663036320698e-05,0,35,166.29760602663737,5820.416210932308,0.025,50,1.25,RA-MPC (ours),197,300,42,7.7,5.1
True,REACHED,0.2499999999999999,0.2499999999999999,6.083586791140755,4.984097274687207,0,10,101.85197899700142,1018.5197899700142,0.025,50,1.25,RA-MPC (ours),198,300,42,7.7,5.1
False,INFEASIBLE_MID,,0.4750000000000001,12.56080224577128,-7.479240743245609e-08,1,19,219.7945043531945,4395.89008706389,0.025,50,1.25,RA-MPC (ours),199,300,42,7.7,5.1
False,INFEASIBLE_STEP1,,0.0,0.0,6.893446252044973,1,0,738.3042500005104,738.3042500005104,0.025,50,1.25,RA-MPC (ours),200,300,42,7.7,5.1
True,REACHED,0.9250000000000004,0.9250000000000004,37.401672649880574,2.9548333022118696e-06,0,37,198.06842113502097,7328.531581995776,0.025,50,1.25,RA-MPC (ours),201,300,42,7.7,5.1
True,REACHED,0.325,0.325,8.196506855917717,3.51586007330208,0,13,209.23082384643536,2720.00071000366,0.025,50,1.25,RA-MPC (ours),202,300,42,7.7,5.1
True,REACHED,0.5000000000000001,0.5000000000000001,15.219768557611708,6.4319261578892135,0,20,291.3205437507713,5826.410875015426,0.025,50,1.25,RA-MPC (ours),203,300,42,7.7,5.1
True,REACHED,0.175,0.175,5.978278935187489,4.904673199184427,0,7,158.77895842589038,1111.4527089812327,0.025,50,1.25,RA-MPC (ours),204,300,42,7.7,5.1
True,REACHED,1.15,1.15,30.592198553568664,2.2636177838475586e-06,0,46,196.0689747600396,9019.172838961822,0.025,50,1.25,RA-MPC (ours),205,300,42,7.7,5.1
True,REACHED,0.8250000000000004,0.8250000000000004,14.774052116253188,2.808853002637341e-06,0,33,186.56356451427916,6156.5976289712125,0.025,50,1.25,RA-MPC (ours),206,300,42,7.7,5.1
True,REACHED,0.9000000000000005,0.9000000000000005,22.483566095695828,0.0002458822798777,0,36,187.55161110918075,6751.8579999305075,0.025,50,1.25,RA-MPC (ours),207,300,42,7.7,5.1
True,REACHED,1.5499999999999985,1.5499999999999985,64.64808110896706,1.2645687059863028e-06,0,62,202.26692070977035,12540.54908400576,0.025,50,1.25,RA-MPC (ours),208,300,42,7.7,5.1
True,REACHED,0.6000000000000002,0.6000000000000002,14.821761958304128,3.6555108612485823,0,24,171.2916491269425,4110.99957904662,0.025,50,1.25,RA-MPC (ours),209,300,42,7.7,5.1
True,REACHED,1.424999999999999,1.424999999999999,60.0225425725747,3.2070774659026195e-06,0,57,197.48729747324865,11256.775955975172,0.025,50,1.25,RA-MPC (ours),210,300,42,7.7,5.1
True,REACHED,1.2999999999999994,1.2999999999999994,44.96135056874369,1.094014927328938e-06,0,52,192.23711692393408,9996.330080044572,0.025,50,1.25,RA-MPC (ours),211,300,42,7.7,5.1
True,REACHED,1.3499999999999992,1.3499999999999992,43.589543531139526,1.5655548153832085e-06,0,54,189.69263420283957,10243.402246953336,0.025,50,1.25,RA-MPC (ours),212,300,42,7.7,5.1
True,REACHED,1.3499999999999992,1.3499999999999992,47.853018174043875,7.477920438317073e-07,0,54,184.39044905379112,9957.08424890472,0.025,50,1.25,RA-MPC (ours),213,300,42,7.7,5.1
True,REACHED,0.7500000000000003,0.7500000000000003,14.616054653770869,8.95058555501737,0,30,188.9454486013468,5668.363458040403,0.025,50,1.25,RA-MPC (ours),214,300,42,7.7,5.1
True,REACHED,1.399999999999999,1.399999999999999,40.41347840053392,2.8166671442939178e-06,0,56,161.09674780428966,9021.41787704022,0.025,50,1.25,RA-MPC (ours),215,300,42,7.7,5.1
True,REACHED,1.15,1.15,34.06686499890639,2.246894924608155e-06,0,46,171.7362355009992,7899.866833045962,0.025,50,1.25,RA-MPC (ours),216,300,42,7.7,5.1
True,REACHED,0.9750000000000004,0.9750000000000004,22.94612684843401,2.466118575234017e-06,0,39,140.6795394887479,5486.502040061168,0.025,50,1.25,RA-MPC (ours),217,300,42,7.7,5.1
True,REACHED,1.3749999999999991,1.3749999999999991,40.61342083219431,8.734450600030928e-07,0,55,151.07231367173054,8308.97725194518,0.025,50,1.25,RA-MPC (ours),218,300,42,7.7,5.1
True,REACHED,1.3749999999999991,1.3749999999999991,59.13497381794971,9.68510938096832e-07,0,55,159.16915230786387,8754.303376932512,0.025,50,1.25,RA-MPC (ours),219,300,42,7.7,5.1
False,INFEASIBLE_STEP1,,0.0,0.0,5.032182301587035,1,0,719.0654589940095,719.0654589940095,0.025,50,1.25,RA-MPC (ours),220,300,42,7.7,5.1
True,REACHED,0.6250000000000002,0.6250000000000002,14.35126808356416,6.875234624725901,0,25,123.97677332046442,3099.4193330116104,0.025,50,1.25,RA-MPC (ours),221,300,42,7.7,5.1
True,REACHED,1.5999999999999983,1.5999999999999983,71.4290959954758,6.81232322475832e-07,0,64,150.4668508900977,9629.878456966251,0.025,50,1.25,RA-MPC (ours),222,300,42,7.7,5.1
True,REACHED,0.7250000000000003,0.7250000000000003,18.942750011614212,0.0805433364109084,0,29,133.52038772377298,3872.091243989416,0.025,50,1.25,RA-MPC (ours),223,300,42,7.7,5.1
True,REACHED,1.399999999999999,1.399999999999999,60.56617994032077,1.2824092130693458e-06,0,56,159.3184925895912,8921.835585017106,0.025,50,1.25,RA-MPC (ours),224,300,42,7.7,5.1
True,REACHED,1.3499999999999992,1.3499999999999992,53.51650427561479,8.333910716110943e-07,0,54,162.63032863072888,8782.037746059359,0.025,50,1.25,RA-MPC (ours),225,300,42,7.7,5.1
True,REACHED,0.5750000000000002,0.5750000000000002,18.429477353668737,4.252808417675023e-06,0,23,157.44538039080393,3621.2437489884906,0.025,50,1.25,RA-MPC (ours),226,300,42,7.7,5.1
True,REACHED,1.2999999999999994,1.2999999999999994,33.5319010079176,1.808598399364559e-06,0,52,167.26267067413295,8697.658875054913,0.025,50,1.25,RA-MPC (ours),227,300,42,7.7,5.1
False,INFEASIBLE_STEP1,,0.0,0.0,1.303860872397864,1,0,455.2540000004228,455.2540000004228,0.025,50,1.25,RA-MPC (ours),228,300,42,7.7,5.1
True,REACHED,0.8500000000000004,0.8500000000000004,17.00252540401076,7.117260659113151,0,34,148.41656870403847,5046.163335937308,0.025,50,1.25,RA-MPC (ours),229,300,42,7.7,5.1
True,REACHED,1.1999999999999995,1.1999999999999995,31.140117413374604,2.5587703677892286e-06,0,48,152.99578474908537,7343.797667956096,0.025,50,1.25,RA-MPC (ours),230,300,42,7.7,5.1
True,REACHED,0.9250000000000004,0.9250000000000004,25.719272031578548,3.0339864171786497e-06,0,37,157.64879853924032,5833.005545951892,0.025,50,1.25,RA-MPC (ours),231,300,42,7.7,5.1
True,REACHED,1.3749999999999991,1.3749999999999991,54.94373815363578,7.650579665491816e-07,0,55,173.30112727385395,9531.562000061967,0.025,50,1.25,RA-MPC (ours),232,300,42,7.7,5.1
True,REACHED,1.2999999999999994,1.2999999999999994,57.24961665947137,3.0221175837723973e-06,0,52,179.72793515470514,9345.852628044668,0.025,50,1.25,RA-MPC (ours),233,300,42,7.7,5.1
True,REACHED,0.7500000000000003,0.7500000000000003,13.696588798686218,6.6932338191403336,0,30,135.2131665669731,4056.3949970091926,0.025,50,1.25,RA-MPC (ours),234,300,42,7.7,5.1
True,REACHED,1.5999999999999983,1.5999999999999983,67.78177034295375,4.950705788628169e-07,0,64,204.03763086028448,13058.408375058209,0.025,50,1.25,RA-MPC (ours),235,300,42,7.7,5.1
True,REACHED,1.5249999999999986,1.5249999999999986,47.02367438627543,4.78879507882514e-06,0,61,218.94461270440829,13355.621374968903,0.025,50,1.25,RA-MPC (ours),236,300,42,7.7,5.1
True,REACHED,1.399999999999999,1.399999999999999,36.83187963163705,1.781987300056307e-06,0,56,210.59851860783445,11793.51704203873,0.025,50,1.25,RA-MPC (ours),237,300,42,7.7,5.1
True,REACHED,1.3499999999999992,1.3499999999999992,55.49502758440585,2.5010282441549933e-06,0,54,209.02144525893232,11287.158043982345,0.025,50,1.25,RA-MPC (ours),238,300,42,7.7,5.1
True,REACHED,0.9750000000000004,0.9750000000000004,27.484080888971818,3.1448368117552313e-06,0,39,181.70348602684385,7086.435955046909,0.025,50,1.25,RA-MPC (ours),239,300,42,7.7,5.1
True,REACHED,1.0000000000000004,1.0000000000000004,31.87820786623599,2.0183981033889275e-06,0,40,179.16620420000982,7166.648168000393,0.025,50,1.25,RA-MPC (ours),240,300,42,7.7,5.1
True,REACHED,0.4500000000000001,0.4500000000000001,7.368856406936178,4.7864746459174095,0,18,168.76906016679845,3037.8430830023717,0.025,50,1.25,RA-MPC (ours),241,300,42,7.7,5.1
True,REACHED,1.125,1.125,25.423661024846613,4.266968367864761e-06,0,45,219.7227833126413,9887.525249068858,0.025,50,1.25,RA-MPC (ours),242,300,42,7.7,5.1
True,REACHED,0.9250000000000004,0.9250000000000004,24.099961736495867,1.842731942159204e-06,0,37,200.9959437029367,7436.849917008658,0.025,50,1.25,RA-MPC (ours),243,300,42,7.7,5.1
True,REACHED,1.0500000000000005,1.0500000000000005,25.99828765105628,1.994815824399281e-06,0,42,200.5010079058896,8421.042332047364,0.025,50,1.25,RA-MPC (ours),244,300,42,7.7,5.1
True,REACHED,1.2249999999999996,1.2249999999999996,47.76710342363276,3.2923132564700453e-06,0,49,227.32917350842808,11139.129501912976,0.025,50,1.25,RA-MPC (ours),245,300,42,7.7,5.1
True,REACHED,0.2249999999999999,0.2249999999999999,5.119094714380468,1.3333907042302653,0,9,167.39168511089196,1506.5251659980277,0.025,50,1.25,RA-MPC (ours),246,300,42,7.7,5.1
True,REACHED,1.399999999999999,1.399999999999999,41.2306532037283,2.2462936609203384e-06,0,56,188.36740937539227,10548.574925021969,0.025,50,1.25,RA-MPC (ours),247,300,42,7.7,5.1
True,REACHED,1.125,1.125,27.353431774070465,1.0925660241871112e-06,0,45,159.75341206681657,7188.903543006745,0.025,50,1.25,RA-MPC (ours),248,300,42,7.7,5.1
True,REACHED,0.4500000000000001,0.4500000000000001,6.85731522173944,1.74723780615004,0,18,159.2174120006449,2865.913416011608,0.025,50,1.25,RA-MPC (ours),249,300,42,7.7,5.1
True,REACHED,0.5000000000000001,0.5000000000000001,9.107839822957448,3.0810130852280913,0,20,213.4857854012807,4269.715708025615,0.025,50,1.25,RA-MPC (ours),250,300,42,7.7,5.1
True,REACHED,0.8750000000000004,0.8750000000000004,17.702962418765345,3.6285916007104577e-06,0,35,152.2406224593786,5328.421786078252,0.025,50,1.25,RA-MPC (ours),251,300,42,7.7,5.1
True,REACHED,1.3499999999999992,1.3499999999999992,56.68750318395041,1.2830348203582023e-06,0,54,181.5929082030952,9806.017042967142,0.025,50,1.25,RA-MPC (ours),252,300,42,7.7,5.1
True,REACHED,1.2249999999999996,1.2249999999999996,34.54550484443574,2.8152237110700288e-06,0,49,163.83485634821915,8027.907961062738,0.025,50,1.25,RA-MPC (ours),253,300,42,7.7,5.1
True,REACHED,0.9250000000000004,0.9250000000000004,21.83360138814739,3.341204449055948e-06,0,37,162.6913784601965,6019.58100302727,0.025,50,1.25,RA-MPC (ours),254,300,42,7.7,5.1
True,REACHED,1.1749999999999998,1.1749999999999998,39.33045711808795,1.7101099349842777e-06,0,47,185.7735558921977,8731.35712693329,0.025,50,1.25,RA-MPC (ours),255,300,42,7.7,5.1
True,REACHED,1.424999999999999,1.424999999999999,46.06563933224648,7.10925627760701e-07,0,57,196.44210247420952,11197.199841029942,0.025,50,1.25,RA-MPC (ours),256,300,42,7.7,5.1
True,REACHED,1.3499999999999992,1.3499999999999992,40.33498700079234,7.167365268900472e-07,0,54,185.4550600546645,10014.573242951885,0.025,50,1.25,RA-MPC (ours),257,300,42,7.7,5.1
True,REACHED,1.1749999999999998,1.1749999999999998,28.623240447256396,2.197938100923585e-06,0,47,193.93305229908597,9114.85345805704,0.025,50,1.25,RA-MPC (ours),258,300,42,7.7,5.1
True,REACHED,0.8000000000000004,0.8000000000000004,18.370117396982835,0.0001167420245272,0,32,204.4720690305439,6543.106208977406,0.025,50,1.25,RA-MPC (ours),259,300,42,7.7,5.1
True,REACHED,0.2749999999999999,0.2749999999999999,5.3223046978378274,8.909017223330578,0,11,195.75051899962335,2153.2557089958573,0.025,50,1.25,RA-MPC (ours),260,300,42,7.7,5.1
True,REACHED,0.5750000000000002,0.5750000000000002,10.293501922713247,0.1892739519946975,0,23,196.112166651722,4510.579832989606,0.025,50,1.25,RA-MPC (ours),261,300,42,7.7,5.1
True,REACHED,0.2249999999999999,0.2249999999999999,2.111514189487796,2.3922237773802837,0,9,157.43046755475612,1416.8742079928052,0.025,50,1.25,RA-MPC (ours),262,300,42,7.7,5.1
True,REACHED,1.2749999999999997,1.2749999999999997,30.749541707908577,3.40536245835226e-06,0,51,209.11965107827163,10665.102204991854,0.025,50,1.25,RA-MPC (ours),263,300,42,7.7,5.1
True,REACHED,0.6750000000000003,0.6750000000000003,17.27768853524331,6.276109297248201,0,27,213.444402742122,5762.998874037294,0.025,50,1.25,RA-MPC (ours),264,300,42,7.7,5.1
True,REACHED,0.8250000000000004,0.8250000000000004,16.50801437478634,2.4468067746456448e-06,0,33,195.4440126653274,6449.652417955804,0.025,50,1.25,RA-MPC (ours),265,300,42,7.7,5.1
True,REACHED,1.3749999999999991,1.3749999999999991,38.0081022798602,9.527069517012872e-07,0,55,206.48602954540613,11356.731624997336,0.025,50,1.25,RA-MPC (ours),266,300,42,7.7,5.1
True,REACHED,0.7250000000000003,0.7250000000000003,18.21619454524744,7.212568780760011,0,29,188.51340820677655,5466.888837996521,0.025,50,1.25,RA-MPC (ours),267,300,42,7.7,5.1
True,REACHED,0.8000000000000004,0.8000000000000004,15.296424761775222,4.3759393565356985,0,32,197.03573312381195,6305.143459961982,0.025,50,1.25,RA-MPC (ours),268,300,42,7.7,5.1
True,REACHED,0.6000000000000002,0.6000000000000002,19.108933728547385,1.3437184949465882e-06,0,24,203.0983541687116,4874.360500049079,0.025,50,1.25,RA-MPC (ours),269,300,42,7.7,5.1
False,INFEASIBLE_STEP1,,0.0,0.0,0.7572005055600882,1,0,446.53954199748114,446.53954199748114,0.025,50,1.25,RA-MPC (ours),270,300,42,7.7,5.1
True,REACHED,0.8500000000000004,0.8500000000000004,15.132202852256707,4.767711061536944,0,34,189.80486770648417,6453.365502020461,0.025,50,1.25,RA-MPC (ours),271,300,42,7.7,5.1
True,REACHED,0.6750000000000003,0.6750000000000003,10.019331528708154,3.529428569218811,0,27,179.08324999896448,4835.247749972041,0.025,50,1.25,RA-MPC (ours),272,300,42,7.7,5.1
True,REACHED,0.35,0.35,9.124382256758745,9.213255676283325,0,14,201.55631542521795,2821.7884159530513,0.025,50,1.25,RA-MPC (ours),273,300,42,7.7,5.1
True,REACHED,1.3499999999999992,1.3499999999999992,51.85374378063187,9.873517949729595e-07,0,54,214.24481092550127,11569.219789977067,0.025,50,1.25,RA-MPC (ours),274,300,42,7.7,5.1
True,REACHED,1.424999999999999,1.424999999999999,65.86808849678287,1.934862035973667e-06,0,57,200.9683801757331,11455.197670016789,0.025,50,1.25,RA-MPC (ours),275,300,42,7.7,5.1
True,REACHED,0.7250000000000003,0.7250000000000003,15.787524371328526,0.0120729276437481,0,29,199.24530313713555,5778.113790976931,0.025,50,1.25,RA-MPC (ours),276,300,42,7.7,5.1
True,REACHED,0.8750000000000004,0.8750000000000004,18.369604877690335,2.2743633374168775e-06,0,35,200.45066085752163,7015.773130013258,0.025,50,1.25,RA-MPC (ours),277,300,42,7.7,5.1
True,REACHED,1.3499999999999992,1.3499999999999992,60.60273488152347,1.552503239475604e-06,0,54,195.52409648167668,10558.30121001054,0.025,50,1.25,RA-MPC (ours),278,300,42,7.7,5.1
True,REACHED,0.7000000000000003,0.7000000000000003,24.816623604694477,1.9352510862938417,0,28,179.01633039374636,5012.457251024898,0.025,50,1.25,RA-MPC (ours),279,300,42,7.7,5.1
True,REACHED,0.9250000000000004,0.9250000000000004,33.493184390787995,1.5350154215281914e-07,0,37,192.78546275588295,7133.062121967669,0.025,50,1.25,RA-MPC (ours),280,300,42,7.7,5.1
False,INFEASIBLE_STEP1,,0.0,0.0,0.7443952927132589,1,0,552.7710419992218,552.7710419992218,0.025,50,1.25,RA-MPC (ours),281,300,42,7.7,5.1
True,REACHED,1.0250000000000004,1.0250000000000004,20.276434286167923,3.338240040957569e-06,0,41,192.0218150981094,7872.8944190224865,0.025,50,1.25,RA-MPC (ours),282,300,42,7.7,5.1
True,REACHED,0.6250000000000002,0.6250000000000002,9.902385437358898,8.627163707058559,0,25,194.41737331799231,4860.434332949808,0.025,50,1.25,RA-MPC (ours),283,300,42,7.7,5.1
True,REACHED,1.3249999999999993,1.3249999999999993,61.58929790621653,2.5336915234098363e-06,0,53,185.35824054725828,9823.986749004687,0.025,50,1.25,RA-MPC (ours),284,300,42,7.7,5.1
True,REACHED,1.0750000000000002,1.0750000000000002,31.77591026181781,3.4975928049487653e-06,0,43,166.6432509782892,7165.659792066435,0.025,50,1.25,RA-MPC (ours),285,300,42,7.7,5.1
True,REACHED,0.9500000000000004,0.9500000000000004,38.488535465108455,6.062701900703428e-07,0,38,167.1428125528588,6351.426877008635,0.025,50,1.25,RA-MPC (ours),286,300,42,7.7,5.1
True,REACHED,0.6750000000000003,0.6750000000000003,19.135168351988973,4.4318563428626545,0,27,156.02523140842095,4212.681248027366,0.025,50,1.25,RA-MPC (ours),287,300,42,7.7,5.1
True,REACHED,1.5499999999999985,1.5499999999999985,48.43718678190499,1.282379345555332e-06,0,62,188.35612893575848,11678.079994017024,0.025,50,1.25,RA-MPC (ours),288,300,42,7.7,5.1
True,REACHED,1.2749999999999997,1.2749999999999997,39.186235773849205,3.944814237597598e-06,0,51,149.86070090255416,7642.895746030263,0.025,50,1.25,RA-MPC (ours),289,300,42,7.7,5.1
True,REACHED,0.6500000000000002,0.6500000000000002,15.970699260706168,1.9779394617106645,0,26,139.9220080745111,3637.972209937288,0.025,50,1.25,RA-MPC (ours),290,300,42,7.7,5.1
True,REACHED,0.7250000000000003,0.7250000000000003,25.911649599116338,1.218155957918408e-05,0,29,133.881188068009,3882.5544539722614,0.025,50,1.25,RA-MPC (ours),291,300,42,7.7,5.1
True,REACHED,0.6000000000000002,0.6000000000000002,17.497135221146056,4.090722802718367e-06,0,24,133.56765616542057,3205.623747970094,0.025,50,1.25,RA-MPC (ours),292,300,42,7.7,5.1
True,REACHED,1.5249999999999986,1.5249999999999986,46.17512776735087,4.355243120109248e-06,0,61,147.75258537785524,9012.90770804917,0.025,50,1.25,RA-MPC (ours),293,300,42,7.7,5.1
True,REACHED,0.5750000000000002,0.5750000000000002,12.99331848142353,8.108000011593695,0,23,149.4912136524521,3438.297914006398,0.025,50,1.25,RA-MPC (ours),294,300,42,7.7,5.1
True,REACHED,1.3749999999999991,1.3749999999999991,55.06455606718007,1.4474643733549849e-06,0,55,142.48064774570096,7836.435626013554,0.025,50,1.25,RA-MPC (ours),295,300,42,7.7,5.1
True,REACHED,0.6750000000000003,0.6750000000000003,22.789528146237316,3.016176130775623,0,27,143.41542285088778,3872.21641697397,0.025,50,1.25,RA-MPC (ours),296,300,42,7.7,5.1
True,REACHED,1.2749999999999997,1.2749999999999997,38.26355707225307,2.53043408462686e-06,0,51,140.9318512151538,7187.524411972845,0.025,50,1.25,RA-MPC (ours),297,300,42,7.7,5.1
True,REACHED,1.3499999999999992,1.3499999999999992,55.15544665539582,1.2608558043809773e-06,0,54,123.79368127774258,6684.858788998099,0.025,50,1.25,RA-MPC (ours),298,300,42,7.7,5.1
True,REACHED,1.0250000000000004,1.0250000000000004,19.451173008661403,0.0018864746149684,0,41,131.79671348756884,5403.665252990322,0.025,50,1.25,RA-MPC (ours),299,300,42,7.7,5.1
False,INFEASIBLE_MID,,0.5499999999999999,16.896548238563405,-4.55556845148876e-06,1,11,242.54939225041505,2910.59270700498,0.05,25,1.25,Vanilla MPC,0,300,42,7.7,5.1
True,REACHED,1.1500000000000004,1.1500000000000004,48.05050821834384,7.0381183571464994e-06,0,23,99.26682417205048,2283.1369559571613,0.05,25,1.25,Vanilla MPC,1,300,42,7.7,5.1
True,REACHED,0.5499999999999999,0.5499999999999999,18.549614685653257,5.592582002116371,0,11,130.6968900912166,1437.6657910033828,0.05,25,1.25,Vanilla MPC,2,300,42,7.7,5.1
True,REACHED,0.3999999999999999,0.3999999999999999,11.291864662418782,5.677652953253631,0,8,127.60682275074942,1020.8545820059952,0.05,25,1.25,Vanilla MPC,3,300,42,7.7,5.1
True,REACHED,1.2500000000000004,1.2500000000000004,54.2351332831744,1.4605596421935024e-05,0,25,96.42194652056789,2410.548663014197,0.05,25,1.25,Vanilla MPC,4,300,42,7.7,5.1
True,REACHED,0.5499999999999999,0.5499999999999999,8.988556405000505,2.516172726474202,0,11,118.87220463805453,1307.5942510185996,0.05,25,1.25,Vanilla MPC,5,300,42,7.7,5.1
True,REACHED,1.3000000000000005,1.3000000000000005,52.02657086047011,8.684317472851695e-06,0,26,94.39692469123446,2454.320041972096,0.05,25,1.25,Vanilla MPC,6,300,42,7.7,5.1
True,REACHED,0.9000000000000002,0.9000000000000002,16.099801719221198,3.3197083988586997,0,18,81.87459716605696,1473.7427489890251,0.05,25,1.25,Vanilla MPC,7,300,42,7.7,5.1
True,REACHED,0.7500000000000001,0.7500000000000001,21.265473245878415,0.2761730199490204,0,15,99.0752306689198,1486.1284600337967,0.05,25,1.25,Vanilla MPC,8,300,42,7.7,5.1
True,REACHED,0.8500000000000002,0.8500000000000002,32.29083642301693,4.3382033743420285e-06,0,17,78.56440929411774,1335.5949580000015,0.05,25,1.25,Vanilla MPC,9,300,42,7.7,5.1
True,REACHED,0.8000000000000002,0.8000000000000002,21.84891012191424,0.9192740081770122,0,16,62.77193743699172,1004.3509989918676,0.05,25,1.25,Vanilla MPC,10,300,42,7.7,5.1
True,REACHED,0.3999999999999999,0.3999999999999999,11.05922889105517,2.5301063219307713,0,8,57.27708324775449,458.2166659820359,0.05,25,1.25,Vanilla MPC,11,300,42,7.7,5.1
True,REACHED,0.7500000000000001,0.7500000000000001,11.804431706603642,1.1033444966868669e-05,0,15,61.013122134803176,915.1968320220476,0.05,25,1.25,Vanilla MPC,12,300,42,7.7,5.1
True,REACHED,0.9000000000000002,0.9000000000000002,25.1512364597655,1.1702581447428771e-05,0,18,58.02304622274177,1044.4148320093518,0.05,25,1.25,Vanilla MPC,13,300,42,7.7,5.1
True,REACHED,1.1500000000000004,1.1500000000000004,28.694165416207376,2.6537737385167995e-06,0,23,61.74298008757077,1420.0885420141276,0.05,25,1.25,Vanilla MPC,14,300,42,7.7,5.1
True,REACHED,0.5499999999999999,0.5499999999999999,9.377216361703551,4.29849342422186,0,11,60.32085218017032,663.5293739818735,0.05,25,1.25,Vanilla MPC,15,300,42,7.7,5.1
True,REACHED,0.6,0.6,14.508987192508654,4.284624646818375,0,12,69.65673616772013,835.8808340126416,0.05,25,1.25,Vanilla MPC,16,300,42,7.7,5.1
True,REACHED,1.2000000000000004,1.2000000000000004,48.51361741446241,5.188937089559946e-06,0,24,74.2274808332392,1781.4595399977406,0.05,25,1.25,Vanilla MPC,17,300,42,7.7,5.1
True,REACHED,0.4999999999999999,0.4999999999999999,13.684416877184717,8.182170225351294,0,10,69.06624580005882,690.6624580005882,0.05,25,1.25,Vanilla MPC,18,300,42,7.7,5.1
False,INFEASIBLE_STEP1,,0.0,0.0,0.8743130714584793,1,0,288.9427920017624,288.9427920017624,0.05,25,1.25,Vanilla MPC,19,300,42,7.7,5.1
True,REACHED,0.6,0.6,12.581481662537168,8.69304358855276,0,12,61.517055669052446,738.2046680286294,0.05,25,1.25,Vanilla MPC,20,300,42,7.7,5.1
True,REACHED,1.2000000000000004,1.2000000000000004,51.38599008497075,6.641281775963997e-06,0,24,81.0654757078737,1945.5714169889688,0.05,25,1.25,Vanilla MPC,21,300,42,7.7,5.1
True,REACHED,0.2,0.2,5.912851720908732,9.194602141979937,0,4,64.10892699932447,256.43570799729787,0.05,25,1.25,Vanilla MPC,22,300,42,7.7,5.1
False,INFEASIBLE_STEP1,,0.0,0.0,7.2691005045984785,1,0,443.3052499953192,443.3052499953192,0.05,25,1.25,Vanilla MPC,23,300,42,7.7,5.1
True,REACHED,0.7000000000000001,0.7000000000000001,10.20113685263228,8.63596492548004e-06,0,14,58.998223067776834,825.9751229488757,0.05,25,1.25,Vanilla MPC,24,300,42,7.7,5.1
True,REACHED,1.1000000000000003,1.1000000000000003,28.052877776867497,2.547583392717201e-06,0,22,84.52544308833735,1859.5597479434216,0.05,25,1.25,Vanilla MPC,25,300,42,7.7,5.1
True,REACHED,1.1000000000000003,1.1000000000000003,25.11553072630122,2.8248120840637247e-06,0,22,66.4825720020665,1462.6165840454632,0.05,25,1.25,Vanilla MPC,26,300,42,7.7,5.1
False,INFEASIBLE_STEP1,,0.0,0.0,0.1010009878927606,1,0,192.46670800202992,192.46670800202992,0.05,25,1.25,Vanilla MPC,27,300,42,7.7,5.1
True,REACHED,1.3000000000000005,1.3000000000000005,49.93430992568306,9.14756140944519e-06,0,26,72.92963938492063,1896.1706240079368,0.05,25,1.25,Vanilla MPC,28,300,42,7.7,5.1
True,REACHED,1.0500000000000005,1.0500000000000005,24.072202080436305,4.396965501392062e-06,0,21,79.98044642902512,1679.5893750095274,0.05,25,1.25,Vanilla MPC,29,300,42,7.7,5.1
False,INFEASIBLE_MID,,0.4999999999999999,18.42605182730914,-6.178993694040928e-06,1,10,161.61464036452924,1777.7610440098215,0.05,25,1.25,Vanilla MPC,30,300,42,7.7,5.1
True,REACHED,0.4999999999999999,0.4999999999999999,14.80532542895012,10.223943650151345,0,10,69.72868339944398,697.2868339944398,0.05,25,1.25,Vanilla MPC,31,300,42,7.7,5.1
True,REACHED,0.9500000000000004,0.9500000000000004,34.47782936323699,-1.50763975188421e-06,0,19,129.78456794563067,2465.906790966983,0.05,25,1.25,Vanilla MPC,32,300,42,7.7,5.1
True,REACHED,1.0500000000000005,1.0500000000000005,23.58600255694138,0.0001683011013835,0,21,70.18436509644657,1473.871667025378,0.05,25,1.25,Vanilla MPC,33,300,42,7.7,5.1
True,REACHED,1.3500000000000003,1.3500000000000003,48.53118912253803,9.428481702269228e-07,0,27,83.6322668883777,2258.071205986198,0.05,25,1.25,Vanilla MPC,34,300,42,7.7,5.1
True,REACHED,0.7500000000000001,0.7500000000000001,13.490909466496143,2.9604973802274066,0,15,57.821513932625145,867.3227089893771,0.05,25,1.25,Vanilla MPC,35,300,42,7.7,5.1
True,REACHED,1.1000000000000003,1.1000000000000003,28.37917025010307,8.215440696217025e-06,0,22,69.93246031726648,1538.5141269798623,0.05,25,1.25,Vanilla MPC,36,300,42,7.7,5.1
False,INFEASIBLE_MID,,0.6,19.77237874656396,-4.551259175334113e-06,1,12,155.76480784735534,2024.9425020156195,0.05,25,1.25,Vanilla MPC,37,300,42,7.7,5.1
True,REACHED,1.1500000000000004,1.1500000000000004,28.75333545324812,5.577324542106175e-06,0,23,69.08468478333974,1588.947750016814,0.05,25,1.25,Vanilla MPC,38,300,42,7.7,5.1
True,REACHED,0.25,0.25,7.377842281728511,5.803921358669505,0,5,71.45990019780584,357.2995009890292,0.05,25,1.25,Vanilla MPC,39,300,42,7.7,5.1
True,REACHED,1.2500000000000004,1.2500000000000004,36.46854342108502,2.5200226029059255e-06,0,25,62.38158324093092,1559.539581023273,0.05,25,1.25,Vanilla MPC,40,300,42,7.7,5.1
True,REACHED,1.0000000000000002,1.0000000000000002,25.68677210733413,5.408945357981801e-06,0,20,64.472327149997,1289.44654299994,0.05,25,1.25,Vanilla MPC,41,300,42,7.7,5.1
True,REACHED,0.65,0.65,11.442626811941867,4.464940929015389,0,13,54.43100630789279,707.6030820026062,0.05,25,1.25,Vanilla MPC,42,300,42,7.7,5.1
True,REACHED,0.8000000000000002,0.8000000000000002,17.028261743327572,4.035896880131528e-05,0,16,55.47222656241502,887.5556249986403,0.05,25,1.25,Vanilla MPC,43,300,42,7.7,5.1
True,REACHED,0.8000000000000002,0.8000000000000002,15.616637976944531,2.673384005496052,0,16,60.9272940628216,974.8367050051456,0.05,25,1.25,Vanilla MPC,44,300,42,7.7,5.1
True,REACHED,0.4999999999999999,0.4999999999999999,17.104184793951458,4.572840183692817,0,10,57.70145830028923,577.0145830028923,0.05,25,1.25,Vanilla MPC,45,300,42,7.7,5.1
True,REACHED,0.15,0.15,4.525923731515474,6.397055711888718,0,3,49.52543066853347,148.5762920056004,0.05,25,1.25,Vanilla MPC,46,300,42,7.7,5.1
True,REACHED,1.0500000000000005,1.0500000000000005,26.227378483029575,5.114795552865634e-06,0,21,75.9267619051527,1594.4620000082068,0.05,25,1.25,Vanilla MPC,47,300,42,7.7,5.1
True,REACHED,0.7000000000000001,0.7000000000000001,21.382224770855807,7.763975047036755e-05,0,14,58.41564878833846,817.8190830367384,0.05,25,1.25,Vanilla MPC,48,300,42,7.7,5.1
True,REACHED,1.1000000000000003,1.1000000000000003,46.35006702509735,6.226538977487066e-06,0,22,79.29268745647278,1744.439124042401,0.05,25,1.25,Vanilla MPC,49,300,42,7.7,5.1
True,REACHED,0.65,0.65,11.179242120431674,9.592660152333377,0,13,64.72993600003134,841.4891680004075,0.05,25,1.25,Vanilla MPC,50,300,42,7.7,5.1
True,REACHED,0.65,0.65,11.216399107116496,2.489914348423514,0,13,64.58053200017625,839.5469160022913,0.05,25,1.25,Vanilla MPC,51,300,42,7.7,5.1
True,REACHED,1.3000000000000005,1.3000000000000005,39.71388064267208,1.2526323024587774e-07,0,26,83.19352580796337,2163.0316710070474,0.05,25,1.25,Vanilla MPC,52,300,42,7.7,5.1
False,INFEASIBLE_MID,,0.4499999999999999,16.79890347463729,-4.348267491091757e-06,1,9,143.8034249978955,1438.034249978955,0.05,25,1.25,Vanilla MPC,53,300,42,7.7,5.1
True,REACHED,1.2000000000000004,1.2000000000000004,30.7137395049214,9.20335148957292e-06,0,24,65.42844795937224,1570.2827510249335,0.05,25,1.25,Vanilla MPC,54,300,42,7.7,5.1
True,REACHED,0.9500000000000004,0.9500000000000004,19.805592340659565,2.5358580244800697,0,19,76.16129821230732,1447.0646660338389,0.05,25,1.25,Vanilla MPC,55,300,42,7.7,5.1
True,REACHED,1.3000000000000005,1.3000000000000005,48.35494110642286,3.710392984411305e-06,0,26,79.88962015336325,2077.1301239874447,0.05,25,1.25,Vanilla MPC,56,300,42,7.7,5.1
True,REACHED,1.1500000000000004,1.1500000000000004,29.697289328040107,5.195480061724428e-06,0,23,78.1201685654789,1796.7638770060148,0.05,25,1.25,Vanilla MPC,57,300,42,7.7,5.1
True,REACHED,1.2500000000000004,1.2500000000000004,53.43754994777347,1.0941902483743924e-05,0,25,90.75590339896736,2268.8975849741837,0.05,25,1.25,Vanilla MPC,58,300,42,7.7,5.1
True,REACHED,1.0000000000000002,1.0000000000000002,20.073088258771563,1.9126086993855275e-06,0,20,73.4764479988371,1469.528959976742,0.05,25,1.25,Vanilla MPC,59,300,42,7.7,5.1
True,REACHED,0.6,0.6,15.79967119473752,4.747543028754225,0,12,95.31198608359166,1143.7438330031,0.05,25,1.25,Vanilla MPC,60,300,42,7.7,5.1
True,REACHED,1.2000000000000004,1.2000000000000004,33.139996320754825,1.0149138517910557e-06,0,24,81.45923954240668,1955.02174901776,0.05,25,1.25,Vanilla MPC,61,300,42,7.7,5.1
False,INFEASIBLE_MID,,0.4499999999999999,22.237415583048406,-4.942928073674741e-06,1,9,218.2900501022232,2182.900501022232,0.05,25,1.25,Vanilla MPC,62,300,42,7.7,5.1
False,INFEASIBLE_STEP1,,0.0,0.0,2.699796154485192,1,0,300.72470800951123,300.72470800951123,0.05,25,1.25,Vanilla MPC,63,300,42,7.7,5.1
True,REACHED,0.6,0.6,18.53240464221579,5.226501759673995,0,12,77.24350008114318,926.9220009737182,0.05,25,1.25,Vanilla MPC,64,300,42,7.7,5.1
True,REACHED,1.3500000000000003,1.3500000000000003,53.87241763391174,2.187079942843347e-07,0,27,78.20566818635497,2111.553041031584,0.05,25,1.25,Vanilla MPC,65,300,42,7.7,5.1
True,REACHED,0.8500000000000002,0.8500000000000002,25.104553260117857,1.825297821799603e-05,0,17,76.21473770739291,1295.6505410256796,0.05,25,1.25,Vanilla MPC,66,300,42,7.7,5.1
False,INFEASIBLE_MID,,0.6,30.892440014819226,-1.223275075362146e-05,1,12,194.18155777048713,2524.3602510163328,0.05,25,1.25,Vanilla MPC,67,300,42,7.7,5.1
True,REACHED,1.4000000000000006,1.4000000000000006,55.75693121210674,9.49267051080444e-06,0,28,72.79956982061516,2038.3879549772248,0.05,25,1.25,Vanilla MPC,68,300,42,7.7,5.1
True,REACHED,0.6,0.6,17.683910870572465,4.978696798165337e-05,0,12,79.23944458404246,950.8733350085096,0.05,25,1.25,Vanilla MPC,69,300,42,7.7,5.1
True,REACHED,0.8000000000000002,0.8000000000000002,13.10828808787086,4.482638032704783e-06,0,16,80.88827343726734,1294.2123749962775,0.05,25,1.25,Vanilla MPC,70,300,42,7.7,5.1
False,INFEASIBLE_MID,,0.4999999999999999,14.974785273445924,-2.009110482441217e-06,1,10,193.46664800038772,2128.133128004265,0.05,25,1.25,Vanilla MPC,71,300,42,7.7,5.1
True,REACHED,0.8000000000000002,0.8000000000000002,28.782052497094675,9.80405001247226e-07,0,16,73.81085943961807,1180.9737510338891,0.05,25,1.25,Vanilla MPC,72,300,42,7.7,5.1
True,REACHED,0.3,0.3,5.1160887875568815,1.5895489054684828,0,6,85.20666683034506,511.24000098207034,0.05,25,1.25,Vanilla MPC,73,300,42,7.7,5.1
False,INFEASIBLE_STEP1,,0.0,0.0,4.344789744581988,1,0,795.3448750049574,795.3448750049574,0.05,25,1.25,Vanilla MPC,74,300,42,7.7,5.1
False,INFEASIBLE_STEP1,,0.0,0.0,6.522670699606722,1,0,422.9653749935096,422.9653749935096,0.05,25,1.25,Vanilla MPC,75,300,42,7.7,5.1
True,REACHED,0.65,0.65,15.62474724579007,2.4394691904295267,0,13,55.288111998099616,718.745455975295,0.05,25,1.25,Vanilla MPC,76,300,42,7.7,5.1
True,REACHED,1.3000000000000005,1.3000000000000005,36.406407187373496,6.342862258333262e-06,0,26,73.82885415315216,1919.550207981956,0.05,25,1.25,Vanilla MPC,77,300,42,7.7,5.1
True,REACHED,1.3500000000000003,1.3500000000000003,38.34196566005201,4.3548447125427e-06,0,27,64.99557559221068,1754.8805409896886,0.05,25,1.25,Vanilla MPC,78,300,42,7.7,5.1
True,REACHED,0.5499999999999999,0.5499999999999999,17.023347250221786,3.2759823566731603,0,11,56.163344729363665,617.7967920230003,0.05,25,1.25,Vanilla MPC,79,300,42,7.7,5.1
True,REACHED,1.3000000000000005,1.3000000000000005,48.588648404368406,5.574685013726582e-06,0,26,62.08168596024804,1614.123834966449,0.05,25,1.25,Vanilla MPC,80,300,42,7.7,5.1
True,REACHED,0.7500000000000001,0.7500000000000001,17.457253110725468,3.4922518374101377e-06,0,15,68.55407486630914,1028.3111229946371,0.05,25,1.25,Vanilla MPC,81,300,42,7.7,5.1
True,REACHED,1.2500000000000004,1.2500000000000004,36.81690026753645,1.8380203774045505e-06,0,25,59.53132000169717,1488.2830000424292,0.05,25,1.25,Vanilla MPC,82,300,42,7.7,5.1
True,REACHED,0.8000000000000002,0.8000000000000002,31.02123733737301,3.924456945949898e-06,0,16,66.75242181336216,1068.0387490137946,0.05,25,1.25,Vanilla MPC,83,300,42,7.7,5.1
True,REACHED,0.3,0.3,6.58348809858761,5.2278490046311825,0,6,61.03529866959434,366.2117920175661,0.05,25,1.25,Vanilla MPC,84,300,42,7.7,5.1
False,INFEASIBLE_STEP1,,0.0,0.0,8.496681644949996,1,0,388.86783400084823,388.86783400084823,0.05,25,1.25,Vanilla MPC,85,300,42,7.7,5.1
False,INFEASIBLE_STEP1,,0.0,0.0,4.8990057720047595,1,0,481.7482920043403,481.7482920043403,0.05,25,1.25,Vanilla MPC,86,300,42,7.7,5.1
True,REACHED,0.8000000000000002,0.8000000000000002,20.33991908447371,0.130944718582905,0,16,65.81716399887227,1053.0746239819564,0.05,25,1.25,Vanilla MPC,87,300,42,7.7,5.1
True,REACHED,1.1500000000000004,1.1500000000000004,28.917418562621567,6.658395242122819e-06,0,23,64.82140391333657,1490.892290006741,0.05,25,1.25,Vanilla MPC,88,300,42,7.7,5.1
True,REACHED,1.1500000000000004,1.1500000000000004,30.49265286602148,1.6161618397227938e-06,0,23,72.39946552157483,1665.187706996221,0.05,25,1.25,Vanilla MPC,89,300,42,7.7,5.1
True,REACHED,0.8000000000000002,0.8000000000000002,16.64490060028381,0.0453561605686381,0,16,66.653026124186,1066.448417986976,0.05,25,1.25,Vanilla MPC,90,300,42,7.7,5.1
False,INFEASIBLE_STEP1,,0.0,0.0,5.893491440726705,1,0,416.9437079981435,416.9437079981435,0.05,25,1.25,Vanilla MPC,91,300,42,7.7,5.1
True,REACHED,1.2500000000000004,1.2500000000000004,39.95395269747071,-2.301907345395391e-06,0,25,89.96436999936122,2249.1092499840306,0.05,25,1.25,Vanilla MPC,92,300,42,7.7,5.1
True,REACHED,0.9500000000000004,0.9500000000000004,17.212402472896674,8.760813528976678e-06,0,19,61.16899341960609,1162.2108749725155,0.05,25,1.25,Vanilla MPC,93,300,42,7.7,5.1
True,REACHED,0.8500000000000002,0.8500000000000002,17.060479081309804,1.9193046783151994e-06,0,17,62.92561758891679,1069.7354990115855,0.05,25,1.25,Vanilla MPC,94,300,42,7.7,5.1
True,REACHED,1.0500000000000005,1.0500000000000005,28.69489019292499,6.399121532629326e-06,0,21,72.71017671432458,1526.913711000816,0.05,25,1.25,Vanilla MPC,95,300,42,7.7,5.1
True,REACHED,1.3000000000000005,1.3000000000000005,57.422918363249515,8.150398982081467e-06,0,26,67.59865057784526,1757.564915023977,0.05,25,1.25,Vanilla MPC,96,300,42,7.7,5.1
True,REACHED,1.2500000000000004,1.2500000000000004,56.209644034020975,8.02207011829051e-06,0,25,75.24369336199015,1881.0923340497536,0.05,25,1.25,Vanilla MPC,97,300,42,7.7,5.1
False,INFEASIBLE_MID,,0.4499999999999999,30.561399258736632,-1.013087522277934e-06,1,9,187.94492500310295,1879.4492500310296,0.05,25,1.25,Vanilla MPC,98,300,42,7.7,5.1
True,REACHED,0.3,0.3,11.47289058053956,7.620092577108419,0,6,84.3912221704765,506.34733302285895,0.05,25,1.25,Vanilla MPC,99,300,42,7.7,5.1
True,REACHED,0.7500000000000001,0.7500000000000001,30.299333043684772,1.5817142636216402e-06,0,15,67.85865826629258,1017.8798739943886,0.05,25,1.25,Vanilla MPC,100,300,42,7.7,5.1
False,INFEASIBLE_STEP1,,0.0,0.0,1.4566787727302752,1,0,1127.9929589945823,1127.9929589945823,0.05,25,1.25,Vanilla MPC,101,300,42,7.7,5.1
True,REACHED,1.1500000000000004,1.1500000000000004,27.860599721122153,5.573331744503769e-06,0,23,76.25326278249976,1753.8250439974945,0.05,25,1.25,Vanilla MPC,102,300,42,7.7,5.1
True,REACHED,0.8000000000000002,0.8000000000000002,33.226592733219604,3.708561476760226e-06,0,16,69.20331762648857,1107.2530820238171,0.05,25,1.25,Vanilla MPC,103,300,42,7.7,5.1
False,INFEASIBLE_MID,,0.65,34.60617361096309,-9.560585135931151e-06,1,13,92.77219942824948,1298.8107919954928,0.05,25,1.25,Vanilla MPC,104,300,42,7.7,5.1
True,REACHED,1.2500000000000004,1.2500000000000004,31.89062434042256,6.15771679362236e-06,0,25,67.25494328129571,1681.3735820323927,0.05,25,1.25,Vanilla MPC,105,300,42,7.7,5.1
True,REACHED,0.9000000000000002,0.9000000000000002,34.739401860860674,3.84892899661404e-06,0,18,56.62944899975426,1019.3300819955766,0.05,25,1.25,Vanilla MPC,106,300,42,7.7,5.1
True,REACHED,0.9000000000000002,0.9000000000000002,15.91828917276535,3.822655901149633e-06,0,18,60.08425466683952,1081.5165840031111,0.05,25,1.25,Vanilla MPC,107,300,42,7.7,5.1
True,REACHED,1.1000000000000003,1.1000000000000003,34.894957603947205,4.368434875666052e-06,0,22,61.101749865470495,1344.238497040351,0.05,25,1.25,Vanilla MPC,108,300,42,7.7,5.1
True,REACHED,0.6,0.6,9.963806697798663,3.808440187414451,0,12,57.759822916220095,693.1178749946412,0.05,25,1.25,Vanilla MPC,109,300,42,7.7,5.1
True,REACHED,1.4000000000000006,1.4000000000000006,56.74974028151366,1.1497953484418172e-05,0,28,74.0557320719485,2073.560498014558,0.05,25,1.25,Vanilla MPC,110,300,42,7.7,5.1
False,INFEASIBLE_STEP1,,0.0,0.0,7.590778356202586,1,0,568.799915999989,568.799915999989,0.05,25,1.25,Vanilla MPC,111,300,42,7.7,5.1
True,REACHED,1.3500000000000003,1.3500000000000003,36.85538886360525,4.959028317469591e-07,0,27,58.83455088985135,1588.5328740259863,0.05,25,1.25,Vanilla MPC,112,300,42,7.7,5.1
True,REACHED,0.4999999999999999,0.4999999999999999,9.762560534374096,5.019384642506753e-05,0,10,67.9792543000076,679.792543000076,0.05,25,1.25,Vanilla MPC,113,300,42,7.7,5.1
True,REACHED,1.3500000000000003,1.3500000000000003,56.38572460352849,-7.688827328729254e-07,0,27,97.1165152958646,2622.145912988344,0.05,25,1.25,Vanilla MPC,114,300,42,7.7,5.1
True,REACHED,0.9500000000000004,0.9500000000000004,22.131231923042535,2.242831880674804e-06,0,19,64.05763599813278,1217.095083964523,0.05,25,1.25,Vanilla MPC,115,300,42,7.7,5.1
False,INFEASIBLE_STEP1,,0.0,0.0,0.0715250524678965,1,0,528.5524579958292,528.5524579958292,0.05,25,1.25,Vanilla MPC,116,300,42,7.7,5.1
True,REACHED,1.2500000000000004,1.2500000000000004,34.31872142656397,7.943348233000893e-06,0,25,62.70867332059424,1567.716833014856,0.05,25,1.25,Vanilla MPC,117,300,42,7.7,5.1
True,REACHED,0.9000000000000002,0.9000000000000002,33.54723282548461,1.4315090771245e-06,0,18,62.40038650058624,1123.2069570105523,0.05,25,1.25,Vanilla MPC,118,300,42,7.7,5.1
True,REACHED,1.3000000000000005,1.3000000000000005,34.36228034289223,1.981125516111731e-06,0,26,76.30662023271165,1983.972126050503,0.05,25,1.25,Vanilla MPC,119,300,42,7.7,5.1
True,REACHED,1.1500000000000004,1.1500000000000004,26.700513942062557,1.333802588142018e-06,0,23,71.41134591391007,1642.4609560199317,0.05,25,1.25,Vanilla MPC,120,300,42,7.7,5.1
True,REACHED,0.4499999999999999,0.4499999999999999,7.548093258515615,0.4561009940264264,0,9,71.17779644451932,640.6001680006739,0.05,25,1.25,Vanilla MPC,121,300,42,7.7,5.1
False,INFEASIBLE_STEP1,,0.0,0.0,9.595733327511628,1,0,517.0975000073668,517.0975000073668,0.05,25,1.25,Vanilla MPC,122,300,42,7.7,5.1
False,INFEASIBLE_STEP1,,0.0,0.0,6.575919605703361,1,0,398.0106669914676,398.0106669914676,0.05,25,1.25,Vanilla MPC,123,300,42,7.7,5.1
True,REACHED,1.2500000000000004,1.2500000000000004,33.758994534167414,8.169409532367714e-07,0,25,73.07455007976387,1826.863751994097,0.05,25,1.25,Vanilla MPC,124,300,42,7.7,5.1
True,REACHED,0.9000000000000002,0.9000000000000002,21.42225273892758,1.8247530209376237e-06,0,18,64.80096755613987,1166.4174160105176,0.05,25,1.25,Vanilla MPC,125,300,42,7.7,5.1
True,REACHED,1.1500000000000004,1.1500000000000004,29.027038325222755,4.467975328431954e-06,0,23,74.09248178326222,1704.1270810150309,0.05,25,1.25,Vanilla MPC,126,300,42,7.7,5.1
True,REACHED,1.2500000000000004,1.2500000000000004,31.187744315201833,5.224371020454486e-06,0,25,71.94664347975049,1798.6660869937623,0.05,25,1.25,Vanilla MPC,127,300,42,7.7,5.1
False,INFEASIBLE_STEP1,,0.0,0.0,5.096699190658456,1,0,504.6025830088183,504.6025830088183,0.05,25,1.25,Vanilla MPC,128,300,42,7.7,5.1
True,REACHED,1.0500000000000005,1.0500000000000005,30.381824432686106,2.091508567912783e-06,0,21,82.1154899548717,1724.4252890523055,0.05,25,1.25,Vanilla MPC,129,300,42,7.7,5.1
True,REACHED,0.7500000000000001,0.7500000000000001,17.604007781201616,0.6071133097345647,0,15,65.62114453214842,984.3171679822262,0.05,25,1.25,Vanilla MPC,130,300,42,7.7,5.1
True,REACHED,1.0500000000000005,1.0500000000000005,46.19808126048213,5.871403892917174e-06,0,21,64.10592266530287,1346.22437597136,0.05,25,1.25,Vanilla MPC,131,300,42,7.7,5.1
True,REACHED,0.6,0.6,22.24827320543001,8.141876176848792,0,12,79.18174991573323,950.1809989887988,0.05,25,1.25,Vanilla MPC,132,300,42,7.7,5.1
True,REACHED,1.2000000000000004,1.2000000000000004,35.398501278593145,2.4279454426411904e-06,0,24,87.78267537491047,2106.7842089978512,0.05,25,1.25,Vanilla MPC,133,300,42,7.7,5.1
True,REACHED,0.9500000000000004,0.9500000000000004,16.636339204346044,0.8249502400507339,0,19,67.61701110716737,1284.72321103618,0.05,25,1.25,Vanilla MPC,134,300,42,7.7,5.1
True,REACHED,0.3999999999999999,0.3999999999999999,12.82653611268618,9.63024134252311,0,8,84.1893958786386,673.5151670291089,0.05,25,1.25,Vanilla MPC,135,300,42,7.7,5.1
True,REACHED,0.9000000000000002,0.9000000000000002,20.031792094171365,2.6694041317653286e-06,0,18,76.55769683252502,1378.0385429854505,0.05,25,1.25,Vanilla MPC,136,300,42,7.7,5.1
True,REACHED,1.0500000000000005,1.0500000000000005,24.775716541096685,5.637086718182186e-06,0,21,80.3673094300653,1687.7134980313713,0.05,25,1.25,Vanilla MPC,137,300,42,7.7,5.1
True,REACHED,0.9000000000000002,0.9000000000000002,19.24673412873754,2.6730402804163955e-06,0,18,68.02766211088358,1224.4979179959046,0.05,25,1.25,Vanilla MPC,138,300,42,7.7,5.1
True,REACHED,0.65,0.65,11.731162735759762,5.205687850445236,0,13,76.03249669213815,988.422456997796,0.05,25,1.25,Vanilla MPC,139,300,42,7.7,5.1
False,INFEASIBLE_STEP1,,0.0,0.0,4.298763991527994,1,0,217.72825000516605,217.72825000516605,0.05,25,1.25,Vanilla MPC,140,300,42,7.7,5.1
True,REACHED,0.65,0.65,15.7387061929847,8.816022601246432,0,13,61.36240061403861,797.711207982502,0.05,25,1.25,Vanilla MPC,141,300,42,7.7,5.1
True,REACHED,0.7500000000000001,0.7500000000000001,16.09144395322642,1.8575394815417496,0,15,71.50596393427502,1072.5894590141252,0.05,25,1.25,Vanilla MPC,142,300,42,7.7,5.1
True,REACHED,1.0500000000000005,1.0500000000000005,25.0834266770989,6.236401562502615e-06,0,21,73.3658076184968,1540.681959988433,0.05,25,1.25,Vanilla MPC,143,300,42,7.7,5.1
True,REACHED,0.3999999999999999,0.3999999999999999,9.489204734655065,1.2947264729779853,0,8,77.31392187452002,618.5113749961602,0.05,25,1.25,Vanilla MPC,144,300,42,7.7,5.1
True,REACHED,0.4499999999999999,0.4499999999999999,11.861776788772072,3.593463401693066,0,9,84.09267611245417,756.8340850120876,0.05,25,1.25,Vanilla MPC,145,300,42,7.7,5.1
True,REACHED,1.1500000000000004,1.1500000000000004,31.06008462521349,1.950472350370963e-06,0,23,79.47341673665822,1827.888584943139,0.05,25,1.25,Vanilla MPC,146,300,42,7.7,5.1
True,REACHED,0.9500000000000004,0.9500000000000004,20.245947145678148,5.273528902897287e-06,0,19,73.61221694660152,1398.632121985429,0.05,25,1.25,Vanilla MPC,147,300,42,7.7,5.1
True,REACHED,0.65,0.65,24.503030860716215,9.040578582588326,0,13,71.26258330894277,926.413583016256,0.05,25,1.25,Vanilla MPC,148,300,42,7.7,5.1
True,REACHED,1.0000000000000002,1.0000000000000002,20.770387549795217,7.405854478319534e-06,0,20,70.65165004969458,1413.0330009938916,0.05,25,1.25,Vanilla MPC,149,300,42,7.7,5.1
True,REACHED,1.1000000000000003,1.1000000000000003,43.414672280971246,5.971320638526833e-06,0,22,76.09259459489046,1674.0370810875902,0.05,25,1.25,Vanilla MPC,150,300,42,7.7,5.1
True,REACHED,1.0500000000000005,1.0500000000000005,45.69162041751985,3.4438793193988045e-06,0,21,73.99420618977663,1553.8783299853094,0.05,25,1.25,Vanilla MPC,151,300,42,7.7,5.1
False,INFEASIBLE_STEP1,,0.0,0.0,0.4470685619030109,1,0,1682.6077500008978,1682.6077500008978,0.05,25,1.25,Vanilla MPC,152,300,42,7.7,5.1
True,REACHED,1.3000000000000005,1.3000000000000005,37.482105957921355,4.887406991394609e-06,0,26,77.81822765369165,2023.273918995983,0.05,25,1.25,Vanilla MPC,153,300,42,7.7,5.1
True,REACHED,1.3000000000000005,1.3000000000000005,36.72397831698795,-3.251847820835397e-07,0,26,80.0142419225617,2080.370289986604,0.05,25,1.25,Vanilla MPC,154,300,42,7.7,5.1
True,REACHED,0.8000000000000002,0.8000000000000002,25.544897587394946,7.551783640205568e-06,0,16,61.40187255914498,982.4299609463196,0.05,25,1.25,Vanilla MPC,155,300,42,7.7,5.1
False,INFEASIBLE_MID,,0.4499999999999999,15.1352494662051,-3.0876928728036014e-06,1,9,237.04822930012597,2370.4822930012597,0.05,25,1.25,Vanilla MPC,156,300,42,7.7,5.1
True,REACHED,0.8500000000000002,0.8500000000000002,19.77342875483449,1.6176385918616003e-06,0,17,61.25128417625092,1041.2718309962656,0.05,25,1.25,Vanilla MPC,157,300,42,7.7,5.1
False,INFEASIBLE_STEP1,,0.0,0.0,7.8393807299202,1,0,250.14208299398888,250.14208299398888,0.05,25,1.25,Vanilla MPC,158,300,42,7.7,5.1
False,INFEASIBLE_STEP1,,0.0,0.0,4.913651150565764,1,0,492.6979160081828,492.6979160081828,0.05,25,1.25,Vanilla MPC,159,300,42,7.7,5.1
True,REACHED,0.8000000000000002,0.8000000000000002,14.427746807992948,0.8487091037149223,0,16,80.9675598748072,1295.480957996915,0.05,25,1.25,Vanilla MPC,160,300,42,7.7,5.1
True,REACHED,0.5499999999999999,0.5499999999999999,11.632398069298874,9.323225164382846,0,11,65.96987118113744,725.6685829925118,0.05,25,1.25,Vanilla MPC,161,300,42,7.7,5.1
True,REACHED,0.65,0.65,22.140212445915125,3.36214788907645,0,13,69.85178522993989,908.0732079892186,0.05,25,1.25,Vanilla MPC,162,300,42,7.7,5.1
True,REACHED,0.4999999999999999,0.4999999999999999,16.090920089100592,6.294720225826029,0,10,66.20817490183981,662.0817490183981,0.05,25,1.25,Vanilla MPC,163,300,42,7.7,5.1
True,REACHED,0.7500000000000001,0.7500000000000001,18.070946647669555,5.533886113759108e-06,0,15,76.83000279939733,1152.45004199096,0.05,25,1.25,Vanilla MPC,164,300,42,7.7,5.1
True,REACHED,0.6,0.6,11.89853795955528,5.299556122231045,0,12,63.84598608201486,766.1518329841783,0.05,25,1.25,Vanilla MPC,165,300,42,7.7,5.1
True,REACHED,1.2500000000000004,1.2500000000000004,48.39141998607844,4.886714360842412e-06,0,25,88.13228323939256,2203.307080984814,0.05,25,1.25,Vanilla MPC,166,300,42,7.7,5.1
True,REACHED,1.3000000000000005,1.3000000000000005,55.43292514760317,5.063049673285029e-06,0,26,89.6089102685577,2329.8316669825,0.05,25,1.25,Vanilla MPC,167,300,42,7.7,5.1
True,REACHED,0.7000000000000001,0.7000000000000001,18.43863888998936,6.797160214991592,0,14,67.84161007505774,949.7825410508084,0.05,25,1.25,Vanilla MPC,168,300,42,7.7,5.1
False,INFEASIBLE_STEP1,,0.0,0.0,6.388879845962428,1,0,608.4634169965284,608.4634169965284,0.05,25,1.25,Vanilla MPC,169,300,42,7.7,5.1
True,REACHED,0.8000000000000002,0.8000000000000002,14.837362426755677,6.704104074908503e-06,0,16,69.32906506335712,1109.265041013714,0.05,25,1.25,Vanilla MPC,170,300,42,7.7,5.1
True,REACHED,1.2000000000000004,1.2000000000000004,32.7829062532225,4.718778407828533e-06,0,24,91.93879858200188,2206.5311659680447,0.05,25,1.25,Vanilla MPC,171,300,42,7.7,5.1
False,INFEASIBLE_STEP1,,0.0,0.0,0.7076548625108998,1,0,575.3489589988021,575.3489589988021,0.05,25,1.25,Vanilla MPC,172,300,42,7.7,5.1
True,REACHED,0.6,0.6,20.387973792082533,0.0682183985663331,0,12,77.33948608438368,928.0738330126042,0.05,25,1.25,Vanilla MPC,173,300,42,7.7,5.1
True,REACHED,1.2500000000000004,1.2500000000000004,51.14507240045096,1.158054589660916e-05,0,25,86.22488007997163,2155.6220019992907,0.05,25,1.25,Vanilla MPC,174,300,42,7.7,5.1
True,REACHED,0.8500000000000002,0.8500000000000002,18.298393734434708,2.6519864000789934e-06,0,17,72.81097059004584,1237.7865000307793,0.05,25,1.25,Vanilla MPC,175,300,42,7.7,5.1
False,INFEASIBLE_MID,,0.65,28.99987637508757,-1.0642998133634547e-05,1,13,238.92520550102097,3344.9528770142933,0.05,25,1.25,Vanilla MPC,176,300,42,7.7,5.1
False,INFEASIBLE_MID,,0.4999999999999999,22.080738752802727,-4.801163067421209e-06,1,10,235.9063825437757,2594.9702079815324,0.05,25,1.25,Vanilla MPC,177,300,42,7.7,5.1
True,REACHED,0.5499999999999999,0.5499999999999999,16.108175061832327,4.5113112409434635,0,11,80.75507581816055,888.305833999766,0.05,25,1.25,Vanilla MPC,178,300,42,7.7,5.1
True,REACHED,1.3500000000000003,1.3500000000000003,58.063905801342734,8.083588100895536e-06,0,27,88.47046914754038,2388.7026669835905,0.05,25,1.25,Vanilla MPC,179,300,42,7.7,5.1
True,REACHED,1.0500000000000005,1.0500000000000005,42.84432871017179,5.256038267809981e-06,0,21,71.23916852357243,1496.022538995021,0.05,25,1.25,Vanilla MPC,180,300,42,7.7,5.1
True,REACHED,0.9500000000000004,0.9500000000000004,19.943016500327268,6.730675831394574e-06,0,19,59.60282242296288,1132.4536260362947,0.05,25,1.25,Vanilla MPC,181,300,42,7.7,5.1
True,REACHED,0.9500000000000004,0.9500000000000004,18.895436039084093,0.0001099242149485,0,19,68.55712494641347,1302.5853739818558,0.05,25,1.25,Vanilla MPC,182,300,42,7.7,5.1
True,REACHED,0.7500000000000001,0.7500000000000001,14.550891432484324,7.847976990173225e-07,0,15,57.96825540019199,869.5238310028799,0.05,25,1.25,Vanilla MPC,183,300,42,7.7,5.1
False,INFEASIBLE_STEP1,,0.0,0.0,9.645541436296318,1,0,354.5066670048982,354.5066670048982,0.05,25,1.25,Vanilla MPC,184,300,42,7.7,5.1
True,REACHED,1.0500000000000005,1.0500000000000005,23.60018734384549,3.637242754871024e-06,0,21,59.08694847728059,1240.8259180228924,0.05,25,1.25,Vanilla MPC,185,300,42,7.7,5.1
True,REACHED,0.9500000000000004,0.9500000000000004,18.909190599933098,6.042067595239909e-06,0,19,57.58223252671183,1094.062418007525,0.05,25,1.25,Vanilla MPC,186,300,42,7.7,5.1
True,REACHED,0.6,0.6,10.47214253468977,9.326177720215387,0,12,56.578180665383115,678.9381679845974,0.05,25,1.25,Vanilla MPC,187,300,42,7.7,5.1
True,REACHED,0.3,0.3,6.854178485272553,4.856086292043608,0,6,51.797409665596206,310.78445799357723,0.05,25,1.25,Vanilla MPC,188,300,42,7.7,5.1
True,REACHED,0.7500000000000001,0.7500000000000001,12.900609575388645,9.163963976574092,0,15,59.70880273186291,895.6320409779437,0.05,25,1.25,Vanilla MPC,189,300,42,7.7,5.1
True,REACHED,1.2500000000000004,1.2500000000000004,31.34798842999145,7.88841413108433e-06,0,25,63.34640668123029,1583.6601670307573,0.05,25,1.25,Vanilla MPC,190,300,42,7.7,5.1
True,REACHED,0.35,0.35,11.44523151400208,5.138474644592851,0,7,72.33791656991733,506.3654159894213,0.05,25,1.25,Vanilla MPC,191,300,42,7.7,5.1
True,REACHED,0.3999999999999999,0.3999999999999999,9.680951097340058,9.709399899629618,0,8,63.020916750247125,504.167334001977,0.05,25,1.25,Vanilla MPC,192,300,42,7.7,5.1
True,REACHED,1.1000000000000003,1.1000000000000003,28.682300285805837,2.9609638623393063e-06,0,22,73.71709104468623,1621.776002983097,0.05,25,1.25,Vanilla MPC,193,300,42,7.7,5.1
True,REACHED,1.3500000000000003,1.3500000000000003,36.274433962759595,2.5943931446434666e-06,0,27,77.31901540763728,2087.6134160062065,0.05,25,1.25,Vanilla MPC,194,300,42,7.7,5.1
False,INFEASIBLE_MID,,0.5499999999999999,16.201101986669602,-5.099352153921713e-06,1,11,95.8634895857055,1150.361875028466,0.05,25,1.25,Vanilla MPC,195,300,42,7.7,5.1
True,REACHED,1.1500000000000004,1.1500000000000004,31.122159450861513,6.732267945446408e-06,0,23,67.63887869475066,1555.694209979265,0.05,25,1.25,Vanilla MPC,196,300,42,7.7,5.1
True,REACHED,0.9000000000000002,0.9000000000000002,26.96587827646269,1.0825331627674674e-06,0,18,65.23501394420035,1174.2302509956062,0.05,25,1.25,Vanilla MPC,197,300,42,7.7,5.1
True,REACHED,0.25,0.25,6.114718328593048,4.995569119157486,0,5,59.92758320353459,299.637916017673,0.05,25,1.25,Vanilla MPC,198,300,42,7.7,5.1
True,REACHED,0.8500000000000002,0.8500000000000002,17.290622995935898,1.4582049601003798e-06,0,17,65.44226964658318,1112.518583991914,0.05,25,1.25,Vanilla MPC,199,300,42,7.7,5.1
False,INFEASIBLE_STEP1,,0.0,0.0,6.893446252044973,1,0,679.7057499934454,679.7057499934454,0.05,25,1.25,Vanilla MPC,200,300,42,7.7,5.1
True,REACHED,0.9500000000000004,0.9500000000000004,37.9951871751725,2.4915902500857574e-06,0,19,71.82034205164344,1364.5864989812253,0.05,25,1.25,Vanilla MPC,201,300,42,7.7,5.1
True,REACHED,0.35,0.35,8.272030005686295,3.51586007330208,0,7,56.48447614346099,395.3913330042269,0.05,25,1.25,Vanilla MPC,202,300,42,7.7,5.1
True,REACHED,0.6,0.6,15.437590841877766,9.568217985341295,0,12,62.60466333211904,751.2559599854285,0.05,25,1.25,Vanilla MPC,203,300,42,7.7,5.1
True,REACHED,0.2,0.2,6.45109320959639,4.904673199184427,0,4,56.568458498077234,226.27383399230897,0.05,25,1.25,Vanilla MPC,204,300,42,7.7,5.1
True,REACHED,1.1500000000000004,1.1500000000000004,30.54305802698093,6.1174247440593085e-06,0,23,68.61196921849826,1578.07529202546,0.05,25,1.25,Vanilla MPC,205,300,42,7.7,5.1
True,REACHED,0.8500000000000002,0.8500000000000002,15.125550400972436,5.34526990000967e-06,0,17,59.53930382469587,1012.1681650198298,0.05,25,1.25,Vanilla MPC,206,300,42,7.7,5.1
True,REACHED,0.9000000000000002,0.9000000000000002,22.614287872073177,0.0007015277346367,0,18,59.81666655457553,1076.6999979823595,0.05,25,1.25,Vanilla MPC,207,300,42,7.7,5.1
False,INFEASIBLE_STEP1,,0.0,0.0,2.179240564632124,1,0,604.8307909950381,604.8307909950381,0.05,25,1.25,Vanilla MPC,208,300,42,7.7,5.1
True,REACHED,0.6,0.6,14.86052722903944,3.671813573928805,0,12,64.25851400247969,771.1021680297563,0.05,25,1.25,Vanilla MPC,209,300,42,7.7,5.1
True,REACHED,1.4500000000000006,1.4500000000000006,60.73106313772147,3.7308611499954714e-06,0,29,77.47561634660714,2246.792874051607,0.05,25,1.25,Vanilla MPC,210,300,42,7.7,5.1
False,INFEASIBLE_MID,,0.5499999999999999,24.41672614230452,-3.379296420428558e-06,1,11,182.40820133238836,2188.8984159886604,0.05,25,1.25,Vanilla MPC,211,300,42,7.7,5.1
False,INFEASIBLE_STEP1,,0.0,0.0,5.1807896431935925,1,0,652.459834003821,652.459834003821,0.05,25,1.25,Vanilla MPC,212,300,42,7.7,5.1
False,INFEASIBLE_MID,,0.5499999999999999,24.163552953635826,-7.910927749271353e-06,1,11,304.2197847523009,3650.6374170276104,0.05,25,1.25,Vanilla MPC,213,300,42,7.7,5.1
True,REACHED,0.7500000000000001,0.7500000000000001,14.577157350276428,8.981047375085023,0,15,63.92138593073469,958.8207889610204,0.05,25,1.25,Vanilla MPC,214,300,42,7.7,5.1
True,REACHED,1.4000000000000006,1.4000000000000006,40.541952971268074,3.0024342816192776e-06,0,28,86.16052835714072,2412.49479399994,0.05,25,1.25,Vanilla MPC,215,300,42,7.7,5.1
True,REACHED,1.1500000000000004,1.1500000000000004,33.995724085767804,3.2459448534946135e-06,0,23,86.69435130508171,1993.9700800168791,0.05,25,1.25,Vanilla MPC,216,300,42,7.7,5.1
True,REACHED,1.0000000000000002,1.0000000000000002,23.58029535645193,5.355641318319009e-06,0,20,88.74497704891837,1774.8995409783674,0.05,25,1.25,Vanilla MPC,217,300,42,7.7,5.1
False,INFEASIBLE_MID,,0.4999999999999999,14.71280914970006,-3.649481872332872e-06,1,10,219.35841290476012,2412.942541952362,0.05,25,1.25,Vanilla MPC,218,300,42,7.7,5.1
False,INFEASIBLE_MID,,0.65,38.2293478332916,-4.884968935409698e-08,1,13,233.29574121453336,3266.1403770034667,0.05,25,1.25,Vanilla MPC,219,300,42,7.7,5.1
False,INFEASIBLE_STEP1,,0.0,0.0,5.032182301587035,1,0,2673.291250001057,2673.291250001057,0.05,25,1.25,Vanilla MPC,220,300,42,7.7,5.1
True,REACHED,0.65,0.65,14.591797269721075,6.874944705469058,0,13,81.8146569217788,1063.5905399831245,0.05,25,1.25,Vanilla MPC,221,300,42,7.7,5.1
False,INFEASIBLE_STEP1,,0.0,0.0,6.677939416749844,1,0,1037.2403750079684,1037.2403750079684,0.05,25,1.25,Vanilla MPC,222,300,42,7.7,5.1
True,REACHED,0.7500000000000001,0.7500000000000001,19.344117214431847,0.1381364198867522,0,15,74.53903033262274,1118.085454989341,0.05,25,1.25,Vanilla MPC,223,300,42,7.7,5.1
False,INFEASIBLE_MID,,0.5499999999999999,33.513002144485874,-3.955894860969792e-06,1,11,309.4660659165432,3713.5927909985185,0.05,25,1.25,Vanilla MPC,224,300,42,7.7,5.1
False,INFEASIBLE_MID,,0.4999999999999999,26.569210137743696,-4.273485018558306e-06,1,10,335.5789391816043,3691.368330997648,0.05,25,1.25,Vanilla MPC,225,300,42,7.7,5.1
True,REACHED,0.6,0.6,18.65322961351701,3.5285518488681824e-05,0,12,84.30093049779923,1011.6111659735908,0.05,25,1.25,Vanilla MPC,226,300,42,7.7,5.1
True,REACHED,1.3000000000000005,1.3000000000000005,33.52077583819146,7.2165960261930204e-06,0,26,87.0439438451565,2263.142539974069,0.05,25,1.25,Vanilla MPC,227,300,42,7.7,5.1
False,INFEASIBLE_STEP1,,0.0,0.0,1.303860872397864,1,0,753.714916005265,753.714916005265,0.05,25,1.25,Vanilla MPC,228,300,42,7.7,5.1
True,REACHED,0.9000000000000002,0.9000000000000002,17.407894634366215,7.13709102848173,0,18,79.065013888693,1423.170249996474,0.05,25,1.25,Vanilla MPC,229,300,42,7.7,5.1
True,REACHED,1.2000000000000004,1.2000000000000004,31.278729919339995,3.953298982912361e-06,0,24,82.84012162281822,1988.162918947637,0.05,25,1.25,Vanilla MPC,230,300,42,7.7,5.1
True,REACHED,0.9500000000000004,0.9500000000000004,26.267291007728357,7.345880044201599e-06,0,19,86.89140336891317,1650.9366640093504,0.05,25,1.25,Vanilla MPC,231,300,42,7.7,5.1
True,REACHED,1.4000000000000006,1.4000000000000006,55.500482135351504,-3.5090479948322565e-06,0,28,110.19602832155736,3085.4887930036057,0.05,25,1.25,Vanilla MPC,232,300,42,7.7,5.1
True,REACHED,1.3000000000000005,1.3000000000000005,57.11227522922059,1.1663284129947368e-05,0,26,86.71938453895004,2254.703998012701,0.05,25,1.25,Vanilla MPC,233,300,42,7.7,5.1
True,REACHED,0.7500000000000001,0.7500000000000001,13.672722103924189,6.7258408257215745,0,15,90.9311278005286,1363.9669170079287,0.05,25,1.25,Vanilla MPC,234,300,42,7.7,5.1
False,INFEASIBLE_STEP1,,0.0,0.0,1.5848291803492158,1,0,776.3909999921452,776.3909999921452,0.05,25,1.25,Vanilla MPC,235,300,42,7.7,5.1
False,INFEASIBLE_STEP1,,0.0,0.0,2.1057886397438605,1,0,599.2160840105498,599.2160840105498,0.05,25,1.25,Vanilla MPC,236,300,42,7.7,5.1
True,REACHED,1.4000000000000006,1.4000000000000006,36.885629712258314,2.965244182989817e-06,0,28,105.1137887859243,2943.1860860058805,0.05,25,1.25,Vanilla MPC,237,300,42,7.7,5.1
True,REACHED,1.3500000000000003,1.3500000000000003,55.49416902620597,2.339061016299318e-06,0,27,83.9822084089974,2267.5196270429296,0.05,25,1.25,Vanilla MPC,238,300,42,7.7,5.1
True,REACHED,1.0000000000000002,1.0000000000000002,28.04609570682072,5.378357802244481e-06,0,20,57.752152101602405,1155.043042032048,0.05,25,1.25,Vanilla MPC,239,300,42,7.7,5.1
True,REACHED,1.0000000000000002,1.0000000000000002,31.83722332504162,4.5657745894023275e-06,0,20,93.60231475075123,1872.046295015025,0.05,25,1.25,Vanilla MPC,240,300,42,7.7,5.1
True,REACHED,0.4499999999999999,0.4499999999999999,7.359159364092078,4.780076692248236,0,9,56.96118966443464,512.6507069799118,0.05,25,1.25,Vanilla MPC,241,300,42,7.7,5.1
True,REACHED,1.1500000000000004,1.1500000000000004,25.841982028614886,3.4098007626756565e-06,0,23,87.62362673840708,2015.343414983363,0.05,25,1.25,Vanilla MPC,242,300,42,7.7,5.1
True,REACHED,0.9500000000000004,0.9500000000000004,24.48355450207819,7.903724501293306e-06,0,19,96.27568194455786,1829.2379569465993,0.05,25,1.25,Vanilla MPC,243,300,42,7.7,5.1
True,REACHED,1.0500000000000005,1.0500000000000005,26.024649233779684,3.950021040414812e-06,0,21,103.18549623757248,2166.8954209890217,0.05,25,1.25,Vanilla MPC,244,300,42,7.7,5.1
True,REACHED,1.2500000000000004,1.2500000000000004,48.476102898973735,8.029186094426605e-06,0,25,110.17696007853374,2754.4240019633435,0.05,25,1.25,Vanilla MPC,245,300,42,7.7,5.1
True,REACHED,0.25,0.25,5.396846729173508,1.33357098190013,0,5,137.90472500259057,689.5236250129528,0.05,25,1.25,Vanilla MPC,246,300,42,7.7,5.1
False,INFEASIBLE_STEP1,,0.0,0.0,1.5470508228239142,1,0,602.9590830003144,602.9590830003144,0.05,25,1.25,Vanilla MPC,247,300,42,7.7,5.1
True,REACHED,1.1500000000000004,1.1500000000000004,27.98658924904803,4.344575078327104e-06,0,23,113.57982069603167,2612.3358760087285,0.05,25,1.25,Vanilla MPC,248,300,42,7.7,5.1
True,REACHED,0.4499999999999999,0.4499999999999999,6.87447468128954,1.7365266877708196,0,9,93.724657555059,843.5219179955311,0.05,25,1.25,Vanilla MPC,249,300,42,7.7,5.1
True,REACHED,0.4999999999999999,0.4999999999999999,9.121147843208872,3.088621167074898,0,10,108.96884160029003,1089.6884160029003,0.05,25,1.25,Vanilla MPC,250,300,42,7.7,5.1
True,REACHED,0.9000000000000002,0.9000000000000002,18.14496918974725,5.844179461146922e-07,0,18,84.01483794295928,1512.267082973267,0.05,25,1.25,Vanilla MPC,251,300,42,7.7,5.1
False,INFEASIBLE_MID,,0.4999999999999999,33.267636618746224,-6.547454083778954e-06,1,10,256.32348481502214,2819.5583329652436,0.05,25,1.25,Vanilla MPC,252,300,42,7.7,5.1
True,REACHED,1.2500000000000004,1.2500000000000004,34.95368948546738,5.41503438997972e-06,0,25,100.12148832087404,2503.0372080218513,0.05,25,1.25,Vanilla MPC,253,300,42,7.7,5.1
True,REACHED,0.9500000000000004,0.9500000000000004,22.460034454833178,6.342991616855016e-06,0,19,96.44824768474793,1832.5167060102103,0.05,25,1.25,Vanilla MPC,254,300,42,7.7,5.1
False,INFEASIBLE_MID,,0.3,15.955916651532734,-2.093220268288088e-07,1,6,147.99816057243984,1035.9871240070788,0.05,25,1.25,Vanilla MPC,255,300,42,7.7,5.1
False,INFEASIBLE_STEP1,,0.0,0.0,8.621591391966941,1,0,266.7110420006793,266.7110420006793,0.05,25,1.25,Vanilla MPC,256,300,42,7.7,5.1
False,INFEASIBLE_MID,,0.5499999999999999,17.501626569965612,-1.3173015884712434e-05,1,11,254.2189548330498,3050.6274579965975,0.05,25,1.25,Vanilla MPC,257,300,42,7.7,5.1
True,REACHED,1.2000000000000004,1.2000000000000004,29.18112935171458,7.111023406228979e-06,0,24,92.47026391615994,2219.2863339878386,0.05,25,1.25,Vanilla MPC,258,300,42,7.7,5.1
True,REACHED,0.8000000000000002,0.8000000000000002,18.388113507656076,0.000779483840211,0,16,87.71672406328435,1403.4675850125495,0.05,25,1.25,Vanilla MPC,259,300,42,7.7,5.1
True,REACHED,0.3,0.3,5.415488718682513,8.816159729918231,0,6,66.77952766767703,400.6771660060622,0.05,25,1.25,Vanilla MPC,260,300,42,7.7,5.1
True,REACHED,0.6,0.6,10.34731113483454,0.2104546920969154,0,12,62.00750683395503,744.0900820074603,0.05,25,1.25,Vanilla MPC,261,300,42,7.7,5.1
True,REACHED,0.25,0.25,2.151013172729531,2.3922237773802837,0,5,91.86053379962686,459.3026689981343,0.05,25,1.25,Vanilla MPC,262,300,42,7.7,5.1
True,REACHED,1.4000000000000006,1.4000000000000006,53.889532651445485,6.65431217902638e-06,0,28,79.27038531956246,2219.570788947749,0.05,25,1.25,Vanilla MPC,263,300,42,7.7,5.1
True,REACHED,0.7000000000000001,0.7000000000000001,17.46605828849384,6.273780051038561,0,14,100.38640200010768,1405.4096280015074,0.05,25,1.25,Vanilla MPC,264,300,42,7.7,5.1
True,REACHED,0.8500000000000002,0.8500000000000002,16.783460760305765,3.1592468144396266e-06,0,17,74.95429176624918,1274.2229600262365,0.05,25,1.25,Vanilla MPC,265,300,42,7.7,5.1
True,REACHED,1.4000000000000006,1.4000000000000006,38.880451754886295,-1.1423593362809652e-06,0,28,82.66054921477917,2314.4953780138167,0.05,25,1.25,Vanilla MPC,266,300,42,7.7,5.1
True,REACHED,0.7500000000000001,0.7500000000000001,18.43840289479729,7.2037612203926535,0,15,71.25408340167876,1068.8112510251813,0.05,25,1.25,Vanilla MPC,267,300,42,7.7,5.1
True,REACHED,0.8000000000000002,0.8000000000000002,15.379569206129556,4.378105937495273,0,16,70.49284905951936,1127.8855849523095,0.05,25,1.25,Vanilla MPC,268,300,42,7.7,5.1
True,REACHED,0.6,0.6,18.788813010742512,7.370923288424353e-06,0,12,67.57577775109287,810.9093330131145,0.05,25,1.25,Vanilla MPC,269,300,42,7.7,5.1
False,INFEASIBLE_STEP1,,0.0,0.0,0.7572005055600882,1,0,217.19783399021253,217.19783399021253,0.05,25,1.25,Vanilla MPC,270,300,42,7.7,5.1
True,REACHED,0.8500000000000002,0.8500000000000002,15.11090787141371,4.7627399014794705,0,17,57.90069858844885,984.3118760036303,0.05,25,1.25,Vanilla MPC,271,300,42,7.7,5.1
True,REACHED,0.7000000000000001,0.7000000000000001,10.379311578843494,3.581510142933496,0,14,64.62409807344167,904.7373730281834,0.05,25,1.25,Vanilla MPC,272,300,42,7.7,5.1
True,REACHED,0.35,0.35,12.603345914165072,9.417744836057642,0,7,58.77309514159736,411.4116659911815,0.05,25,1.25,Vanilla MPC,273,300,42,7.7,5.1
False,INFEASIBLE_MID,,0.4999999999999999,27.732492560385275,-2.6263833408829294e-06,1,10,206.64608718123583,2273.106958993594,0.05,25,1.25,Vanilla MPC,274,300,42,7.7,5.1
True,REACHED,1.4000000000000006,1.4000000000000006,64.95564846270047,3.178047778739265e-06,0,28,76.18319789357234,2133.1295410200255,0.05,25,1.25,Vanilla MPC,275,300,42,7.7,5.1
True,REACHED,0.7500000000000001,0.7500000000000001,16.132761565040866,0.0327539264927989,0,15,62.16202493136128,932.4303739704192,0.05,25,1.25,Vanilla MPC,276,300,42,7.7,5.1
True,REACHED,0.9000000000000002,0.9000000000000002,18.77396166203583,6.1418502328856775e-06,0,18,54.627590220156385,983.2966239628148,0.05,25,1.25,Vanilla MPC,277,300,42,7.7,5.1
True,REACHED,1.3500000000000003,1.3500000000000003,60.532480677654256,9.080964701300436e-07,0,27,78.63233659170672,2123.0730879760813,0.05,25,1.25,Vanilla MPC,278,300,42,7.7,5.1
True,REACHED,0.7000000000000001,0.7000000000000001,24.89183234062391,1.9117140856567036,0,14,68.62217542740316,960.7104559836444,0.05,25,1.25,Vanilla MPC,279,300,42,7.7,5.1
True,REACHED,0.9500000000000004,0.9500000000000004,33.48737963604734,4.624083735221038e-06,0,19,84.51432231614538,1605.7721240067622,0.05,25,1.25,Vanilla MPC,280,300,42,7.7,5.1
False,INFEASIBLE_STEP1,,0.0,0.0,0.7443952927132589,1,0,349.41787499701604,349.41787499701604,0.05,25,1.25,Vanilla MPC,281,300,42,7.7,5.1
True,REACHED,1.0500000000000005,1.0500000000000005,20.54697770199452,2.254578587053172e-06,0,21,68.00064871328816,1428.0136229790514,0.05,25,1.25,Vanilla MPC,282,300,42,7.7,5.1
True,REACHED,0.65,0.65,10.081777064433956,8.627163707058559,0,13,60.337798149423456,784.391375942505,0.05,25,1.25,Vanilla MPC,283,300,42,7.7,5.1
True,REACHED,1.3500000000000003,1.3500000000000003,62.44119971006803,1.282476148970352e-05,0,27,69.7704628524931,1883.8024970173135,0.05,25,1.25,Vanilla MPC,284,300,42,7.7,5.1
True,REACHED,1.1000000000000003,1.1000000000000003,32.34916410210359,5.501538632286672e-06,0,22,67.38940140944165,1482.5668310077162,0.05,25,1.25,Vanilla MPC,285,300,42,7.7,5.1
True,REACHED,0.9500000000000004,0.9500000000000004,38.13913288592548,2.57163697580122e-06,0,19,65.92804599954673,1252.632873991388,0.05,25,1.25,Vanilla MPC,286,300,42,7.7,5.1
True,REACHED,0.7000000000000001,0.7000000000000001,19.371787969361403,4.425493419758857,0,14,73.48554464364757,1028.797625011066,0.05,25,1.25,Vanilla MPC,287,300,42,7.7,5.1
False,INFEASIBLE_STEP1,,0.0,0.0,4.23793482784244,1,0,512.9369580099592,512.9369580099592,0.05,25,1.25,Vanilla MPC,288,300,42,7.7,5.1
True,REACHED,1.3000000000000005,1.3000000000000005,39.12277732727181,6.013129635486833e-06,0,26,71.01897123021234,1846.493251985521,0.05,25,1.25,Vanilla MPC,289,300,42,7.7,5.1
True,REACHED,0.65,0.65,15.984233119386346,1.978714692854691,0,13,56.30586876941379,731.9762940023793,0.05,25,1.25,Vanilla MPC,290,300,42,7.7,5.1
True,REACHED,0.9000000000000002,0.9000000000000002,18.54601782376953,6.352919141711009,0,18,65.50202783142191,1179.0365009655943,0.05,25,1.25,Vanilla MPC,291,300,42,7.7,5.1
True,REACHED,0.6,0.6,17.4725434513788,1.4933729785930755e-05,0,12,57.30965258408105,687.7158310089726,0.05,25,1.25,Vanilla MPC,292,300,42,7.7,5.1
False,INFEASIBLE_STEP1,,0.0,0.0,8.548563267697343,1,0,329.10087499476504,329.10087499476504,0.05,25,1.25,Vanilla MPC,293,300,42,7.7,5.1
True,REACHED,0.6,0.6,13.148271577015876,8.097649470532962,0,12,60.37824674907218,724.5389609888662,0.05,25,1.25,Vanilla MPC,294,300,42,7.7,5.1
True,REACHED,1.4000000000000006,1.4000000000000006,55.77087669865817,1.8817930834014709e-06,0,28,63.79189592813158,1786.1730859876843,0.05,25,1.25,Vanilla MPC,295,300,42,7.7,5.1
True,REACHED,0.7000000000000001,0.7000000000000001,23.178677586329716,3.0391262991371684,0,14,59.46999714277418,832.5799599988386,0.05,25,1.25,Vanilla MPC,296,300,42,7.7,5.1
True,REACHED,1.3000000000000005,1.3000000000000005,38.5615339850658,3.6859233218151383e-06,0,26,69.93632034741145,1818.3443290326975,0.05,25,1.25,Vanilla MPC,297,300,42,7.7,5.1
True,REACHED,1.3500000000000003,1.3500000000000003,55.08763832781046,-2.8304274684993527e-08,0,27,64.21284414763149,1733.74679198605,0.05,25,1.25,Vanilla MPC,298,300,42,7.7,5.1
True,REACHED,1.0500000000000005,1.0500000000000005,19.72891841539245,0.0038671723109026,0,21,66.1754899989492,1389.6852899779333,0.05,25,1.25,Vanilla MPC,299,300,42,7.7,5.1
False,INFEASIBLE_MID,,0.5499999999999999,16.541166574357923,-5.384035436432869e-06,1,11,217.15691308054377,2605.882956966525,0.05,25,1.25,RA-MPC (ours),0,300,42,7.7,5.1
True,REACHED,1.1500000000000004,1.1500000000000004,48.051538487343585,7.013454362165852e-06,0,23,92.30358695798634,2122.982500033686,0.05,25,1.25,RA-MPC (ours),1,300,42,7.7,5.1
True,REACHED,0.5499999999999999,0.5499999999999999,18.549618752386912,5.592582002116371,0,11,159.0399470018879,1749.439417020767,0.05,25,1.25,RA-MPC (ours),2,300,42,7.7,5.1
True,REACHED,0.3999999999999999,0.3999999999999999,11.291834670997044,5.6776109119873155,0,8,143.38305725141254,1147.0644580113003,0.05,25,1.25,RA-MPC (ours),3,300,42,7.7,5.1
True,REACHED,1.2500000000000004,1.2500000000000004,54.23432288070166,1.4466646977708476e-05,0,25,89.89460672135465,2247.365168033866,0.05,25,1.25,RA-MPC (ours),4,300,42,7.7,5.1
True,REACHED,0.5499999999999999,0.5499999999999999,8.988557054583055,2.5161726534542623,0,11,105.53526890659916,1160.8879579725908,0.05,25,1.25,RA-MPC (ours),5,300,42,7.7,5.1
True,REACHED,1.3000000000000005,1.3000000000000005,51.99899939617349,8.671563031046218e-06,0,26,106.09702880789813,2758.522749005351,0.05,25,1.25,RA-MPC (ours),6,300,42,7.7,5.1
True,REACHED,0.9000000000000002,0.9000000000000002,16.100236198211253,3.3192325207503313,0,18,99.47015033281384,1790.4627059906488,0.05,25,1.25,RA-MPC (ours),7,300,42,7.7,5.1
True,REACHED,0.7500000000000001,0.7500000000000001,21.265472490466287,0.2761729620352196,0,15,103.29918893403374,1549.487834010506,0.05,25,1.25,RA-MPC (ours),8,300,42,7.7,5.1
True,REACHED,0.8500000000000002,0.8500000000000002,32.29084454754957,4.338087387517715e-06,0,17,86.44577699990751,1469.5782089984275,0.05,25,1.25,RA-MPC (ours),9,300,42,7.7,5.1
True,REACHED,0.8000000000000002,0.8000000000000002,21.848904657354673,0.919277035376798,0,16,74.65615099863498,1194.4984159781598,0.05,25,1.25,RA-MPC (ours),10,300,42,7.7,5.1
True,REACHED,0.3999999999999999,0.3999999999999999,11.059203094744014,2.5301061391628155,0,8,77.37236437606043,618.9789150084835,0.05,25,1.25,RA-MPC (ours),11,300,42,7.7,5.1
True,REACHED,0.7500000000000001,0.7500000000000001,11.804462385629758,1.1031313074928415e-05,0,15,91.20751939966188,1368.1127909949282,0.05,25,1.25,RA-MPC (ours),12,300,42,7.7,5.1
True,REACHED,0.9000000000000002,0.9000000000000002,25.151231814803136,1.17027223671104e-05,0,18,79.53276155684661,1431.589708023239,0.05,25,1.25,RA-MPC (ours),13,300,42,7.7,5.1
True,REACHED,1.1500000000000004,1.1500000000000004,29.8984423682034,2.640799958054975e-06,0,23,100.9697064759878,2322.303248947719,0.05,25,1.25,RA-MPC (ours),14,300,42,7.7,5.1
True,REACHED,0.5499999999999999,0.5499999999999999,9.377209864501165,4.298490093551909,0,11,90.56735599667512,996.2409159634262,0.05,25,1.25,RA-MPC (ours),15,300,42,7.7,5.1
True,REACHED,0.6,0.6,14.509052615787873,4.284650296047827,0,12,91.27451391880945,1095.2941670257133,0.05,25,1.25,RA-MPC (ours),16,300,42,7.7,5.1
True,REACHED,1.2000000000000004,1.2000000000000004,48.513541239833295,5.188939378661545e-06,0,24,93.6218887497186,2246.925329993246,0.05,25,1.25,RA-MPC (ours),17,300,42,7.7,5.1
True,REACHED,0.4999999999999999,0.4999999999999999,13.684419105957131,8.182170202052024,0,10,92.82398320065111,928.2398320065112,0.05,25,1.25,RA-MPC (ours),18,300,42,7.7,5.1
True,REACHED,1.5500000000000007,1.5500000000000007,52.57862432112001,5.927610447291477e-06,0,31,92.4437689372421,2865.756837054505,0.05,25,1.25,RA-MPC (ours),19,300,42,7.7,5.1
True,REACHED,0.4999999999999999,0.4999999999999999,16.54270732600462,7.88464518159052,0,10,90.49053749768063,904.9053749768065,0.05,25,1.25,RA-MPC (ours),20,300,42,7.7,5.1
True,REACHED,1.2000000000000004,1.2000000000000004,51.38629761496004,6.6412840871285455e-06,0,24,95.81037670856556,2299.4490410055732,0.05,25,1.25,RA-MPC (ours),21,300,42,7.7,5.1
True,REACHED,0.2,0.2,5.912835895965076,9.194602141979937,0,4,60.81107274440001,243.24429097760003,0.05,25,1.25,RA-MPC (ours),22,300,42,7.7,5.1
False,INFEASIBLE_MID,,0.7000000000000001,44.478425083476274,-1.3612362533296331e-06,1,14,221.1498527991353,3317.247791987029,0.05,25,1.25,RA-MPC (ours),23,300,42,7.7,5.1
True,REACHED,0.7000000000000001,0.7000000000000001,10.201134420565836,1.1753251067803994e-05,0,14,75.84735721320612,1061.8630009848855,0.05,25,1.25,RA-MPC (ours),24,300,42,7.7,5.1
True,REACHED,1.1000000000000003,1.1000000000000003,28.045784249513137,2.56549557071734e-06,0,22,88.65667786581484,1950.4469130479265,0.05,25,1.25,RA-MPC (ours),25,300,42,7.7,5.1
True,REACHED,1.1000000000000003,1.1000000000000003,25.107477827256997,2.824302876465936e-06,0,22,83.98985782101094,1847.7768720622407,0.05,25,1.25,RA-MPC (ours),26,300,42,7.7,5.1
False,INFEASIBLE_STEP1,,0.0,0.0,0.1010009878927606,1,0,452.2180420026416,452.2180420026416,0.05,25,1.25,RA-MPC (ours),27,300,42,7.7,5.1
True,REACHED,1.3000000000000005,1.3000000000000005,49.9402326398772,9.118891681675984e-06,0,26,82.48981873083932,2144.735287001822,0.05,25,1.25,RA-MPC (ours),28,300,42,7.7,5.1
True,REACHED,1.0500000000000005,1.0500000000000005,24.064737051362822,4.41100919862855e-06,0,21,80.54496447827357,1691.4442540437449,0.05,25,1.25,RA-MPC (ours),29,300,42,7.7,5.1
False,INFEASIBLE_MID,,0.3999999999999999,13.48661335916738,-3.744609011637941e-06,1,8,181.0910877765208,1629.8197899886873,0.05,25,1.25,RA-MPC (ours),30,300,42,7.7,5.1
True,REACHED,0.4999999999999999,0.4999999999999999,14.804499259864878,10.223943650151345,0,10,75.34560830099508,753.4560830099508,0.05,25,1.25,RA-MPC (ours),31,300,42,7.7,5.1
False,INFEASIBLE_MID,,0.6,30.917162379458222,-1.4408068178963763e-06,1,12,87.73131715245724,1140.507122981944,0.05,25,1.25,RA-MPC (ours),32,300,42,7.7,5.1
True,REACHED,1.0500000000000005,1.0500000000000005,23.735264233943873,0.0001792837110836,0,21,80.4040813347369,1688.485708029475,0.05,25,1.25,RA-MPC (ours),33,300,42,7.7,5.1
True,REACHED,1.3500000000000003,1.3500000000000003,48.54649290105927,8.599742020599692e-07,0,27,78.00232866806995,2106.062874037889,0.05,25,1.25,RA-MPC (ours),34,300,42,7.7,5.1
True,REACHED,0.7500000000000001,0.7500000000000001,13.490910067052525,2.9604971740432497,0,15,67.70676660041015,1015.6014990061522,0.05,25,1.25,RA-MPC (ours),35,300,42,7.7,5.1
True,REACHED,1.1000000000000003,1.1000000000000003,28.474436653751113,8.21448873046114e-06,0,22,80.30899804328907,1766.7979569523595,0.05,25,1.25,RA-MPC (ours),36,300,42,7.7,5.1
False,INFEASIBLE_MID,,0.6,20.15098528196889,-3.1019071910598596e-06,1,12,207.08171161822975,2692.0622510369867,0.05,25,1.25,RA-MPC (ours),37,300,42,7.7,5.1
True,REACHED,1.1500000000000004,1.1500000000000004,28.870492438569475,5.413569521230417e-06,0,23,69.54360143572558,1599.5028330216885,0.05,25,1.25,RA-MPC (ours),38,300,42,7.7,5.1
True,REACHED,0.25,0.25,7.377842052913643,5.803921243337146,0,5,71.71774160233326,358.5887080116663,0.05,25,1.25,RA-MPC (ours),39,300,42,7.7,5.1
True,REACHED,1.2500000000000004,1.2500000000000004,36.49331182498481,2.57695472635801e-06,0,25,82.48281840176787,2062.070460044197,0.05,25,1.25,RA-MPC (ours),40,300,42,7.7,5.1
True,REACHED,1.0000000000000002,1.0000000000000002,25.725979255394197,5.405654671787436e-06,0,20,75.48262090131175,1509.652418026235,0.05,25,1.25,RA-MPC (ours),41,300,42,7.7,5.1
True,REACHED,0.65,0.65,11.442622501072384,4.46494009654892,0,13,72.47606723103672,942.1888740034774,0.05,25,1.25,RA-MPC (ours),42,300,42,7.7,5.1
True,REACHED,0.8000000000000002,0.8000000000000002,17.028277839662522,3.0949124508115506e-05,0,16,76.7312969392151,1227.7007510274416,0.05,25,1.25,RA-MPC (ours),43,300,42,7.7,5.1
True,REACHED,0.8000000000000002,0.8000000000000002,15.616638227524929,2.673384005496052,0,16,89.11336968776595,1425.8139150042553,0.05,25,1.25,RA-MPC (ours),44,300,42,7.7,5.1
True,REACHED,0.4999999999999999,0.4999999999999999,17.10418560409087,4.572840183692817,0,10,76.63382930040825,766.3382930040825,0.05,25,1.25,RA-MPC (ours),45,300,42,7.7,5.1
True,REACHED,0.15,0.15,4.526188717483969,6.3970818072346045,0,3,45.21170832837621,135.63512498512864,0.05,25,1.25,RA-MPC (ours),46,300,42,7.7,5.1
True,REACHED,1.0500000000000005,1.0500000000000005,26.18906484442186,5.106703487357837e-06,0,21,82.33477780734012,1729.0303339541424,0.05,25,1.25,RA-MPC (ours),47,300,42,7.7,5.1
True,REACHED,0.7000000000000001,0.7000000000000001,21.38219424745238,5.460470335439724e-05,0,14,77.81966671713495,1089.4753340398893,0.05,25,1.25,RA-MPC (ours),48,300,42,7.7,5.1
True,REACHED,1.1000000000000003,1.1000000000000003,47.65628114416096,6.240143374657294e-06,0,22,79.61498872662725,1751.5297519857995,0.05,25,1.25,RA-MPC (ours),49,300,42,7.7,5.1
True,REACHED,0.65,0.65,11.179327039120349,9.59266017063563,0,13,88.6818366942372,1152.8638770250836,0.05,25,1.25,RA-MPC (ours),50,300,42,7.7,5.1
True,REACHED,0.65,0.65,11.216399281699209,2.4899144084394864,0,13,77.70869231003766,1010.2130000304896,0.05,25,1.25,RA-MPC (ours),51,300,42,7.7,5.1
True,REACHED,1.3000000000000005,1.3000000000000005,40.28875425993692,1.0131709211683592e-06,0,26,93.25756730910282,2424.6967500366736,0.05,25,1.25,RA-MPC (ours),52,300,42,7.7,5.1
False,INFEASIBLE_MID,,0.4499999999999999,16.98186100588158,-3.853371558572534e-06,1,9,191.81253320421092,1918.1253320421092,0.05,25,1.25,RA-MPC (ours),53,300,42,7.7,5.1
True,REACHED,1.2000000000000004,1.2000000000000004,30.594757697114833,5.911310021440509e-06,0,24,90.2303490408182,2165.528376979637,0.05,25,1.25,RA-MPC (ours),54,300,42,7.7,5.1
True,REACHED,0.9500000000000004,0.9500000000000004,19.85320677921059,2.538664025398534,0,19,94.59427189492423,1797.2911660035606,0.05,25,1.25,RA-MPC (ours),55,300,42,7.7,5.1
True,REACHED,1.3000000000000005,1.3000000000000005,48.457071405240704,3.410671674645932e-06,0,26,100.00495342515372,2600.128789053997,0.05,25,1.25,RA-MPC (ours),56,300,42,7.7,5.1
True,REACHED,1.1500000000000004,1.1500000000000004,29.79605969189199,5.211950371885339e-06,0,23,86.0939386519654,1980.1605889952043,0.05,25,1.25,RA-MPC (ours),57,300,42,7.7,5.1
True,REACHED,1.2500000000000004,1.2500000000000004,53.43414875325305,1.0944347552647747e-05,0,25,80.54968328040559,2013.7420820101397,0.05,25,1.25,RA-MPC (ours),58,300,42,7.7,5.1
True,REACHED,1.0000000000000002,1.0000000000000002,20.087049297039332,1.913858534980725e-06,0,20,86.74707709942595,1734.941541988519,0.05,25,1.25,RA-MPC (ours),59,300,42,7.7,5.1
True,REACHED,0.6,0.6,15.799675325799331,4.7475452719058024,0,12,70.78441333214869,849.4129599857843,0.05,25,1.25,RA-MPC (ours),60,300,42,7.7,5.1
True,REACHED,1.2000000000000004,1.2000000000000004,33.04990533838418,7.468302808060164e-06,0,24,79.25004520802759,1902.001084992662,0.05,25,1.25,RA-MPC (ours),61,300,42,7.7,5.1
False,INFEASIBLE_MID,,0.3999999999999999,19.955546505964424,-1.2425136491280545e-06,1,8,184.11883788778343,1657.0695409900509,0.05,25,1.25,RA-MPC (ours),62,300,42,7.7,5.1
False,INFEASIBLE_STEP1,,0.0,0.0,2.699796154485192,1,0,219.73445799085312,219.73445799085312,0.05,25,1.25,RA-MPC (ours),63,300,42,7.7,5.1
True,REACHED,0.6,0.6,18.53241018423878,5.22650175967081,0,12,66.36112508325216,796.333500999026,0.05,25,1.25,RA-MPC (ours),64,300,42,7.7,5.1
True,REACHED,1.3500000000000003,1.3500000000000003,53.89741186612501,2.349435511645079e-07,0,27,89.83695051951885,2425.597664027009,0.05,25,1.25,RA-MPC (ours),65,300,42,7.7,5.1
True,REACHED,0.8500000000000002,0.8500000000000002,25.104710495911743,1.810197949797681e-05,0,17,65.5838652909391,1114.9257099459646,0.05,25,1.25,RA-MPC (ours),66,300,42,7.7,5.1
False,INFEASIBLE_MID,,0.6,30.623921593409715,-1.2043937482724173e-05,1,12,238.653432692025,3102.494624996325,0.05,25,1.25,RA-MPC (ours),67,300,42,7.7,5.1
True,REACHED,1.4000000000000006,1.4000000000000006,55.721186312315375,8.950073637268786e-06,0,28,84.23388992845763,2358.5489179968135,0.05,25,1.25,RA-MPC (ours),68,300,42,7.7,5.1
True,REACHED,0.6,0.6,17.68391252098992,4.978590899964585e-05,0,12,75.76585433344007,909.1902520012808,0.05,25,1.25,RA-MPC (ours),69,300,42,7.7,5.1
True,REACHED,0.8000000000000002,0.8000000000000002,13.108288707710424,4.4821022051056336e-06,0,16,72.46467187633243,1159.434750021319,0.05,25,1.25,RA-MPC (ours),70,300,42,7.7,5.1
False,INFEASIBLE_MID,,0.4999999999999999,14.785558646535346,-3.386480293592352e-06,1,10,273.5332689110444,3008.865958021488,0.05,25,1.25,RA-MPC (ours),71,300,42,7.7,5.1
True,REACHED,0.8000000000000002,0.8000000000000002,28.7819934989393,9.804224189139451e-07,0,16,81.26871368858701,1300.2994190173922,0.05,25,1.25,RA-MPC (ours),72,300,42,7.7,5.1
True,REACHED,0.3,0.3,5.116087439715077,1.5895489054684828,0,6,77.16957650215288,463.0174590129173,0.05,25,1.25,RA-MPC (ours),73,300,42,7.7,5.1
False,INFEASIBLE_MID,,0.7000000000000001,20.780480263047416,-1.1096989864265023e-05,1,14,275.69398059955955,4135.409708993393,0.05,25,1.25,RA-MPC (ours),74,300,42,7.7,5.1
True,REACHED,1.4000000000000006,1.4000000000000006,42.10782369923062,3.378417427513588e-06,0,28,100.91400292835064,2825.5920819938183,0.05,25,1.25,RA-MPC (ours),75,300,42,7.7,5.1
True,REACHED,0.65,0.65,15.6247492596593,2.439467290778623,0,13,81.23769877084459,1056.0900840209797,0.05,25,1.25,RA-MPC (ours),76,300,42,7.7,5.1
True,REACHED,1.3000000000000005,1.3000000000000005,36.294440860424,6.4016438798802335e-06,0,26,83.13649046333292,2161.548752046656,0.05,25,1.25,RA-MPC (ours),77,300,42,7.7,5.1
True,REACHED,1.3500000000000003,1.3500000000000003,39.95092251370986,4.306984246110556e-06,0,27,85.88480563021558,2318.8897520158207,0.05,25,1.25,RA-MPC (ours),78,300,42,7.7,5.1
True,REACHED,0.5499999999999999,0.5499999999999999,17.02334734932253,3.2759823292532713,0,11,79.67134099982849,876.3847509981133,0.05,25,1.25,RA-MPC (ours),79,300,42,7.7,5.1
True,REACHED,1.3000000000000005,1.3000000000000005,48.58419674894436,5.603651686183375e-06,0,26,89.29415719131401,2321.6480869741645,0.05,25,1.25,RA-MPC (ours),80,300,42,7.7,5.1
True,REACHED,0.7500000000000001,0.7500000000000001,17.456718908884323,3.491946927811544e-06,0,15,70.19364166577968,1052.9046249866951,0.05,25,1.25,RA-MPC (ours),81,300,42,7.7,5.1
True,REACHED,1.2500000000000004,1.2500000000000004,37.4458392679276,4.756786056998243e-07,0,25,91.14033991936594,2278.508497984149,0.05,25,1.25,RA-MPC (ours),82,300,42,7.7,5.1
True,REACHED,0.8000000000000002,0.8000000000000002,31.021237449893356,3.924459901313502e-06,0,16,65.23350250063231,1043.736040010117,0.05,25,1.25,RA-MPC (ours),83,300,42,7.7,5.1
True,REACHED,0.3,0.3,6.583487078691621,5.227848870727125,0,6,78.55674983632828,471.3404990179697,0.05,25,1.25,RA-MPC (ours),84,300,42,7.7,5.1
False,INFEASIBLE_MID,,0.65,18.568205932429315,-5.262171348543473e-06,1,13,213.8749017852076,2994.248624992906,0.05,25,1.25,RA-MPC (ours),85,300,42,7.7,5.1
True,REACHED,1.4500000000000006,1.4500000000000006,39.69421988139978,1.2378065196473665e-05,0,29,98.08262069117488,2844.396000044071,0.05,25,1.25,RA-MPC (ours),86,300,42,7.7,5.1
True,REACHED,0.8000000000000002,0.8000000000000002,20.339913839271492,0.1309446200072963,0,16,88.92409374584531,1422.785499933525,0.05,25,1.25,RA-MPC (ours),87,300,42,7.7,5.1
True,REACHED,1.1500000000000004,1.1500000000000004,29.06882149908913,6.692210374391797e-06,0,23,97.90184773864102,2251.7424979887437,0.05,25,1.25,RA-MPC (ours),88,300,42,7.7,5.1
True,REACHED,1.1500000000000004,1.1500000000000004,30.493988552446535,1.6273878851700805e-06,0,23,90.91142047912834,2090.962671019952,0.05,25,1.25,RA-MPC (ours),89,300,42,7.7,5.1
True,REACHED,0.8000000000000002,0.8000000000000002,16.644984104221496,0.0453561605686381,0,16,100.9372578764669,1614.9961260234704,0.05,25,1.25,RA-MPC (ours),90,300,42,7.7,5.1
False,INFEASIBLE_MID,,0.7000000000000001,40.25019355620682,-1.1024395427107445e-05,1,14,281.22570833462913,4218.385625019437,0.05,25,1.25,RA-MPC (ours),91,300,42,7.7,5.1
False,INFEASIBLE_MID,,0.35,12.920452024274708,-1.5568219106990678e-07,1,7,187.5701302524249,1500.5610420193989,0.05,25,1.25,RA-MPC (ours),92,300,42,7.7,5.1
True,REACHED,0.9500000000000004,0.9500000000000004,17.21166874617015,8.76555609500188e-06,0,19,80.60910736860119,1531.5730400034226,0.05,25,1.25,RA-MPC (ours),93,300,42,7.7,5.1
True,REACHED,0.8500000000000002,0.8500000000000002,17.060477112446396,1.9193333171857777e-06,0,17,90.04133094105568,1530.7026259979466,0.05,25,1.25,RA-MPC (ours),94,300,42,7.7,5.1
True,REACHED,1.0500000000000005,1.0500000000000005,28.65016358307734,6.376271564608436e-06,0,21,97.98581152461423,2057.702042016899,0.05,25,1.25,RA-MPC (ours),95,300,42,7.7,5.1
True,REACHED,1.3000000000000005,1.3000000000000005,57.42658759667419,8.148885409786696e-06,0,26,100.4257661166216,2611.069919032161,0.05,25,1.25,RA-MPC (ours),96,300,42,7.7,5.1
True,REACHED,1.3000000000000005,1.3000000000000005,32.68757133953494,9.182400672456518e-06,0,26,90.401134806318,2350.429504964268,0.05,25,1.25,RA-MPC (ours),97,300,42,7.7,5.1
False,INFEASIBLE_MID,,0.4499999999999999,30.56435532851071,-6.872834011034265e-07,1,9,161.08075419906527,1610.807541990653,0.05,25,1.25,RA-MPC (ours),98,300,42,7.7,5.1
True,REACHED,0.3,0.3,11.4729007557033,7.620092577108419,0,6,78.99202083596417,473.952125015785,0.05,25,1.25,RA-MPC (ours),99,300,42,7.7,5.1
True,REACHED,0.7500000000000001,0.7500000000000001,30.29946673841381,1.5809547897891033e-06,0,15,85.88893046641412,1288.3339569962118,0.05,25,1.25,RA-MPC (ours),100,300,42,7.7,5.1
True,REACHED,1.4500000000000006,1.4500000000000006,56.81826376200856,2.6492198445318255e-08,0,29,101.0580445867602,2930.683293016046,0.05,25,1.25,RA-MPC (ours),101,300,42,7.7,5.1
True,REACHED,1.1500000000000004,1.1500000000000004,27.810216199965645,5.6382027041328395e-06,0,23,95.3591339557138,2193.2600809814176,0.05,25,1.25,RA-MPC (ours),102,300,42,7.7,5.1
True,REACHED,0.8000000000000002,0.8000000000000002,33.22661289842208,3.708338865812194e-06,0,16,90.73715637532588,1451.794502005214,0.05,25,1.25,RA-MPC (ours),103,300,42,7.7,5.1
False,INFEASIBLE_MID,,0.65,34.239687311292926,-8.815138895131505e-06,1,13,240.83942564591,3371.75195904274,0.05,25,1.25,RA-MPC (ours),104,300,42,7.7,5.1
True,REACHED,1.2500000000000004,1.2500000000000004,31.986653728216684,7.535969282142123e-06,0,25,104.82610344071873,2620.652586017968,0.05,25,1.25,RA-MPC (ours),105,300,42,7.7,5.1
True,REACHED,0.9000000000000002,0.9000000000000002,34.739525784484215,3.848946573876638e-06,0,18,94.56669916673692,1702.2005850012647,0.05,25,1.25,RA-MPC (ours),106,300,42,7.7,5.1
True,REACHED,0.9000000000000002,0.9000000000000002,15.918285885742582,3.8223995411543175e-06,0,18,103.79317827755584,1868.2772089960056,0.05,25,1.25,RA-MPC (ours),107,300,42,7.7,5.1
True,REACHED,1.1000000000000003,1.1000000000000003,34.86201227433229,4.373693736588819e-06,0,22,76.71720440901646,1687.7784969983622,0.05,25,1.25,RA-MPC (ours),108,300,42,7.7,5.1
True,REACHED,0.6,0.6,9.96380695071362,3.808440082360815,0,12,81.93624291743618,983.234915009234,0.05,25,1.25,RA-MPC (ours),109,300,42,7.7,5.1
True,REACHED,1.4000000000000006,1.4000000000000006,56.71332565377161,1.17546371295827e-05,0,28,120.86277235773323,3384.157626016531,0.05,25,1.25,RA-MPC (ours),110,300,42,7.7,5.1
True,REACHED,1.4000000000000006,1.4000000000000006,40.86123095634285,1.7989815732267698e-06,0,28,120.69477982367972,3379.453835063032,0.05,25,1.25,RA-MPC (ours),111,300,42,7.7,5.1
True,REACHED,1.3500000000000003,1.3500000000000003,36.94340855066984,6.35267083291647e-07,0,27,107.9182361103853,2913.792374980403,0.05,25,1.25,RA-MPC (ours),112,300,42,7.7,5.1
True,REACHED,0.4999999999999999,0.4999999999999999,9.762560083305337,5.0195222530095665e-05,0,10,66.27548760152422,662.7548760152422,0.05,25,1.25,RA-MPC (ours),113,300,42,7.7,5.1
False,INFEASIBLE_MID,,0.6,35.26611170555385,-7.470308884934398e-07,1,12,105.26673715391485,1368.4675830008928,0.05,25,1.25,RA-MPC (ours),114,300,42,7.7,5.1
True,REACHED,0.9500000000000004,0.9500000000000004,22.133020821156876,2.2443574781701386e-06,0,19,117.9753946298182,2241.5324979665456,0.05,25,1.25,RA-MPC (ours),115,300,42,7.7,5.1
False,INFEASIBLE_STEP1,,0.0,0.0,0.0715250524678965,1,0,597.3448339937022,597.3448339937022,0.05,25,1.25,RA-MPC (ours),116,300,42,7.7,5.1
True,REACHED,1.2500000000000004,1.2500000000000004,34.29183163837781,5.946839913585156e-06,0,25,107.09891508158762,2677.4728770396905,0.05,25,1.25,RA-MPC (ours),117,300,42,7.7,5.1
True,REACHED,0.9000000000000002,0.9000000000000002,33.54722061541532,1.4320335558471836e-06,0,18,96.47977316732674,1736.6359170118812,0.05,25,1.25,RA-MPC (ours),118,300,42,7.7,5.1
True,REACHED,1.3000000000000005,1.3000000000000005,34.19521745597513,2.154146805586963e-06,0,26,114.13005284871012,2967.3813740664627,0.05,25,1.25,RA-MPC (ours),119,300,42,7.7,5.1
True,REACHED,1.1500000000000004,1.1500000000000004,26.662838188492152,2.694844194839494e-06,0,23,103.26205074164572,2375.0271670578513,0.05,25,1.25,RA-MPC (ours),120,300,42,7.7,5.1
True,REACHED,0.4499999999999999,0.4499999999999999,7.548040483098435,0.4561095896611008,0,9,134.11461555935804,1207.0315400342224,0.05,25,1.25,RA-MPC (ours),121,300,42,7.7,5.1
True,REACHED,1.4000000000000006,1.4000000000000006,43.00497250449911,6.854743457389717e-06,0,28,98.37845978472616,2754.596873972332,0.05,25,1.25,RA-MPC (ours),122,300,42,7.7,5.1
True,REACHED,1.5000000000000009,1.5000000000000009,45.82681005754089,5.1101644892243875e-06,0,30,84.7538611322913,2542.615833968739,0.05,25,1.25,RA-MPC (ours),123,300,42,7.7,5.1
True,REACHED,1.2500000000000004,1.2500000000000004,33.79272200923987,8.217760266001727e-07,0,25,85.80371515883598,2145.0928789708996,0.05,25,1.25,RA-MPC (ours),124,300,42,7.7,5.1
True,REACHED,0.9000000000000002,0.9000000000000002,21.424127546218013,1.825346715745907e-06,0,18,83.8872245537156,1509.970041966881,0.05,25,1.25,RA-MPC (ours),125,300,42,7.7,5.1
True,REACHED,1.1500000000000004,1.1500000000000004,28.91839277469108,4.484512318580373e-06,0,23,67.42583513108042,1550.7942080148496,0.05,25,1.25,RA-MPC (ours),126,300,42,7.7,5.1
True,REACHED,1.2500000000000004,1.2500000000000004,31.1767477457089,5.79431675453223e-06,0,25,77.66446163819637,1941.6115409549093,0.05,25,1.25,RA-MPC (ours),127,300,42,7.7,5.1
False,INFEASIBLE_MID,,0.6,19.3883263593401,-7.900516013586709e-06,1,12,221.94300299899905,2885.259038986987,0.05,25,1.25,RA-MPC (ours),128,300,42,7.7,5.1
True,REACHED,1.0500000000000005,1.0500000000000005,30.428564898186824,2.0944408916711622e-06,0,21,64.10649000012893,1346.2362900027074,0.05,25,1.25,RA-MPC (ours),129,300,42,7.7,5.1
True,REACHED,0.7500000000000001,0.7500000000000001,17.603980459177357,0.6071289316943893,0,15,54.173466599119514,812.6019989867928,0.05,25,1.25,RA-MPC (ours),130,300,42,7.7,5.1
True,REACHED,1.0500000000000005,1.0500000000000005,46.200439282623144,5.871231676699784e-06,0,21,81.36199209617362,1708.601834019646,0.05,25,1.25,RA-MPC (ours),131,300,42,7.7,5.1
True,REACHED,0.7500000000000001,0.7500000000000001,14.319830609060665,6.934226852444132,0,15,75.5382722010836,1133.074083016254,0.05,25,1.25,RA-MPC (ours),132,300,42,7.7,5.1
True,REACHED,1.2000000000000004,1.2000000000000004,35.406704979920725,2.2646274259466772e-06,0,24,80.9287951663767,1942.291083993041,0.05,25,1.25,RA-MPC (ours),133,300,42,7.7,5.1
True,REACHED,0.9500000000000004,0.9500000000000004,16.640765221131893,0.8252538271223755,0,19,76.72008763045979,1457.681664978736,0.05,25,1.25,RA-MPC (ours),134,300,42,7.7,5.1
True,REACHED,0.3999999999999999,0.3999999999999999,12.826400977228865,9.63024134252311,0,8,101.0670676241716,808.5365409933729,0.05,25,1.25,RA-MPC (ours),135,300,42,7.7,5.1
True,REACHED,0.9000000000000002,0.9000000000000002,20.031203265038886,2.669945266578772e-06,0,18,63.89809483274197,1150.1657069893554,0.05,25,1.25,RA-MPC (ours),136,300,42,7.7,5.1
True,REACHED,1.0500000000000005,1.0500000000000005,24.75972926858137,5.659073206716055e-06,0,21,62.37497809689514,1309.874540034798,0.05,25,1.25,RA-MPC (ours),137,300,42,7.7,5.1
True,REACHED,0.9000000000000002,0.9000000000000002,19.24676032867182,2.673330273198565e-06,0,18,72.83395599936031,1311.0112079884857,0.05,25,1.25,RA-MPC (ours),138,300,42,7.7,5.1
True,REACHED,0.65,0.65,11.73116826847085,5.205687850445236,0,13,69.09340392247451,898.2142509921687,0.05,25,1.25,RA-MPC (ours),139,300,42,7.7,5.1
False,INFEASIBLE_STEP1,,0.0,0.0,4.298763991527994,1,0,437.8655840118882,437.8655840118882,0.05,25,1.25,RA-MPC (ours),140,300,42,7.7,5.1
True,REACHED,0.65,0.65,15.73897065892764,8.816026577066417,0,13,51.83969561655361,673.9160430151969,0.05,25,1.25,RA-MPC (ours),141,300,42,7.7,5.1
True,REACHED,0.7500000000000001,0.7500000000000001,16.09142867564717,1.8575447856104537,0,15,64.90623880041919,973.5935820062878,0.05,25,1.25,RA-MPC (ours),142,300,42,7.7,5.1
True,REACHED,1.0500000000000005,1.0500000000000005,25.07531246843509,6.237175150324427e-06,0,21,82.18869052611159,1725.9625010483433,0.05,25,1.25,RA-MPC (ours),143,300,42,7.7,5.1
True,REACHED,0.3999999999999999,0.3999999999999999,9.489210350514464,1.2947264729779853,0,8,46.640078122436535,373.1206249794923,0.05,25,1.25,RA-MPC (ours),144,300,42,7.7,5.1
True,REACHED,0.4499999999999999,0.4499999999999999,11.86271151838687,3.5942190087329107,0,9,86.00264822113483,774.0238339902135,0.05,25,1.25,RA-MPC (ours),145,300,42,7.7,5.1
True,REACHED,1.1500000000000004,1.1500000000000004,31.12899368982463,1.7629866376797442e-06,0,23,78.17338582485125,1797.987873971579,0.05,25,1.25,RA-MPC (ours),146,300,42,7.7,5.1
True,REACHED,0.9500000000000004,0.9500000000000004,20.244860013072092,5.267987008444624e-06,0,19,73.70730047573727,1400.4387090390082,0.05,25,1.25,RA-MPC (ours),147,300,42,7.7,5.1
True,REACHED,0.65,0.65,24.503017291798688,9.040578582588326,0,13,85.96692300097158,1117.5699990126304,0.05,25,1.25,RA-MPC (ours),148,300,42,7.7,5.1
True,REACHED,1.0000000000000002,1.0000000000000002,20.773155790932535,7.404565688214115e-06,0,20,81.14574390128837,1622.9148780257674,0.05,25,1.25,RA-MPC (ours),149,300,42,7.7,5.1
True,REACHED,1.1000000000000003,1.1000000000000003,43.41667649854097,5.970506745049907e-06,0,22,92.36498118182432,2032.0295860001352,0.05,25,1.25,RA-MPC (ours),150,300,42,7.7,5.1
True,REACHED,1.0500000000000005,1.0500000000000005,45.44245626835183,4.847948473363104e-06,0,21,83.37345223740807,1750.8424969855696,0.05,25,1.25,RA-MPC (ours),151,300,42,7.7,5.1
False,INFEASIBLE_MID,,0.7500000000000001,41.37060758775425,-1.1742715374933664e-05,1,15,300.0948335020439,4801.517336032703,0.05,25,1.25,RA-MPC (ours),152,300,42,7.7,5.1
True,REACHED,1.3000000000000005,1.3000000000000005,40.69919464729425,5.068673722191334e-06,0,26,100.79420034442312,2620.649208955001,0.05,25,1.25,RA-MPC (ours),153,300,42,7.7,5.1
False,INFEASIBLE_MID,,0.4999999999999999,15.408595917837562,-1.5445960497435335e-06,1,10,133.1848599114561,1465.0334590260172,0.05,25,1.25,RA-MPC (ours),154,300,42,7.7,5.1
True,REACHED,0.8000000000000002,0.8000000000000002,25.544886168531256,7.551771172545008e-06,0,16,69.56752600035543,1113.0804160056869,0.05,25,1.25,RA-MPC (ours),155,300,42,7.7,5.1
False,INFEASIBLE_MID,,0.4499999999999999,15.566218924231922,-2.3702317403246124e-06,1,9,250.05462919798447,2500.5462919798447,0.05,25,1.25,RA-MPC (ours),156,300,42,7.7,5.1
True,REACHED,0.8500000000000002,0.8500000000000002,19.7734703993321,2.7399093766034283e-06,0,17,87.74473270493806,1491.660455983947,0.05,25,1.25,RA-MPC (ours),157,300,42,7.7,5.1
True,REACHED,1.5000000000000009,1.5000000000000009,67.92485622394055,5.154240270288822e-06,0,30,121.42621249804506,3642.786374941352,0.05,25,1.25,RA-MPC (ours),158,300,42,7.7,5.1
True,REACHED,1.4500000000000006,1.4500000000000006,37.57388191081263,7.567125864333353e-06,0,29,126.81226724014088,3677.5557499640854,0.05,25,1.25,RA-MPC (ours),159,300,42,7.7,5.1
True,REACHED,0.8000000000000002,0.8000000000000002,14.42774643830782,0.8487088357405423,0,16,114.09655468924028,1825.544875027845,0.05,25,1.25,RA-MPC (ours),160,300,42,7.7,5.1
True,REACHED,0.5499999999999999,0.5499999999999999,11.632418454341414,9.323224159105594,0,11,108.58315518072976,1194.414706988027,0.05,25,1.25,RA-MPC (ours),161,300,42,7.7,5.1
True,REACHED,0.65,0.65,22.14021192715788,3.362147713905284,0,13,139.57239099993154,1814.4410829991104,0.05,25,1.25,RA-MPC (ours),162,300,42,7.7,5.1
True,REACHED,0.4999999999999999,0.4999999999999999,16.09087445201637,6.2948023185714055,0,10,139.9058627037448,1399.058627037448,0.05,25,1.25,RA-MPC (ours),163,300,42,7.7,5.1
True,REACHED,0.7500000000000001,0.7500000000000001,18.07094662120187,5.5336787314992515e-06,0,15,114.23742506691876,1713.561376003781,0.05,25,1.25,RA-MPC (ours),164,300,42,7.7,5.1
True,REACHED,0.6,0.6,11.898537735111493,5.2995537426095005,0,12,105.91143741354853,1270.937248962582,0.05,25,1.25,RA-MPC (ours),165,300,42,7.7,5.1
True,REACHED,1.2500000000000004,1.2500000000000004,48.377512846440915,4.887342704313522e-06,0,25,115.88113659934606,2897.0284149836516,0.05,25,1.25,RA-MPC (ours),166,300,42,7.7,5.1
True,REACHED,1.3000000000000005,1.3000000000000005,55.43527834430555,5.0656397426919605e-06,0,26,122.80601930699328,3192.9565019818256,0.05,25,1.25,RA-MPC (ours),167,300,42,7.7,5.1
True,REACHED,0.7000000000000001,0.7000000000000001,18.43864934167587,6.797155715663221,0,14,131.70741371348933,1843.9037919888503,0.05,25,1.25,RA-MPC (ours),168,300,42,7.7,5.1
True,REACHED,1.4500000000000006,1.4500000000000006,58.58984034528834,8.588510051258344e-06,0,29,118.19042962201036,3427.5224590383004,0.05,25,1.25,RA-MPC (ours),169,300,42,7.7,5.1
True,REACHED,0.8000000000000002,0.8000000000000002,14.837363059752604,6.70401455294947e-06,0,16,89.16548168872396,1426.647707019583,0.05,25,1.25,RA-MPC (ours),170,300,42,7.7,5.1
True,REACHED,1.2000000000000004,1.2000000000000004,32.70336638179178,4.504114519159466e-06,0,24,133.5956873760248,3206.2964970245957,0.05,25,1.25,RA-MPC (ours),171,300,42,7.7,5.1
False,INFEASIBLE_STEP1,,0.0,0.0,0.7076548625108998,1,0,614.293832986732,614.293832986732,0.05,25,1.25,RA-MPC (ours),172,300,42,7.7,5.1
True,REACHED,0.6,0.6,20.38800525501512,0.0682020286170814,0,12,81.87543741708699,982.505249005044,0.05,25,1.25,RA-MPC (ours),173,300,42,7.7,5.1
True,REACHED,1.2500000000000004,1.2500000000000004,51.139062685517835,4.658652463130285e-06,0,25,117.1210666821571,2928.0266670539277,0.05,25,1.25,RA-MPC (ours),174,300,42,7.7,5.1
True,REACHED,0.8500000000000002,0.8500000000000002,18.29771733911025,2.6516661036579353e-06,0,17,108.81506611750572,1849.856123997597,0.05,25,1.25,RA-MPC (ours),175,300,42,7.7,5.1
False,INFEASIBLE_MID,,0.5499999999999999,23.06131865841754,-6.440069562988398e-06,1,11,269.58096891879296,3234.971627025516,0.05,25,1.25,RA-MPC (ours),176,300,42,7.7,5.1
False,INFEASIBLE_MID,,0.4999999999999999,21.73468397188745,-4.126719386827048e-06,1,10,364.3752805470616,4008.1280860176776,0.05,25,1.25,RA-MPC (ours),177,300,42,7.7,5.1
True,REACHED,0.5499999999999999,0.5499999999999999,16.10817503369876,4.511311213734559,0,11,98.50028418374926,1083.5031260212418,0.05,25,1.25,RA-MPC (ours),178,300,42,7.7,5.1
True,REACHED,1.3500000000000003,1.3500000000000003,58.08238281849019,7.99415543048032e-06,0,27,126.13839203657808,3405.736584987608,0.05,25,1.25,RA-MPC (ours),179,300,42,7.7,5.1
True,REACHED,1.0500000000000005,1.0500000000000005,42.84276496725026,5.256040934568896e-06,0,21,114.24914485680694,2399.2320419929456,0.05,25,1.25,RA-MPC (ours),180,300,42,7.7,5.1
True,REACHED,0.9500000000000004,0.9500000000000004,19.945159464531027,6.724531585665678e-06,0,19,104.933530737119,1993.7370840052608,0.05,25,1.25,RA-MPC (ours),181,300,42,7.7,5.1
True,REACHED,0.9500000000000004,0.9500000000000004,18.89729719123268,4.910716909350314e-05,0,19,107.78664478934124,2047.9462509974835,0.05,25,1.25,RA-MPC (ours),182,300,42,7.7,5.1
True,REACHED,0.7500000000000001,0.7500000000000001,14.55089170564285,7.84157563598528e-07,0,15,103.15316400083248,1547.2974600124871,0.05,25,1.25,RA-MPC (ours),183,300,42,7.7,5.1
True,REACHED,1.4500000000000006,1.4500000000000006,46.52420917199849,9.823882858808963e-06,0,29,107.43118813642752,3115.5044559563976,0.05,25,1.25,RA-MPC (ours),184,300,42,7.7,5.1
True,REACHED,1.0500000000000005,1.0500000000000005,23.60289200984918,3.6542761109786854e-06,0,21,106.28527976153973,2231.9908749923343,0.05,25,1.25,RA-MPC (ours),185,300,42,7.7,5.1
True,REACHED,0.9500000000000004,0.9500000000000004,18.906570056414004,6.034890629991142e-06,0,19,79.63670626294946,1513.0974189960398,0.05,25,1.25,RA-MPC (ours),186,300,42,7.7,5.1
True,REACHED,0.6,0.6,10.4721451267944,9.326177857259708,0,12,88.28507649983901,1059.420917998068,0.05,25,1.25,RA-MPC (ours),187,300,42,7.7,5.1
True,REACHED,0.3,0.3,6.854173414079553,4.856088350453846,0,6,86.89279166719643,521.3567500031786,0.05,25,1.25,RA-MPC (ours),188,300,42,7.7,5.1
True,REACHED,0.7500000000000001,0.7500000000000001,12.900635500844077,9.163963994531724,0,15,88.46398059977219,1326.9597089965828,0.05,25,1.25,RA-MPC (ours),189,300,42,7.7,5.1
True,REACHED,1.2500000000000004,1.2500000000000004,31.210399431713608,8.061640411532039e-06,0,25,110.22446659917478,2755.6116649793694,0.05,25,1.25,RA-MPC (ours),190,300,42,7.7,5.1
True,REACHED,0.35,0.35,11.445196011320505,5.138461914529043,0,7,80.14591071072833,561.0213749750983,0.05,25,1.25,RA-MPC (ours),191,300,42,7.7,5.1
True,REACHED,0.3999999999999999,0.3999999999999999,9.68095579707603,9.709399899629618,0,8,59.17386450164486,473.39091601315886,0.05,25,1.25,RA-MPC (ours),192,300,42,7.7,5.1
True,REACHED,1.1000000000000003,1.1000000000000003,28.65017813840919,4.4413795926825545e-07,0,22,106.61811549983793,2345.598540996434,0.05,25,1.25,RA-MPC (ours),193,300,42,7.7,5.1
True,REACHED,1.3500000000000003,1.3500000000000003,36.54252539932182,3.038251723404075e-06,0,27,100.46280085279486,2712.495623025461,0.05,25,1.25,RA-MPC (ours),194,300,42,7.7,5.1
False,INFEASIBLE_MID,,0.5499999999999999,15.636425016217023,-4.0114416987060135e-06,1,11,278.13934699831105,3337.6721639797324,0.05,25,1.25,RA-MPC (ours),195,300,42,7.7,5.1
True,REACHED,1.1500000000000004,1.1500000000000004,31.238836504485963,6.6647292803199695e-06,0,23,111.81628630552238,2571.774585027015,0.05,25,1.25,RA-MPC (ours),196,300,42,7.7,5.1
True,REACHED,0.9000000000000002,0.9000000000000002,26.965881572372396,1.0809065707031437e-06,0,18,115.45162039045762,2078.129167028237,0.05,25,1.25,RA-MPC (ours),197,300,42,7.7,5.1
True,REACHED,0.25,0.25,6.114718461126701,4.995569179530923,0,5,118.1972084013978,590.986042006989,0.05,25,1.25,RA-MPC (ours),198,300,42,7.7,5.1
True,REACHED,0.8500000000000002,0.8500000000000002,17.29062449685176,1.4581202330951973e-06,0,17,111.38911276665408,1893.6149170331191,0.05,25,1.25,RA-MPC (ours),199,300,42,7.7,5.1
False,INFEASIBLE_MID,,0.7000000000000001,23.261912365439247,-1.2073443427869674e-05,1,14,307.7735611974883,4616.603417962324,0.05,25,1.25,RA-MPC (ours),200,300,42,7.7,5.1
True,REACHED,0.9500000000000004,0.9500000000000004,37.99520629130575,2.491461380472181e-06,0,19,116.64728079018748,2216.298335013562,0.05,25,1.25,RA-MPC (ours),201,300,42,7.7,5.1
True,REACHED,0.35,0.35,8.272000968527545,3.51586007330208,0,7,123.89075599951737,867.2352919966215,0.05,25,1.25,RA-MPC (ours),202,300,42,7.7,5.1
True,REACHED,0.4999999999999999,0.4999999999999999,15.247436203865828,6.439746469680999,0,10,111.78648739733036,1117.8648739733037,0.05,25,1.25,RA-MPC (ours),203,300,42,7.7,5.1
True,REACHED,0.2,0.2,6.451093552160037,4.904673199184427,0,4,81.12990599693148,324.51962398772594,0.05,25,1.25,RA-MPC (ours),204,300,42,7.7,5.1
True,REACHED,1.1500000000000004,1.1500000000000004,30.49630706184288,6.122395725105329e-06,0,23,116.82199273997432,2686.9058330194093,0.05,25,1.25,RA-MPC (ours),205,300,42,7.7,5.1
True,REACHED,0.8500000000000002,0.8500000000000002,15.125548808819351,5.345187594230025e-06,0,17,85.51851223626942,1453.81470801658,0.05,25,1.25,RA-MPC (ours),206,300,42,7.7,5.1
True,REACHED,0.9000000000000002,0.9000000000000002,22.620158696857008,0.0006968434518399,0,18,89.7208171097898,1614.9747079762165,0.05,25,1.25,RA-MPC (ours),207,300,42,7.7,5.1
False,INFEASIBLE_MID,,0.65,38.51328176508528,-8.203929893229764e-07,1,13,156.66392256597257,2193.294915923616,0.05,25,1.25,RA-MPC (ours),208,300,42,7.7,5.1
True,REACHED,0.6,0.6,14.86046821462291,3.671855500893159,0,12,94.23011449932044,1130.7613739918452,0.05,25,1.25,RA-MPC (ours),209,300,42,7.7,5.1
True,REACHED,1.4500000000000006,1.4500000000000006,60.747260881159015,6.910016583052673e-06,0,29,132.81754765545162,3851.708882008097,0.05,25,1.25,RA-MPC (ours),210,300,42,7.7,5.1
False,INFEASIBLE_MID,,0.5499999999999999,24.93073147616982,-3.0391907390342985e-06,1,11,476.5633924143913,5718.760708972695,0.05,25,1.25,RA-MPC (ours),211,300,42,7.7,5.1
False,INFEASIBLE_MID,,0.4999999999999999,17.634296300317764,-3.059897449516631e-06,1,10,463.4622573648812,5098.0848310136935,0.05,25,1.25,RA-MPC (ours),212,300,42,7.7,5.1
False,INFEASIBLE_MID,,0.5499999999999999,24.8755928085869,-5.601596387052805e-06,1,11,528.0019616669355,6336.023540003225,0.05,25,1.25,RA-MPC (ours),213,300,42,7.7,5.1
True,REACHED,0.7500000000000001,0.7500000000000001,14.57716398568721,8.981046464024844,0,15,101.35408893014149,1520.3113339521224,0.05,25,1.25,RA-MPC (ours),214,300,42,7.7,5.1
True,REACHED,1.4000000000000006,1.4000000000000006,40.27604388927088,4.13319142317402e-06,0,28,142.2368765358572,3982.6325430040015,0.05,25,1.25,RA-MPC (ours),215,300,42,7.7,5.1
True,REACHED,1.1500000000000004,1.1500000000000004,34.02976638968511,3.246617213034235e-06,0,23,126.84546560922172,2917.4457090120995,0.05,25,1.25,RA-MPC (ours),216,300,42,7.7,5.1
True,REACHED,1.0000000000000002,1.0000000000000002,23.581013195569664,5.346932702808935e-06,0,20,127.19991249905434,2543.9982499810867,0.05,25,1.25,RA-MPC (ours),217,300,42,7.7,5.1
False,INFEASIBLE_MID,,0.4999999999999999,14.272193168927906,-3.74554155427708e-06,1,10,560.3773068168349,6164.150374985184,0.05,25,1.25,RA-MPC (ours),218,300,42,7.7,5.1
True,REACHED,1.4000000000000006,1.4000000000000006,59.36236823166304,1.124157472480357e-08,0,28,157.2659168570161,4403.445671996451,0.05,25,1.25,RA-MPC (ours),219,300,42,7.7,5.1
False,INFEASIBLE_MID,,0.65,27.70596143208072,-4.470231902852175e-06,1,13,716.8492737140956,10035.889831997338,0.05,25,1.25,RA-MPC (ours),220,300,42,7.7,5.1
True,REACHED,0.65,0.65,14.591797374216773,6.8749445983468656,0,13,90.31073730707598,1174.0395849919878,0.05,25,1.25,RA-MPC (ours),221,300,42,7.7,5.1
False,INFEASIBLE_MID,,0.8500000000000002,49.87243740450365,-6.506201888118243e-06,1,17,372.88057866519216,6711.850415973458,0.05,25,1.25,RA-MPC (ours),222,300,42,7.7,5.1
True,REACHED,0.7500000000000001,0.7500000000000001,19.343992911587083,0.1393606632136575,0,15,98.07607486339596,1471.1411229509397,0.05,25,1.25,RA-MPC (ours),223,300,42,7.7,5.1
False,INFEASIBLE_MID,,0.5499999999999999,33.509167098801946,-4.280371166261295e-06,1,11,315.84348941760254,3790.1218730112305,0.05,25,1.25,RA-MPC (ours),224,300,42,7.7,5.1
False,INFEASIBLE_MID,,0.4999999999999999,26.89739729226924,-5.688688380735715e-06,1,10,242.20647363902324,2664.2712100292556,0.05,25,1.25,RA-MPC (ours),225,300,42,7.7,5.1
True,REACHED,0.7000000000000001,0.7000000000000001,14.919512711924058,4.978780974107346,0,14,130.451318284031,1826.318455976434,0.05,25,1.25,RA-MPC (ours),226,300,42,7.7,5.1
True,REACHED,1.3000000000000005,1.3000000000000005,33.39850308519115,7.267792287577487e-06,0,26,123.27797596047346,3205.22737497231,0.05,25,1.25,RA-MPC (ours),227,300,42,7.7,5.1
False,INFEASIBLE_STEP1,,0.0,0.0,1.303860872397864,1,0,777.3552500002552,777.3552500002552,0.05,25,1.25,RA-MPC (ours),228,300,42,7.7,5.1
True,REACHED,0.7500000000000001,0.7500000000000001,27.150862898923155,0.000224147636299,0,15,113.92489433055744,1708.8734149583615,0.05,25,1.25,RA-MPC (ours),229,300,42,7.7,5.1
True,REACHED,1.2000000000000004,1.2000000000000004,31.36715891286284,3.984585985138028e-06,0,24,118.71490449690708,2849.1577079257695,0.05,25,1.25,RA-MPC (ours),230,300,42,7.7,5.1
True,REACHED,0.9500000000000004,0.9500000000000004,26.267322364948107,7.345918209406819e-06,0,19,116.85021268663388,2220.154041046044,0.05,25,1.25,RA-MPC (ours),231,300,42,7.7,5.1
False,INFEASIBLE_MID,,0.65,34.812780278874314,-3.300298158985423e-06,1,13,326.00802085757357,4564.11229200603,0.05,25,1.25,RA-MPC (ours),232,300,42,7.7,5.1
True,REACHED,1.3000000000000005,1.3000000000000005,57.10703718884456,1.1493199495404335e-05,0,26,147.0956572319175,3824.487088029855,0.05,25,1.25,RA-MPC (ours),233,300,42,7.7,5.1
True,REACHED,0.7500000000000001,0.7500000000000001,13.672722401877124,6.7258407697763145,0,15,127.04411373221473,1905.6617059832208,0.05,25,1.25,RA-MPC (ours),234,300,42,7.7,5.1
False,INFEASIBLE_STEP1,,0.0,0.0,1.5848291803492158,1,0,1276.106833000085,1276.106833000085,0.05,25,1.25,RA-MPC (ours),235,300,42,7.7,5.1
True,REACHED,1.5500000000000007,1.5500000000000007,49.306171326307826,1.0425236289360973e-05,0,31,118.72377009703705,3680.436873008148,0.05,25,1.25,RA-MPC (ours),236,300,42,7.7,5.1
True,REACHED,1.4000000000000006,1.4000000000000006,36.72927637839257,3.248456141820679e-06,0,28,121.09146435770006,3390.561002015602,0.05,25,1.25,RA-MPC (ours),237,300,42,7.7,5.1
True,REACHED,1.3500000000000003,1.3500000000000003,55.48830525155934,2.3591944922092507e-06,0,27,111.77109722080382,3017.819624961703,0.05,25,1.25,RA-MPC (ours),238,300,42,7.7,5.1
True,REACHED,1.0000000000000002,1.0000000000000002,28.043385659302473,5.381740408400267e-06,0,20,106.4510498988966,2129.020997977932,0.05,25,1.25,RA-MPC (ours),239,300,42,7.7,5.1
True,REACHED,1.0000000000000002,1.0000000000000002,31.833420669030136,4.565891849706472e-06,0,20,104.74156050331658,2094.8312100663316,0.05,25,1.25,RA-MPC (ours),240,300,42,7.7,5.1
True,REACHED,0.4499999999999999,0.4499999999999999,7.359159394267424,4.7800766879478065,0,9,93.16613899944868,838.4952509950381,0.05,25,1.25,RA-MPC (ours),241,300,42,7.7,5.1
True,REACHED,1.1500000000000004,1.1500000000000004,25.80975460944886,3.418902639931948e-06,0,23,93.6540435650386,2154.0430019958876,0.05,25,1.25,RA-MPC (ours),242,300,42,7.7,5.1
True,REACHED,0.9500000000000004,0.9500000000000004,24.483565013078305,7.903708671064933e-06,0,19,95.28603284209233,1810.434623999754,0.05,25,1.25,RA-MPC (ours),243,300,42,7.7,5.1
True,REACHED,1.0500000000000005,1.0500000000000005,26.05762660560656,3.95851582784413e-06,0,21,89.45252776071096,1878.5030829749303,0.05,25,1.25,RA-MPC (ours),244,300,42,7.7,5.1
True,REACHED,1.2500000000000004,1.2500000000000004,48.48218431367227,8.003752181183705e-06,0,25,93.80073164007626,2345.0182910019066,0.05,25,1.25,RA-MPC (ours),245,300,42,7.7,5.1
True,REACHED,0.25,0.25,5.399071489770647,1.3345069448406874,0,5,127.590166599839,637.950832999195,0.05,25,1.25,RA-MPC (ours),246,300,42,7.7,5.1
True,REACHED,1.4000000000000006,1.4000000000000006,42.79205127046541,4.1995188795885665e-06,0,28,77.35248810734318,2165.869667005609,0.05,25,1.25,RA-MPC (ours),247,300,42,7.7,5.1
True,REACHED,1.1500000000000004,1.1500000000000004,27.93906813192003,4.352051357175668e-06,0,23,78.56491661020655,1806.9930820347508,0.05,25,1.25,RA-MPC (ours),248,300,42,7.7,5.1
True,REACHED,0.4499999999999999,0.4499999999999999,6.874478523118261,1.7365287324762615,0,9,77.2771851107892,695.4946659971029,0.05,25,1.25,RA-MPC (ours),249,300,42,7.7,5.1
True,REACHED,0.4999999999999999,0.4999999999999999,9.121147190238794,3.0886112251614217,0,10,104.95737089950126,1049.5737089950126,0.05,25,1.25,RA-MPC (ours),250,300,42,7.7,5.1
True,REACHED,0.9000000000000002,0.9000000000000002,18.144166076361618,5.643076118820895e-07,0,18,74.89017822323756,1348.023208018276,0.05,25,1.25,RA-MPC (ours),251,300,42,7.7,5.1
False,INFEASIBLE_MID,,0.4999999999999999,33.30990166568163,-6.54761277852596e-06,1,10,144.33412118259267,1587.6753330085194,0.05,25,1.25,RA-MPC (ours),252,300,42,7.7,5.1
True,REACHED,1.2500000000000004,1.2500000000000004,35.30784456470477,6.06212918638359e-06,0,25,87.47623332135845,2186.9058330339612,0.05,25,1.25,RA-MPC (ours),253,300,42,7.7,5.1
True,REACHED,0.9500000000000004,0.9500000000000004,22.458394393194325,6.34338292799692e-06,0,19,91.68664052757728,1742.0461700239684,0.05,25,1.25,RA-MPC (ours),254,300,42,7.7,5.1
False,INFEASIBLE_MID,,0.3,15.971750234185354,-1.2948041096433997e-07,1,6,102.3338988577182,716.3372920040274,0.05,25,1.25,RA-MPC (ours),255,300,42,7.7,5.1
False,INFEASIBLE_MID,,0.6,22.505744053057693,-8.046091042630312e-06,1,12,176.71791022719566,2297.3328329535434,0.05,25,1.25,RA-MPC (ours),256,300,42,7.7,5.1
False,INFEASIBLE_MID,,0.5499999999999999,16.448291243145786,-9.938433601978945e-06,1,11,109.5620590009882,1314.7447080118582,0.05,25,1.25,RA-MPC (ours),257,300,42,7.7,5.1
True,REACHED,1.2000000000000004,1.2000000000000004,29.09035660545891,7.1965054722410215e-06,0,24,94.50004691764964,2268.0011260235915,0.05,25,1.25,RA-MPC (ours),258,300,42,7.7,5.1
True,REACHED,0.8000000000000002,0.8000000000000002,18.38811370565321,0.0007790184903339,0,16,66.85114856190921,1069.6183769905474,0.05,25,1.25,RA-MPC (ours),259,300,42,7.7,5.1
True,REACHED,0.3,0.3,5.415498410688086,8.816137230004227,0,6,64.93120149874206,389.5872089924523,0.05,25,1.25,RA-MPC (ours),260,300,42,7.7,5.1
True,REACHED,0.6,0.6,10.34783295683548,0.2104547623424653,0,12,76.57060416507495,918.8472499808996,0.05,25,1.25,RA-MPC (ours),261,300,42,7.7,5.1
True,REACHED,0.25,0.25,2.1510130925116293,2.3922237773802837,0,5,75.65417520236224,378.2708760118112,0.05,25,1.25,RA-MPC (ours),262,300,42,7.7,5.1
True,REACHED,1.3000000000000005,1.3000000000000005,31.304524454690625,6.386396356366225e-06,0,26,100.03362499880426,2600.8742499689106,0.05,25,1.25,RA-MPC (ours),263,300,42,7.7,5.1
True,REACHED,0.7000000000000001,0.7000000000000001,17.463443435993106,6.274746826662078,0,14,98.13552071240598,1373.8972899736837,0.05,25,1.25,RA-MPC (ours),264,300,42,7.7,5.1
True,REACHED,0.8500000000000002,0.8500000000000002,16.7834628635913,3.1506655982222785e-06,0,17,80.5270612352829,1368.9600409998093,0.05,25,1.25,RA-MPC (ours),265,300,42,7.7,5.1
True,REACHED,1.4000000000000006,1.4000000000000006,38.51372587740454,-5.812938410346177e-07,0,28,143.4050952848338,4015.3426679753466,0.05,25,1.25,RA-MPC (ours),266,300,42,7.7,5.1
True,REACHED,0.7500000000000001,0.7500000000000001,18.43860012613198,7.2037124210319625,0,15,137.81281133609204,2067.1921700413805,0.05,25,1.25,RA-MPC (ours),267,300,42,7.7,5.1
True,REACHED,0.8000000000000002,0.8000000000000002,15.379570853863092,4.378105828796065,0,16,101.50128118857538,1624.020499017206,0.05,25,1.25,RA-MPC (ours),268,300,42,7.7,5.1
True,REACHED,0.6,0.6,18.788813365384513,7.370688941434685e-06,0,12,102.5856595830798,1231.0279149969574,0.05,25,1.25,RA-MPC (ours),269,300,42,7.7,5.1
False,INFEASIBLE_STEP1,,0.0,0.0,0.7572005055600882,1,0,246.6459580027731,246.6459580027731,0.05,25,1.25,RA-MPC (ours),270,300,42,7.7,5.1
True,REACHED,0.8500000000000002,0.8500000000000002,15.110936907876502,4.76278372948439,0,17,79.51239958706805,1351.7107929801568,0.05,25,1.25,RA-MPC (ours),271,300,42,7.7,5.1
True,REACHED,0.7000000000000001,0.7000000000000001,10.379309158552028,3.581510074821638,0,14,84.78547628640497,1186.9966680096695,0.05,25,1.25,RA-MPC (ours),272,300,42,7.7,5.1
True,REACHED,0.35,0.35,12.603348633091707,9.417743842440338,0,7,114.79813686206138,803.5869580344297,0.05,25,1.25,RA-MPC (ours),273,300,42,7.7,5.1
False,INFEASIBLE_MID,,0.4999999999999999,27.972992986909432,-2.9369227978880257e-06,1,10,260.6375683641421,2867.013252005563,0.05,25,1.25,RA-MPC (ours),274,300,42,7.7,5.1
True,REACHED,1.4500000000000006,1.4500000000000006,66.07381156857561,2.923054393197996e-06,0,29,120.55677161973516,3496.1463769723196,0.05,25,1.25,RA-MPC (ours),275,300,42,7.7,5.1
True,REACHED,0.7500000000000001,0.7500000000000001,16.132769264883056,0.0331996897750705,0,15,91.70939740045772,1375.6409610068658,0.05,25,1.25,RA-MPC (ours),276,300,42,7.7,5.1
True,REACHED,0.9000000000000002,0.9000000000000002,18.774235249337178,6.147716882078726e-06,0,18,83.37717344450841,1500.7891220011516,0.05,25,1.25,RA-MPC (ours),277,300,42,7.7,5.1
True,REACHED,1.3500000000000003,1.3500000000000003,60.52930257248418,9.10303057135324e-07,0,27,122.92399548136422,3318.947877996834,0.05,25,1.25,RA-MPC (ours),278,300,42,7.7,5.1
True,REACHED,0.9000000000000002,0.9000000000000002,18.9249133950634,4.35691165073816,0,18,118.8551297794523,2139.3923360301415,0.05,25,1.25,RA-MPC (ours),279,300,42,7.7,5.1
True,REACHED,0.9500000000000004,0.9500000000000004,33.487380324512486,4.6240256507595994e-06,0,19,107.63296731640462,2045.026379011688,0.05,25,1.25,RA-MPC (ours),280,300,42,7.7,5.1
False,INFEASIBLE_STEP1,,0.0,0.0,0.7443952927132589,1,0,243.5167919902597,243.5167919902597,0.05,25,1.25,RA-MPC (ours),281,300,42,7.7,5.1
True,REACHED,1.0500000000000005,1.0500000000000005,20.54739302804593,2.2793028162158384e-06,0,21,107.02471438049716,2247.5190019904403,0.05,25,1.25,RA-MPC (ours),282,300,42,7.7,5.1
True,REACHED,0.65,0.65,10.08177766014596,8.627163707058559,0,13,104.73521776909296,1361.5578309982084,0.05,25,1.25,RA-MPC (ours),283,300,42,7.7,5.1
True,REACHED,1.3500000000000003,1.3500000000000003,62.44104938693151,1.3065847470851753e-05,0,27,149.60121907481354,4039.2329150199657,0.05,25,1.25,RA-MPC (ours),284,300,42,7.7,5.1
True,REACHED,1.1000000000000003,1.1000000000000003,32.378462246268086,5.494490718881644e-06,0,22,143.81528209064115,3163.936205994105,0.05,25,1.25,RA-MPC (ours),285,300,42,7.7,5.1
True,REACHED,0.9500000000000004,0.9500000000000004,38.18521584010132,2.5608036889928983e-06,0,19,120.36506578902174,2286.936249991413,0.05,25,1.25,RA-MPC (ours),286,300,42,7.7,5.1
True,REACHED,0.7000000000000001,0.7000000000000001,19.371787976726807,4.425493343944563,0,14,113.72813700290862,1592.1939180407207,0.05,25,1.25,RA-MPC (ours),287,300,42,7.7,5.1
False,INFEASIBLE_MID,,0.7000000000000001,29.865487131992747,-1.262883776163821e-06,1,14,285.29373319955386,4279.405997993308,0.05,25,1.25,RA-MPC (ours),288,300,42,7.7,5.1
True,REACHED,1.3000000000000005,1.3000000000000005,40.94041822742689,5.751723963866662e-06,0,26,124.93502081130056,3248.310541093815,0.05,25,1.25,RA-MPC (ours),289,300,42,7.7,5.1
True,REACHED,0.65,0.65,15.984210384483513,1.9787041080883507,0,13,151.51634277068436,1969.7124560188968,0.05,25,1.25,RA-MPC (ours),290,300,42,7.7,5.1
True,REACHED,0.9000000000000002,0.9000000000000002,18.54929203802904,6.353522519868542,0,18,127.30738427813372,2291.532917006407,0.05,25,1.25,RA-MPC (ours),291,300,42,7.7,5.1
True,REACHED,0.6,0.6,17.47254339628865,1.4936428922956002e-05,0,12,141.6988646645526,1700.386375974631,0.05,25,1.25,RA-MPC (ours),292,300,42,7.7,5.1
True,REACHED,1.5500000000000007,1.5500000000000007,46.97224295115246,3.8089898157218337e-06,0,31,120.63032925793632,3739.5402069960255,0.05,25,1.25,RA-MPC (ours),293,300,42,7.7,5.1
True,REACHED,0.6,0.6,13.148275746168846,8.097646483520188,0,12,152.25171875135857,1827.0206250163028,0.05,25,1.25,RA-MPC (ours),294,300,42,7.7,5.1
True,REACHED,1.4000000000000006,1.4000000000000006,55.65660600170894,2.088552343552032e-06,0,28,103.9988899283344,2911.968917993363,0.05,25,1.25,RA-MPC (ours),295,300,42,7.7,5.1
True,REACHED,0.7000000000000001,0.7000000000000001,23.178676155547663,3.039126360851274,0,14,98.00932149768674,1372.1305009676144,0.05,25,1.25,RA-MPC (ours),296,300,42,7.7,5.1
True,REACHED,1.3000000000000005,1.3000000000000005,39.21970015109187,5.820165017291619e-06,0,26,98.916990422787,2571.841750992462,0.05,25,1.25,RA-MPC (ours),297,300,42,7.7,5.1
True,REACHED,1.3500000000000003,1.3500000000000003,55.098671899051055,-8.377882259682778e-08,0,27,100.3508702582352,2709.4734969723504,0.05,25,1.25,RA-MPC (ours),298,300,42,7.7,5.1
True,REACHED,1.0500000000000005,1.0500000000000005,19.749604766542827,0.0038928733208659,0,21,80.09926600096237,1682.0845860202098,0.05,25,1.25,RA-MPC (ours),299,300,42,7.7,5.1
False,INFEASIBLE_MID,,0.625,21.68586769456573,-0.001619904403497,1,5,169.75884733741017,1018.553084024461,0.125,10,1.25,Vanilla MPC,0,300,42,7.7,5.1
True,REACHED,1.25,1.25,50.749404310999154,4.141901085182282e-05,0,10,89.3720291001955,893.720291001955,0.125,10,1.25,Vanilla MPC,1,300,42,7.7,5.1
True,REACHED,0.625,0.625,18.753057232805343,5.592582002116371,0,5,102.41183359757996,512.0591679878999,0.125,10,1.25,Vanilla MPC,2,300,42,7.7,5.1
True,REACHED,0.5,0.5,11.878544570610936,6.0444901509694775,0,4,117.77514574714588,471.1005829885835,0.125,10,1.25,Vanilla MPC,3,300,42,7.7,5.1
True,REACHED,1.25,1.25,54.14713042427767,2.4180082539650616e-05,0,10,118.73182910203468,1187.3182910203468,0.125,10,1.25,Vanilla MPC,4,300,42,7.7,5.1
True,REACHED,0.625,0.625,9.456735064433824,2.4266268878107984,0,5,83.45188339881133,417.25941699405666,0.125,10,1.25,Vanilla MPC,5,300,42,7.7,5.1
True,REACHED,1.375,1.375,51.82705510584711,4.451597537286481e-05,0,11,111.3860831828788,1225.2469150116667,0.125,10,1.25,Vanilla MPC,6,300,42,7.7,5.1
True,REACHED,0.875,0.875,15.619236399002864,3.656841854348717,0,7,82.52680357171423,577.6876250019995,0.125,10,1.25,Vanilla MPC,7,300,42,7.7,5.1
True,REACHED,0.75,0.75,21.382958912242753,0.1898003675261507,0,6,87.88554850131429,527.3132910078857,0.125,10,1.25,Vanilla MPC,8,300,42,7.7,5.1
False,INFEASIBLE_MID,,0.5,28.38499026108836,-0.0008402803709046,1,4,193.2252915983554,966.126457991777,0.125,10,1.25,Vanilla MPC,9,300,42,7.7,5.1
True,REACHED,0.875,0.875,22.865632852318324,1.25606551273223,0,7,105.11898228599291,735.8328760019504,0.125,10,1.25,Vanilla MPC,10,300,42,7.7,5.1
True,REACHED,0.5,0.5,13.946712075360198,0.0006118108838334,0,4,83.57484374573687,334.2993749829475,0.125,10,1.25,Vanilla MPC,11,300,42,7.7,5.1
True,REACHED,0.75,0.75,11.734062182976158,2.5127288948370004e-05,0,6,52.666582999033075,315.99949799419846,0.125,10,1.25,Vanilla MPC,12,300,42,7.7,5.1
True,REACHED,0.875,0.875,25.512638308704226,1.350835165242436e-05,0,7,69.57826185888345,487.0478330121841,0.125,10,1.25,Vanilla MPC,13,300,42,7.7,5.1
False,INFEASIBLE_MID,,0.625,34.492527061526076,-0.0001802757631752,1,5,111.85379183007171,671.1227509804303,0.125,10,1.25,Vanilla MPC,14,300,42,7.7,5.1
True,REACHED,0.625,0.625,10.029844099366205,4.516545499875811,0,5,40.44744999555405,202.23724997777023,0.125,10,1.25,Vanilla MPC,15,300,42,7.7,5.1
True,REACHED,0.625,0.625,14.475622889292964,4.371631328612313,0,5,56.9457749981666,284.728874990833,0.125,10,1.25,Vanilla MPC,16,300,42,7.7,5.1
True,REACHED,1.25,1.25,47.73734731511954,1.1466479428703384e-05,0,10,103.26346240035492,1032.634624003549,0.125,10,1.25,Vanilla MPC,17,300,42,7.7,5.1
True,REACHED,0.5,0.5,13.782553632757258,8.198276022781961,0,4,55.00259349719272,220.01037398877088,0.125,10,1.25,Vanilla MPC,18,300,42,7.7,5.1
False,INFEASIBLE_STEP1,,0.0,0.0,0.8743130714584793,1,0,316.9131250033388,316.9131250033388,0.125,10,1.25,Vanilla MPC,19,300,42,7.7,5.1
True,REACHED,0.625,0.625,12.45246246394726,8.650627845760743,0,5,61.745300199254416,308.7265009962721,0.125,10,1.25,Vanilla MPC,20,300,42,7.7,5.1
True,REACHED,1.25,1.25,48.33769366247249,2.527904478569275e-05,0,10,127.09964989917351,1270.9964989917353,0.125,10,1.25,Vanilla MPC,21,300,42,7.7,5.1
True,REACHED,0.25,0.25,6.301582627747939,9.194602141979937,0,2,218.47281249938533,436.94562499877065,0.125,10,1.25,Vanilla MPC,22,300,42,7.7,5.1
False,INFEASIBLE_STEP1,,0.0,0.0,7.2691005045984785,1,0,995.6239160092082,995.6239160092082,0.125,10,1.25,Vanilla MPC,23,300,42,7.7,5.1
True,REACHED,0.75,0.75,10.5356700835264,3.553000460651785e-05,0,6,73.57795816642465,441.4677489985479,0.125,10,1.25,Vanilla MPC,24,300,42,7.7,5.1
True,REACHED,1.125,1.125,28.107094304270426,1.3167413782698118e-05,0,9,109.68594444501733,987.1735000051558,0.125,10,1.25,Vanilla MPC,25,300,42,7.7,5.1
False,INFEASIBLE_MID,,0.75,18.268881207325,-0.0001135601937835,1,6,1087.96234514531,7615.736416017171,0.125,10,1.25,Vanilla MPC,26,300,42,7.7,5.1
False,INFEASIBLE_STEP1,,0.0,0.0,0.1010009878927606,1,0,850.7761250075419,850.7761250075419,0.125,10,1.25,Vanilla MPC,27,300,42,7.7,5.1
True,REACHED,1.375,1.375,51.33072657835265,1.4263399246659926e-05,0,11,137.75233700157102,1515.275707017281,0.125,10,1.25,Vanilla MPC,28,300,42,7.7,5.1
False,INFEASIBLE_MID,,0.75,17.368957232227324,-7.89263192882769e-07,1,6,499.28505957151566,3494.9954170006095,0.125,10,1.25,Vanilla MPC,29,300,42,7.7,5.1
False,INFEASIBLE_MID,,0.375,12.098488705037209,-1.5720167693464758e-05,1,3,888.4578122451785,3553.831248980714,0.125,10,1.25,Vanilla MPC,30,300,42,7.7,5.1
True,REACHED,0.5,0.5,14.772631715033674,10.223943650151345,0,4,70.986406004522,283.945624018088,0.125,10,1.25,Vanilla MPC,31,300,42,7.7,5.1
False,INFEASIBLE_MID,,0.625,30.492228643077308,-0.000134269477806,1,5,179.13902783281324,1074.8341669968795,0.125,10,1.25,Vanilla MPC,32,300,42,7.7,5.1
True,REACHED,0.875,0.875,32.30210388655258,9.436827556501486e-06,0,7,100.26601814440384,701.862127010827,0.125,10,1.25,Vanilla MPC,33,300,42,7.7,5.1
False,INFEASIBLE_MID,,0.5,24.796967444492093,-3.343423454495551e-05,1,4,659.7795417968882,3298.897708984441,0.125,10,1.25,Vanilla MPC,34,300,42,7.7,5.1
True,REACHED,0.75,0.75,13.360177642262096,3.1153396103162847,0,6,88.51104183365048,531.0662510019029,0.125,10,1.25,Vanilla MPC,35,300,42,7.7,5.1
True,REACHED,1.125,1.125,29.083238788029504,1.098961860852834e-05,0,9,157.98606022144668,1421.87454199302,0.125,10,1.25,Vanilla MPC,36,300,42,7.7,5.1
False,INFEASIBLE_MID,,0.625,20.273849515085395,-0.0001613899677895,1,5,937.401659830357,5624.409958982142,0.125,10,1.25,Vanilla MPC,37,300,42,7.7,5.1
True,REACHED,1.25,1.25,31.712211574421246,1.780995986344465e-05,0,10,135.96015829680255,1359.6015829680257,0.125,10,1.25,Vanilla MPC,38,300,42,7.7,5.1
True,REACHED,0.25,0.25,7.358042092468406,5.760429320339145,0,2,95.33272949192906,190.66545898385812,0.125,10,1.25,Vanilla MPC,39,300,42,7.7,5.1
False,INFEASIBLE_MID,,0.5,17.024326557391422,-2.4018503575291505e-05,1,4,1240.6632750004064,6203.316375002032,0.125,10,1.25,Vanilla MPC,40,300,42,7.7,5.1
False,INFEASIBLE_MID,,0.625,16.673097731192115,-6.41788594222172e-05,1,5,1024.354757166293,6146.128542997758,0.125,10,1.25,Vanilla MPC,41,300,42,7.7,5.1
True,REACHED,0.625,0.625,11.310295096544246,4.486437843643157,0,5,106.01587520213798,530.0793760106899,0.125,10,1.25,Vanilla MPC,42,300,42,7.7,5.1
False,INFEASIBLE_MID,,0.5,36.192933962909365,-0.0029366021319197,1,4,372.9649499960942,1864.824749980471,0.125,10,1.25,Vanilla MPC,43,300,42,7.7,5.1
True,REACHED,0.875,0.875,16.343718284626632,2.673384005496052,0,7,144.4625354301284,1011.2377480108988,0.125,10,1.25,Vanilla MPC,44,300,42,7.7,5.1
True,REACHED,0.5,0.5,17.0623957505458,4.572840183692817,0,4,180.18316625239095,720.7326650095638,0.125,10,1.25,Vanilla MPC,45,300,42,7.7,5.1
True,REACHED,0.25,0.25,5.860124178330954,6.423269668304864,0,2,123.65595849405508,247.31191698811017,0.125,10,1.25,Vanilla MPC,46,300,42,7.7,5.1
True,REACHED,1.125,1.125,29.04109663535194,1.4624784976304443e-06,0,9,122.25946289254352,1100.3351660328915,0.125,10,1.25,Vanilla MPC,47,300,42,7.7,5.1
True,REACHED,0.75,0.75,21.880398627790164,0.0015623114493196,0,6,108.89625016231246,653.3775009738747,0.125,10,1.25,Vanilla MPC,48,300,42,7.7,5.1
True,REACHED,1.125,1.125,47.79026274905674,3.08138320799329e-05,0,9,138.40781511033936,1245.6703359930543,0.125,10,1.25,Vanilla MPC,49,300,42,7.7,5.1
True,REACHED,0.75,0.75,11.76845372764292,9.61870111538181,0,6,102.48437516808433,614.9062510085059,0.125,10,1.25,Vanilla MPC,50,300,42,7.7,5.1
True,REACHED,0.75,0.75,11.6361913950745,2.5069953482243115,0,6,90.31081249607573,541.8648749764543,0.125,10,1.25,Vanilla MPC,51,300,42,7.7,5.1
False,INFEASIBLE_MID,,0.5,18.42071235018961,-2.4043846377312864e-05,1,4,1219.7078331984812,6098.539165992406,0.125,10,1.25,Vanilla MPC,52,300,42,7.7,5.1
False,INFEASIBLE_MID,,0.375,13.737205745301193,-3.347939098479225e-06,1,3,1509.375041747262,6037.500166989048,0.125,10,1.25,Vanilla MPC,53,300,42,7.7,5.1
True,REACHED,1.25,1.25,31.82773093842284,2.0108907697841608e-05,0,10,116.14932919765124,1161.4932919765124,0.125,10,1.25,Vanilla MPC,54,300,42,7.7,5.1
True,REACHED,1.0,1.0,19.648579647940316,2.826265512015716,0,8,94.36061987616996,754.8849590093596,0.125,10,1.25,Vanilla MPC,55,300,42,7.7,5.1
False,INFEASIBLE_MID,,0.625,31.678206708950633,-2.7473943532190864e-05,1,5,1163.0070485043689,6978.042291026213,0.125,10,1.25,Vanilla MPC,56,300,42,7.7,5.1
False,INFEASIBLE_MID,,0.75,39.10213751729708,-1.2045348443488544e-05,1,6,1049.4885478567865,7346.419834997505,0.125,10,1.25,Vanilla MPC,57,300,42,7.7,5.1
True,REACHED,1.25,1.25,54.47705841238723,1.2295454320945934e-05,0,10,155.32565010071266,1553.2565010071266,0.125,10,1.25,Vanilla MPC,58,300,42,7.7,5.1
True,REACHED,0.875,0.875,35.07083101019088,2.2772412023653317,0,7,100.43763714202214,703.063459994155,0.125,10,1.25,Vanilla MPC,59,300,42,7.7,5.1
True,REACHED,0.625,0.625,15.758161183958553,4.8045341977050615,0,5,98.289533201023,491.447666005115,0.125,10,1.25,Vanilla MPC,60,300,42,7.7,5.1
True,REACHED,1.25,1.25,34.238879008224146,1.716391555419259e-05,0,10,120.330687603564,1203.30687603564,0.125,10,1.25,Vanilla MPC,61,300,42,7.7,5.1
False,INFEASIBLE_MID,,0.5,24.50157834212952,-0.001102413793164,1,4,1307.7039748022798,6538.519874011399,0.125,10,1.25,Vanilla MPC,62,300,42,7.7,5.1
False,INFEASIBLE_STEP1,,0.0,0.0,2.699796154485192,1,0,351.9641250022687,351.9641250022687,0.125,10,1.25,Vanilla MPC,63,300,42,7.7,5.1
True,REACHED,0.625,0.625,18.431119104538265,5.117381687219403,0,5,105.09924159850924,525.4962079925463,0.125,10,1.25,Vanilla MPC,64,300,42,7.7,5.1
False,INFEASIBLE_MID,,0.625,33.8477904677543,-3.007444142614295e-05,1,5,1158.8047498347198,6952.828499008319,0.125,10,1.25,Vanilla MPC,65,300,42,7.7,5.1
True,REACHED,0.875,0.875,25.614140526228734,0.0001398819584705,0,7,79.35678557259962,555.4974990081973,0.125,10,1.25,Vanilla MPC,66,300,42,7.7,5.1
False,INFEASIBLE_MID,,0.625,32.81138935255341,-0.0004227922693239,1,5,296.2736946671309,1777.6421680027852,0.125,10,1.25,Vanilla MPC,67,300,42,7.7,5.1
True,REACHED,1.375,1.375,55.406892422179,1.422703570735812e-05,0,11,146.48310582031792,1611.3141640234971,0.125,10,1.25,Vanilla MPC,68,300,42,7.7,5.1
True,REACHED,0.625,0.625,18.513345265478772,0.003183936487305,0,5,115.27904180402402,576.3952090201201,0.125,10,1.25,Vanilla MPC,69,300,42,7.7,5.1
True,REACHED,0.875,0.875,13.6129573685293,5.053526941364148e-06,0,7,104.28560728489954,729.9992509942967,0.125,10,1.25,Vanilla MPC,70,300,42,7.7,5.1
False,INFEASIBLE_MID,,0.5,14.870754456079412,-0.0001852181534993,1,4,751.9807834003586,3759.903917001793,0.125,10,1.25,Vanilla MPC,71,300,42,7.7,5.1
False,INFEASIBLE_MID,,0.375,23.35142037602636,-3.615826181451835e-07,1,3,273.74135424543056,1094.9654169817222,0.125,10,1.25,Vanilla MPC,72,300,42,7.7,5.1
True,REACHED,0.375,0.375,5.148582098842602,1.5895489054684828,0,3,61.77295866170122,185.3188759851037,0.125,10,1.25,Vanilla MPC,73,300,42,7.7,5.1
False,INFEASIBLE_STEP1,,0.0,0.0,4.344789744581988,1,0,1168.098291993374,1168.098291993374,0.125,10,1.25,Vanilla MPC,74,300,42,7.7,5.1
False,INFEASIBLE_STEP1,,0.0,0.0,6.522670699606722,1,0,1121.5184169996064,1121.5184169996064,0.125,10,1.25,Vanilla MPC,75,300,42,7.7,5.1
True,REACHED,0.625,0.625,15.51221432938757,2.374921833247539,0,5,80.52759139682166,402.6379569841083,0.125,10,1.25,Vanilla MPC,76,300,42,7.7,5.1
True,REACHED,1.375,1.375,38.599508686075595,1.754633796750962e-05,0,11,156.4543332722017,1720.9976659942186,0.125,10,1.25,Vanilla MPC,77,300,42,7.7,5.1
False,INFEASIBLE_MID,,1.0,28.184372469732544,-4.138706129253481e-05,1,8,274.9030835548183,2474.1277519933647,0.125,10,1.25,Vanilla MPC,78,300,42,7.7,5.1
True,REACHED,0.625,0.625,17.31992082081157,3.0190072904864587,0,5,90.11738339904696,450.5869169952348,0.125,10,1.25,Vanilla MPC,79,300,42,7.7,5.1
True,REACHED,1.375,1.375,50.211116525984856,1.2438821783709307e-05,0,11,157.3613676393341,1730.9750440326752,0.125,10,1.25,Vanilla MPC,80,300,42,7.7,5.1
False,INFEASIBLE_MID,,0.5,14.49536620870825,-8.044085662729509e-07,1,4,336.8330834025983,1684.1654170129914,0.125,10,1.25,Vanilla MPC,81,300,42,7.7,5.1
False,INFEASIBLE_STEP1,,0.0,0.0,9.000923268350622,1,0,813.1648330017924,813.1648330017924,0.125,10,1.25,Vanilla MPC,82,300,42,7.7,5.1
False,INFEASIBLE_MID,,0.5,26.844480784353348,-1.1684945645578362e-05,1,4,1591.1465166020207,7955.732583010104,0.125,10,1.25,Vanilla MPC,83,300,42,7.7,5.1
True,REACHED,0.375,0.375,6.7405512616685215,5.316198507469849,0,3,88.0389863353533,264.1169590060599,0.125,10,1.25,Vanilla MPC,84,300,42,7.7,5.1
False,INFEASIBLE_STEP1,,0.0,0.0,8.496681644949996,1,0,593.050209005014,593.050209005014,0.125,10,1.25,Vanilla MPC,85,300,42,7.7,5.1
False,INFEASIBLE_STEP1,,0.0,0.0,4.8990057720047595,1,0,747.3749580094591,747.3749580094591,0.125,10,1.25,Vanilla MPC,86,300,42,7.7,5.1
True,REACHED,0.875,0.875,20.91587229737996,0.3325076741986312,0,7,66.46222614134396,465.2355829894077,0.125,10,1.25,Vanilla MPC,87,300,42,7.7,5.1
True,REACHED,1.125,1.125,27.96212254796586,-1.0228242019140896e-06,0,9,438.07468966406304,3942.6722069765674,0.125,10,1.25,Vanilla MPC,88,300,42,7.7,5.1
False,INFEASIBLE_MID,,0.875,24.200407713658276,-4.324935640910358e-06,1,7,1841.969270753907,14735.754166031256,0.125,10,1.25,Vanilla MPC,89,300,42,7.7,5.1
True,REACHED,0.875,0.875,17.563686574753316,0.0453561605686381,0,7,143.99564886324308,1007.9695420427016,0.125,10,1.25,Vanilla MPC,90,300,42,7.7,5.1
False,INFEASIBLE_STEP1,,0.0,0.0,5.893491440726705,1,0,1514.829915991868,1514.829915991868,0.125,10,1.25,Vanilla MPC,91,300,42,7.7,5.1
False,INFEASIBLE_MID,,0.375,13.971150326043643,-0.0001832989487836,1,3,1816.9654997436735,7267.861998974695,0.125,10,1.25,Vanilla MPC,92,300,42,7.7,5.1
True,REACHED,1.0,1.0,17.45013960422783,1.065836766024378e-05,0,8,84.49251037745853,675.9400830196682,0.125,10,1.25,Vanilla MPC,93,300,42,7.7,5.1
False,INFEASIBLE_MID,,0.5,14.134450236554756,-5.4252621021184e-05,1,4,352.8479166008765,1764.2395830043824,0.125,10,1.25,Vanilla MPC,94,300,42,7.7,5.1
True,REACHED,1.125,1.125,30.29475072910542,2.0595716016917684e-05,0,9,135.87161566505932,1222.844540985534,0.125,10,1.25,Vanilla MPC,95,300,42,7.7,5.1
True,REACHED,1.375,1.375,59.68665031121772,1.100145614376462e-05,0,11,163.26027290646877,1795.8630019711563,0.125,10,1.25,Vanilla MPC,96,300,42,7.7,5.1
True,REACHED,1.25,1.25,54.96908488288931,1.977172974080887e-05,0,10,166.69322080124402,1666.9322080124402,0.125,10,1.25,Vanilla MPC,97,300,42,7.7,5.1
True,REACHED,1.375,1.375,61.427764803148264,8.624247484180387e-06,0,11,176.69324245467908,1943.62566700147,0.125,10,1.25,Vanilla MPC,98,300,42,7.7,5.1
True,REACHED,0.375,0.375,12.184352753998876,7.620092577108419,0,3,195.9189026723228,587.7567080169683,0.125,10,1.25,Vanilla MPC,99,300,42,7.7,5.1
True,REACHED,0.875,0.875,33.88268209010631,0.000135769030946,0,7,80.06751771608833,560.4726240126183,0.125,10,1.25,Vanilla MPC,100,300,42,7.7,5.1
False,INFEASIBLE_STEP1,,0.0,0.0,1.4566787727302752,1,0,1849.8195830034092,1849.8195830034092,0.125,10,1.25,Vanilla MPC,101,300,42,7.7,5.1
True,REACHED,1.25,1.25,30.32778075244219,2.951973151526068e-06,0,10,111.73967480281136,1117.3967480281135,0.125,10,1.25,Vanilla MPC,102,300,42,7.7,5.1
False,INFEASIBLE_MID,,0.5,29.17927366961114,-0.00055923922168,1,4,676.0850750055397,3380.4253750276985,0.125,10,1.25,Vanilla MPC,103,300,42,7.7,5.1
False,INFEASIBLE_MID,,0.625,32.7490094897441,-6.148326562133455e-05,1,5,419.5029791711325,2517.017875026795,0.125,10,1.25,Vanilla MPC,104,300,42,7.7,5.1
True,REACHED,1.25,1.25,31.439614983617226,2.8080495371868733e-06,0,10,152.95454589795554,1529.5454589795554,0.125,10,1.25,Vanilla MPC,105,300,42,7.7,5.1
False,INFEASIBLE_MID,,0.625,29.607498207259436,-3.7741823636977675e-05,1,5,756.7570416649687,4540.542249989812,0.125,10,1.25,Vanilla MPC,106,300,42,7.7,5.1
True,REACHED,0.875,0.875,15.411371410266735,2.343104024937914e-06,0,7,100.97303571404024,706.8112499982817,0.125,10,1.25,Vanilla MPC,107,300,42,7.7,5.1
True,REACHED,1.125,1.125,34.451032980287,7.789692467649083e-06,0,9,145.73106022241214,1311.5795420017091,0.125,10,1.25,Vanilla MPC,108,300,42,7.7,5.1
True,REACHED,0.625,0.625,9.917646164351362,3.942335759715734,0,5,90.42849179822952,452.1424589911476,0.125,10,1.25,Vanilla MPC,109,300,42,7.7,5.1
True,REACHED,1.375,1.375,58.07207095017882,2.154066200238317e-05,0,11,157.3215078202669,1730.5365860229358,0.125,10,1.25,Vanilla MPC,110,300,42,7.7,5.1
False,INFEASIBLE_STEP1,,0.0,0.0,7.590778356202586,1,0,2602.7375840058085,2602.7375840058085,0.125,10,1.25,Vanilla MPC,111,300,42,7.7,5.1
False,INFEASIBLE_MID,,0.625,18.068177117574443,-8.907924706910399e-05,1,5,812.7664791682037,4876.598875009222,0.125,10,1.25,Vanilla MPC,112,300,42,7.7,5.1
True,REACHED,0.5,0.5,9.92258392251084,0.0050826319660426,0,4,73.06982300360687,292.2792920144275,0.125,10,1.25,Vanilla MPC,113,300,42,7.7,5.1
False,INFEASIBLE_MID,,0.625,36.72838572953667,-9.464921876337784e-05,1,5,817.1041319995614,4902.624791997368,0.125,10,1.25,Vanilla MPC,114,300,42,7.7,5.1
False,INFEASIBLE_MID,,0.5,15.97074773362536,-4.097414523609377e-05,1,4,1527.1289583964972,7635.644791982486,0.125,10,1.25,Vanilla MPC,115,300,42,7.7,5.1
False,INFEASIBLE_STEP1,,0.0,0.0,0.0715250524678965,1,0,1599.9712920020102,1599.9712920020102,0.125,10,1.25,Vanilla MPC,116,300,42,7.7,5.1
True,REACHED,1.25,1.25,33.74879717543513,1.1146716347023068e-05,0,10,171.06935000338126,1710.6935000338126,0.125,10,1.25,Vanilla MPC,117,300,42,7.7,5.1
True,REACHED,1.0,1.0,38.00015389856307,7.480749102863301e-05,0,8,89.77225537091726,718.1780429673381,0.125,10,1.25,Vanilla MPC,118,300,42,7.7,5.1
False,INFEASIBLE_MID,,0.625,16.833185429026788,-2.894066063639406e-05,1,5,1203.2120139992912,7219.272083995747,0.125,10,1.25,Vanilla MPC,119,300,42,7.7,5.1
False,INFEASIBLE_MID,,0.75,18.286232041577993,-9.164869204387498e-06,1,6,186.8280657134684,1307.7964599942788,0.125,10,1.25,Vanilla MPC,120,300,42,7.7,5.1
True,REACHED,0.5,0.5,7.656679968770326,0.4115083869739004,0,4,88.16656250564847,352.6662500225939,0.125,10,1.25,Vanilla MPC,121,300,42,7.7,5.1
False,INFEASIBLE_STEP1,,0.0,0.0,9.595733327511628,1,0,1420.332709007198,1420.332709007198,0.125,10,1.25,Vanilla MPC,122,300,42,7.7,5.1
False,INFEASIBLE_STEP1,,0.0,0.0,6.575919605703361,1,0,1552.336375010782,1552.336375010782,0.125,10,1.25,Vanilla MPC,123,300,42,7.7,5.1
False,INFEASIBLE_MID,,0.375,10.954479427232762,-6.9200848584076185e-06,1,3,377.0728542440338,1508.2914169761352,0.125,10,1.25,Vanilla MPC,124,300,42,7.7,5.1
False,INFEASIBLE_MID,,0.5,14.570781581379054,-4.390211276583038e-06,1,4,1288.5681332001695,6442.840666000848,0.125,10,1.25,Vanilla MPC,125,300,42,7.7,5.1
False,INFEASIBLE_MID,,0.875,39.945429856628046,-4.232328045781899e-06,1,7,573.5273854988918,4588.2190839911345,0.125,10,1.25,Vanilla MPC,126,300,42,7.7,5.1
False,INFEASIBLE_MID,,0.875,21.234933320984176,-1.7226857970055916e-05,1,7,575.8655573717988,4606.92445897439,0.125,10,1.25,Vanilla MPC,127,300,42,7.7,5.1
False,INFEASIBLE_STEP1,,0.0,0.0,5.096699190658456,1,0,1717.4562500003958,1717.4562500003958,0.125,10,1.25,Vanilla MPC,128,300,42,7.7,5.1
False,INFEASIBLE_MID,,0.625,27.996636434339475,-0.0001791779053772,1,5,347.8161388314523,2086.896832988714,0.125,10,1.25,Vanilla MPC,129,300,42,7.7,5.1
True,REACHED,0.75,0.75,18.383012852385683,0.4740123180109162,0,6,112.07515300096324,672.4509180057794,0.125,10,1.25,Vanilla MPC,130,300,42,7.7,5.1
True,REACHED,1.125,1.125,47.897193438349014,1.5133508080283416e-05,0,9,136.33557877458065,1227.0202089712257,0.125,10,1.25,Vanilla MPC,131,300,42,7.7,5.1
True,REACHED,0.75,0.75,14.463064653021908,6.854266715989719,0,6,72.77105566511939,436.6263339907164,0.125,10,1.25,Vanilla MPC,132,300,42,7.7,5.1
True,REACHED,1.25,1.25,37.34047845081228,2.773217767751943e-06,0,10,125.82194569986314,1258.2194569986314,0.125,10,1.25,Vanilla MPC,133,300,42,7.7,5.1
True,REACHED,1.0,1.0,17.20828606037898,0.9991167594110234,0,8,82.85989049909404,662.8791239927523,0.125,10,1.25,Vanilla MPC,134,300,42,7.7,5.1
True,REACHED,0.375,0.375,12.861328492580634,9.627763292828462,0,3,175.11334699520376,525.3400409856113,0.125,10,1.25,Vanilla MPC,135,300,42,7.7,5.1
True,REACHED,0.875,0.875,18.739100979608324,7.93331178897097e-06,0,7,122.4037857152455,856.8265000067186,0.125,10,1.25,Vanilla MPC,136,300,42,7.7,5.1
False,INFEASIBLE_MID,,0.75,19.025418572871985,-1.106736230417131e-05,1,6,969.9040358578452,6789.328251004918,0.125,10,1.25,Vanilla MPC,137,300,42,7.7,5.1
True,REACHED,0.875,0.875,18.34923929178448,4.851057854116945e-06,0,7,113.75199428584892,796.2639600009425,0.125,10,1.25,Vanilla MPC,138,300,42,7.7,5.1
True,REACHED,0.625,0.625,11.4278321808804,5.205687850445236,0,5,97.78103360440582,488.9051680220291,0.125,10,1.25,Vanilla MPC,139,300,42,7.7,5.1
False,INFEASIBLE_STEP1,,0.0,0.0,4.298763991527994,1,0,864.7805829969002,864.7805829969002,0.125,10,1.25,Vanilla MPC,140,300,42,7.7,5.1
True,REACHED,0.625,0.625,15.518924307716375,8.817299038142249,0,5,73.14112519961782,365.7056259980891,0.125,10,1.25,Vanilla MPC,141,300,42,7.7,5.1
True,REACHED,0.75,0.75,16.481449520917057,1.9220014406766417,0,6,80.52127082919469,483.12762497516815,0.125,10,1.25,Vanilla MPC,142,300,42,7.7,5.1
False,INFEASIBLE_MID,,0.75,17.52532923850698,-1.9167237508106703e-05,1,6,1078.6532857143486,7550.57300000044,0.125,10,1.25,Vanilla MPC,143,300,42,7.7,5.1
True,REACHED,0.5,0.5,9.73119880394927,1.2947264729779853,0,4,73.50345849772566,294.01383399090264,0.125,10,1.25,Vanilla MPC,144,300,42,7.7,5.1
True,REACHED,0.5,0.5,12.03287109749652,3.581087523016996,0,4,82.89476050413214,331.57904201652855,0.125,10,1.25,Vanilla MPC,145,300,42,7.7,5.1
False,INFEASIBLE_MID,,0.375,11.169044086050166,-2.464743123112232e-05,1,3,1522.491271254694,6089.965085018775,0.125,10,1.25,Vanilla MPC,146,300,42,7.7,5.1
False,INFEASIBLE_MID,,0.625,15.062535691406946,-4.933883133837037e-05,1,5,444.54280566909193,2667.2568340145517,0.125,10,1.25,Vanilla MPC,147,300,42,7.7,5.1
True,REACHED,0.75,0.75,25.95547584198239,9.040578582588326,0,6,89.58359033567831,537.5015420140699,0.125,10,1.25,Vanilla MPC,148,300,42,7.7,5.1
True,REACHED,1.0,1.0,20.948096450701197,1.6653528709686896e-05,0,8,117.15059387461224,937.204750996898,0.125,10,1.25,Vanilla MPC,149,300,42,7.7,5.1
True,REACHED,1.125,1.125,43.45348443864934,2.1852563887307968e-05,0,9,164.80041199894106,1483.2037079904694,0.125,10,1.25,Vanilla MPC,150,300,42,7.7,5.1
False,INFEASIBLE_MID,,0.75,19.094807549945926,-0.0001407236009242,1,6,566.8405178605879,3967.8836250241143,0.125,10,1.25,Vanilla MPC,151,300,42,7.7,5.1
False,INFEASIBLE_MID,,0.5,18.73734301339623,-5.19158637177462e-05,1,4,526.6829082014738,2633.414541007369,0.125,10,1.25,Vanilla MPC,152,300,42,7.7,5.1
False,INFEASIBLE_MID,,1.0,28.75857198598402,-2.737980170687829e-05,1,8,923.889898221306,8315.009083991754,0.125,10,1.25,Vanilla MPC,153,300,42,7.7,5.1
False,INFEASIBLE_MID,,0.5,14.994115326546932,-0.000132752120498,1,4,1352.771658200072,6763.858291000361,0.125,10,1.25,Vanilla MPC,154,300,42,7.7,5.1
True,REACHED,0.875,0.875,25.806639036078867,1.33115512994789e-05,0,7,130.67435128739038,914.7204590117326,0.125,10,1.25,Vanilla MPC,155,300,42,7.7,5.1
False,INFEASIBLE_MID,,0.5,16.516461862951505,-0.0002133854559096,1,4,635.9787165973103,3179.8935829865513,0.125,10,1.25,Vanilla MPC,156,300,42,7.7,5.1
False,INFEASIBLE_MID,,0.5,16.406569240329695,-0.000262298686326,1,4,359.40422500134446,1797.0211250067223,0.125,10,1.25,Vanilla MPC,157,300,42,7.7,5.1
False,INFEASIBLE_STEP1,,0.0,0.0,7.8393807299202,1,0,722.6320830086479,722.6320830086479,0.125,10,1.25,Vanilla MPC,158,300,42,7.7,5.1
False,INFEASIBLE_STEP1,,0.0,0.0,4.913651150565764,1,0,2464.487542005372,2464.487542005372,0.125,10,1.25,Vanilla MPC,159,300,42,7.7,5.1
True,REACHED,0.875,0.875,14.85869407431543,0.886194900280639,0,7,66.1037261452293,462.7260830166051,0.125,10,1.25,Vanilla MPC,160,300,42,7.7,5.1
True,REACHED,0.625,0.625,18.684190419393264,6.3324979373548915,0,5,106.56561680079903,532.8280840039952,0.125,10,1.25,Vanilla MPC,161,300,42,7.7,5.1
True,REACHED,0.625,0.625,21.890322123263704,3.501429483118423,0,5,63.7877913977718,318.938956988859,0.125,10,1.25,Vanilla MPC,162,300,42,7.7,5.1
True,REACHED,0.5,0.5,15.836201904502207,6.253250398930623,0,4,117.18769774597604,468.75079098390415,0.125,10,1.25,Vanilla MPC,163,300,42,7.7,5.1
False,INFEASIBLE_MID,,0.375,15.904600865229815,-2.21611272614428e-05,1,3,1864.3453127479008,7457.381250991602,0.125,10,1.25,Vanilla MPC,164,300,42,7.7,5.1
True,REACHED,0.625,0.625,11.866160720278058,5.333621755734584,0,5,74.35519999999087,371.7759999999544,0.125,10,1.25,Vanilla MPC,165,300,42,7.7,5.1
True,REACHED,1.25,1.25,49.12018709665193,1.7403852120434597e-05,0,10,135.9912041996722,1359.912041996722,0.125,10,1.25,Vanilla MPC,166,300,42,7.7,5.1
True,REACHED,1.375,1.375,57.64588424712374,1.0157101834467175e-05,0,11,167.09336736477616,1838.0270410125377,0.125,10,1.25,Vanilla MPC,167,300,42,7.7,5.1
True,REACHED,0.75,0.75,19.2764220692101,6.80449010593922,0,6,132.5669791646457,795.4018749878742,0.125,10,1.25,Vanilla MPC,168,300,42,7.7,5.1
False,INFEASIBLE_STEP1,,0.0,0.0,6.388879845962428,1,0,953.2494580053026,953.2494580053026,0.125,10,1.25,Vanilla MPC,169,300,42,7.7,5.1
False,INFEASIBLE_MID,,0.5,10.811914800438574,-1.3941430482041106e-05,1,4,1480.9091665956655,7404.545832978329,0.125,10,1.25,Vanilla MPC,170,300,42,7.7,5.1
False,INFEASIBLE_MID,,0.625,17.81956603527497,-8.746692256454258e-07,1,5,318.45783366588876,1910.7470019953323,0.125,10,1.25,Vanilla MPC,171,300,42,7.7,5.1
False,INFEASIBLE_STEP1,,0.0,0.0,0.7076548625108998,1,0,2002.062749990728,2002.062749990728,0.125,10,1.25,Vanilla MPC,172,300,42,7.7,5.1
True,REACHED,0.625,0.625,20.757708999170895,0.0190530597102477,0,5,120.85511659679467,604.2755829839734,0.125,10,1.25,Vanilla MPC,173,300,42,7.7,5.1
True,REACHED,1.25,1.25,51.08934626773414,2.0533866751876348e-05,0,10,172.2339625004679,1722.339625004679,0.125,10,1.25,Vanilla MPC,174,300,42,7.7,5.1
True,REACHED,0.875,0.875,18.30265872706143,1.431198902976724e-05,0,7,132.25654156953428,925.79579098674,0.125,10,1.25,Vanilla MPC,175,300,42,7.7,5.1
False,INFEASIBLE_MID,,0.5,20.343075637601412,-9.080131415928896e-05,1,4,1068.8740914018126,5344.370457009063,0.125,10,1.25,Vanilla MPC,176,300,42,7.7,5.1
False,INFEASIBLE_STEP1,,0.0,0.0,6.802708842337859,1,0,2823.646707998705,2823.646707998705,0.125,10,1.25,Vanilla MPC,177,300,42,7.7,5.1
True,REACHED,0.625,0.625,16.813853848919962,4.505881073530019,0,5,111.14927480230108,555.7463740115054,0.125,10,1.25,Vanilla MPC,178,300,42,7.7,5.1
True,REACHED,1.375,1.375,56.192933808354184,1.0916667598537548e-05,0,11,168.35102272902574,1851.861250019283,0.125,10,1.25,Vanilla MPC,179,300,42,7.7,5.1
True,REACHED,1.125,1.125,44.135859250552535,9.572187039133316e-06,0,9,178.1636109970148,1603.472498973133,0.125,10,1.25,Vanilla MPC,180,300,42,7.7,5.1
False,INFEASIBLE_MID,,0.625,15.210775811675106,-3.326573561637603e-05,1,5,468.9027846616227,2813.4167079697363,0.125,10,1.25,Vanilla MPC,181,300,42,7.7,5.1
True,REACHED,1.0,1.0,19.4883432818345,0.0002802071888989,0,8,87.67342725332128,701.3874180265702,0.125,10,1.25,Vanilla MPC,182,300,42,7.7,5.1
False,INFEASIBLE_MID,,0.375,11.607916020089323,-3.5537053890215724e-05,1,3,1517.6977082555825,6070.790833022329,0.125,10,1.25,Vanilla MPC,183,300,42,7.7,5.1
False,INFEASIBLE_STEP1,,0.0,0.0,9.645541436296318,1,0,411.5335420065094,411.5335420065094,0.125,10,1.25,Vanilla MPC,184,300,42,7.7,5.1
True,REACHED,1.0,1.0,23.217490709230315,-5.603519381895624e-06,0,8,594.850489496821,4758.803915974568,0.125,10,1.25,Vanilla MPC,185,300,42,7.7,5.1
True,REACHED,1.0,1.0,19.287482578822033,2.0683214932383243e-05,0,8,117.21949987258996,937.7559989807196,0.125,10,1.25,Vanilla MPC,186,300,42,7.7,5.1
True,REACHED,0.625,0.625,10.461847881215792,9.36808875428241,0,5,76.24549159372691,381.22745796863455,0.125,10,1.25,Vanilla MPC,187,300,42,7.7,5.1
True,REACHED,0.375,0.375,7.077422314192592,4.8769200470518825,0,3,64.81220867135562,194.4366260140669,0.125,10,1.25,Vanilla MPC,188,300,42,7.7,5.1
True,REACHED,0.75,0.75,12.723442919967257,9.2618806687006,0,6,86.56716000162608,519.4029600097565,0.125,10,1.25,Vanilla MPC,189,300,42,7.7,5.1
True,REACHED,1.25,1.25,30.50390495134257,3.4996764662401725e-06,0,10,119.90314990107436,1199.0314990107436,0.125,10,1.25,Vanilla MPC,190,300,42,7.7,5.1
True,REACHED,0.375,0.375,11.634410665200692,5.067938355958249,0,3,73.27244467160199,219.81733401480597,0.125,10,1.25,Vanilla MPC,191,300,42,7.7,5.1
True,REACHED,0.5,0.5,9.837385707029467,9.59496349832119,0,4,116.42866649708594,465.71466598834377,0.125,10,1.25,Vanilla MPC,192,300,42,7.7,5.1
True,REACHED,1.125,1.125,29.35873411477041,1.2540597662353324e-05,0,9,125.63219922109664,1130.6897929898696,0.125,10,1.25,Vanilla MPC,193,300,42,7.7,5.1
False,INFEASIBLE_STEP1,,0.0,0.0,6.714200978656238,1,0,905.9287499985658,905.9287499985658,0.125,10,1.25,Vanilla MPC,194,300,42,7.7,5.1
False,INFEASIBLE_MID,,0.625,18.441837977987472,-0.00031541603506,1,5,239.93327766705383,1439.599666002323,0.125,10,1.25,Vanilla MPC,195,300,42,7.7,5.1
True,REACHED,1.125,1.125,29.89220552945726,7.428592814068514e-06,0,9,113.36445855623523,1020.2801270061173,0.125,10,1.25,Vanilla MPC,196,300,42,7.7,5.1
True,REACHED,0.875,0.875,26.905804430234863,1.9098850592938422e-05,0,7,75.59738685709557,529.181707999669,0.125,10,1.25,Vanilla MPC,197,300,42,7.7,5.1
True,REACHED,0.25,0.25,6.094637130389239,4.935830161475961,0,2,59.985292005876545,119.97058401175308,0.125,10,1.25,Vanilla MPC,198,300,42,7.7,5.1
False,INFEASIBLE_MID,,0.5,12.941879838725775,-0.0001461899977434,1,4,263.99463359848596,1319.9731679924298,0.125,10,1.25,Vanilla MPC,199,300,42,7.7,5.1
False,INFEASIBLE_STEP1,,0.0,0.0,6.893446252044973,1,0,1300.7690419908613,1300.7690419908613,0.125,10,1.25,Vanilla MPC,200,300,42,7.7,5.1
False,INFEASIBLE_MID,,0.625,32.45990760512194,-4.0608543264367216e-05,1,5,318.93081283002783,1913.5848769801669,0.125,10,1.25,Vanilla MPC,201,300,42,7.7,5.1
True,REACHED,0.375,0.375,8.334573230845873,3.51586007330208,0,3,77.79240266245324,233.37720798735972,0.125,10,1.25,Vanilla MPC,202,300,42,7.7,5.1
True,REACHED,0.5,0.5,15.422411979983355,6.518095573124253,0,4,93.44984400013344,373.7993760005338,0.125,10,1.25,Vanilla MPC,203,300,42,7.7,5.1
True,REACHED,0.25,0.25,7.092516215120356,4.904673199184427,0,2,69.73672899766825,139.4734579953365,0.125,10,1.25,Vanilla MPC,204,300,42,7.7,5.1
True,REACHED,1.25,1.25,33.105874338217355,2.2598130359286272e-05,0,10,124.50041670090286,1245.0041670090286,0.125,10,1.25,Vanilla MPC,205,300,42,7.7,5.1
True,REACHED,0.875,0.875,15.01182033562244,1.2923303610131027e-05,0,7,79.94802971370518,559.6362079959363,0.125,10,1.25,Vanilla MPC,206,300,42,7.7,5.1
True,REACHED,1.0,1.0,23.913475847834384,0.1199518974615714,0,8,76.48380199862004,611.8704159889603,0.125,10,1.25,Vanilla MPC,207,300,42,7.7,5.1
False,INFEASIBLE_STEP1,,0.0,0.0,2.179240564632124,1,0,1229.0479160001269,1229.0479160001269,0.125,10,1.25,Vanilla MPC,208,300,42,7.7,5.1
True,REACHED,0.625,0.625,15.134242462178676,3.5952684840921587,0,5,72.71130839944817,363.55654199724086,0.125,10,1.25,Vanilla MPC,209,300,42,7.7,5.1
False,INFEASIBLE_STEP1,,0.0,0.0,6.051647726179743,1,0,1704.1829579975456,1704.1829579975456,0.125,10,1.25,Vanilla MPC,210,300,42,7.7,5.1
False,INFEASIBLE_MID,,0.5,22.56067349528587,-1.3789285911990284e-05,1,4,1153.830691598705,5769.153457993525,0.125,10,1.25,Vanilla MPC,211,300,42,7.7,5.1
False,INFEASIBLE_MID,,0.5,17.73983352618727,-0.0004145799539889,1,4,779.3062584009022,3896.5312920045103,0.125,10,1.25,Vanilla MPC,212,300,42,7.7,5.1
False,INFEASIBLE_MID,,0.625,27.488483554641107,-0.0006257993078934,1,5,964.8175833305382,5788.90549998323,0.125,10,1.25,Vanilla MPC,213,300,42,7.7,5.1
True,REACHED,0.75,0.75,14.715534195810848,9.225221861068595,0,6,82.09236833257212,492.5542099954328,0.125,10,1.25,Vanilla MPC,214,300,42,7.7,5.1
False,INFEASIBLE_MID,,0.75,23.531468570608496,-2.9095094240306848e-05,1,6,893.9527617185377,6257.669332029764,0.125,10,1.25,Vanilla MPC,215,300,42,7.7,5.1
True,REACHED,1.25,1.25,36.813659117878885,2.0734878873107204e-06,0,10,120.46787920262432,1204.6787920262432,0.125,10,1.25,Vanilla MPC,216,300,42,7.7,5.1
True,REACHED,1.0,1.0,22.84186604091759,1.5193951290264444e-05,0,8,114.8808697489585,919.046957991668,0.125,10,1.25,Vanilla MPC,217,300,42,7.7,5.1
False,INFEASIBLE_MID,,0.5,14.520817347436717,-0.0001129654002441,1,4,1242.4154417967657,6212.077208983828,0.125,10,1.25,Vanilla MPC,218,300,42,7.7,5.1
False,INFEASIBLE_MID,,0.75,41.31681185077392,-0.0001996682173286,1,6,997.6036962845164,6983.225873991614,0.125,10,1.25,Vanilla MPC,219,300,42,7.7,5.1
False,INFEASIBLE_STEP1,,0.0,0.0,5.032182301587035,1,0,1252.0289169915486,1252.0289169915486,0.125,10,1.25,Vanilla MPC,220,300,42,7.7,5.1
True,REACHED,0.625,0.625,14.168632463345466,6.859076867747649,0,5,77.32241659832653,386.61208299163263,0.125,10,1.25,Vanilla MPC,221,300,42,7.7,5.1
False,INFEASIBLE_STEP1,,0.0,0.0,6.677939416749844,1,0,1279.307709002751,1279.307709002751,0.125,10,1.25,Vanilla MPC,222,300,42,7.7,5.1
True,REACHED,0.75,0.75,19.925517146391087,0.0358148653456708,0,6,95.04229850426782,570.2537910256069,0.125,10,1.25,Vanilla MPC,223,300,42,7.7,5.1
False,INFEASIBLE_MID,,0.625,36.99428475164295,-0.0005324693816983,1,5,467.93450699866906,2807.6070419920143,0.125,10,1.25,Vanilla MPC,224,300,42,7.7,5.1
False,INFEASIBLE_MID,,0.5,26.893343819288155,-0.0001911485829296,1,4,491.4487915986683,2457.2439579933416,0.125,10,1.25,Vanilla MPC,225,300,42,7.7,5.1
True,REACHED,0.625,0.625,19.50530831200411,0.0114333615256821,0,5,126.68458339758216,633.4229169879109,0.125,10,1.25,Vanilla MPC,226,300,42,7.7,5.1
True,REACHED,1.375,1.375,35.20340228924378,1.677992294044932e-05,0,11,144.11063236316707,1585.216955994838,0.125,10,1.25,Vanilla MPC,227,300,42,7.7,5.1
False,INFEASIBLE_STEP1,,0.0,0.0,1.303860872397864,1,0,1461.663750000298,1461.663750000298,0.125,10,1.25,Vanilla MPC,228,300,42,7.7,5.1
True,REACHED,0.75,0.75,27.734435277662467,0.0001379284219247,0,6,128.03390300056586,768.2034180033952,0.125,10,1.25,Vanilla MPC,229,300,42,7.7,5.1
False,INFEASIBLE_MID,,0.875,23.63685731942633,-4.270413503429657e-05,1,7,856.3914163714799,6851.131330971839,0.125,10,1.25,Vanilla MPC,230,300,42,7.7,5.1
True,REACHED,1.0,1.0,26.726593971736524,4.4431860233774615e-06,0,8,84.58846862413338,676.7077489930671,0.125,10,1.25,Vanilla MPC,231,300,42,7.7,5.1
False,INFEASIBLE_MID,,0.625,33.159419152561554,-1.872005269682343e-05,1,5,907.6796041651202,5446.077624990721,0.125,10,1.25,Vanilla MPC,232,300,42,7.7,5.1
True,REACHED,1.375,1.375,56.51227472546291,7.728830461659433e-05,0,11,115.05019300040492,1265.5521230044542,0.125,10,1.25,Vanilla MPC,233,300,42,7.7,5.1
True,REACHED,0.75,0.75,13.886658141829802,7.125401026300002,0,6,75.74916666635545,454.4949999981327,0.125,10,1.25,Vanilla MPC,234,300,42,7.7,5.1
False,INFEASIBLE_STEP1,,0.0,0.0,1.5848291803492158,1,0,3255.473124998389,3255.473124998389,0.125,10,1.25,Vanilla MPC,235,300,42,7.7,5.1
False,INFEASIBLE_STEP1,,0.0,0.0,2.1057886397438605,1,0,889.6502499992494,889.6502499992494,0.125,10,1.25,Vanilla MPC,236,300,42,7.7,5.1
True,REACHED,1.5,1.5,39.12464261384424,8.1813541191274e-07,0,12,115.86898608341774,1390.427833001013,0.125,10,1.25,Vanilla MPC,237,300,42,7.7,5.1
False,INFEASIBLE_MID,,0.75,39.900473239794465,-1.804848388334451e-05,1,6,568.3794940019392,3978.6564580135746,0.125,10,1.25,Vanilla MPC,238,300,42,7.7,5.1
False,INFEASIBLE_MID,,0.625,19.735371024853418,-4.171933001921836e-05,1,5,300.76549316436285,1804.592958986177,0.125,10,1.25,Vanilla MPC,239,300,42,7.7,5.1
True,REACHED,1.0,1.0,31.540109951497676,2.7695236706371523e-05,0,8,117.85162475098332,942.8129980078666,0.125,10,1.25,Vanilla MPC,240,300,42,7.7,5.1
True,REACHED,0.5,0.5,7.476611245542303,4.86069892795831,0,4,51.885302251321264,207.54120900528503,0.125,10,1.25,Vanilla MPC,241,300,42,7.7,5.1
True,REACHED,1.125,1.125,24.89061829256963,7.638694846186342e-06,0,9,92.28044433499842,830.5239990149857,0.125,10,1.25,Vanilla MPC,242,300,42,7.7,5.1
False,INFEASIBLE_MID,,0.625,18.502246771950556,-8.777643474512553e-06,1,5,213.89365266562285,1283.361915993737,0.125,10,1.25,Vanilla MPC,243,300,42,7.7,5.1
False,INFEASIBLE_MID,,0.75,20.21344857472199,-0.0001003877252266,1,6,840.0656665700288,5880.459665990202,0.125,10,1.25,Vanilla MPC,244,300,42,7.7,5.1
True,REACHED,1.25,1.25,48.09545327660008,1.1319658302277197e-05,0,10,121.1287373007508,1211.287373007508,0.125,10,1.25,Vanilla MPC,245,300,42,7.7,5.1
True,REACHED,0.25,0.25,5.395599984385817,1.355126888092305,0,2,98.73091699409996,197.4618339881999,0.125,10,1.25,Vanilla MPC,246,300,42,7.7,5.1
False,INFEASIBLE_STEP1,,0.0,0.0,1.5470508228239142,1,0,1463.0960840004263,1463.0960840004263,0.125,10,1.25,Vanilla MPC,247,300,42,7.7,5.1
False,INFEASIBLE_MID,,0.75,19.17328188686406,-3.021534064568324e-05,1,6,813.3265238596193,5693.285667017335,0.125,10,1.25,Vanilla MPC,248,300,42,7.7,5.1
True,REACHED,0.5,0.5,7.2820874799183155,1.5824490647595422,0,4,66.34309375294833,265.37237501179334,0.125,10,1.25,Vanilla MPC,249,300,42,7.7,5.1
True,REACHED,0.5,0.5,9.278058720606792,3.293203296299921,0,4,134.067864753888,536.271459015552,0.125,10,1.25,Vanilla MPC,250,300,42,7.7,5.1
False,INFEASIBLE_MID,,0.5,13.069737243015368,-1.9594917869574734e-05,1,4,1154.80150860094,5774.0075430047,0.125,10,1.25,Vanilla MPC,251,300,42,7.7,5.1
False,INFEASIBLE_STEP1,,0.0,0.0,6.745077591929051,1,0,1200.2546660078224,1200.2546660078224,0.125,10,1.25,Vanilla MPC,252,300,42,7.7,5.1
False,INFEASIBLE_MID,,0.875,23.91982772819556,-5.336602546516954e-06,1,7,139.40595825079072,1115.2476660063255,0.125,10,1.25,Vanilla MPC,253,300,42,7.7,5.1
False,INFEASIBLE_MID,,0.625,14.661245970307414,-3.812482442897179e-05,1,5,978.6931598355296,5872.158959013177,0.125,10,1.25,Vanilla MPC,254,300,42,7.7,5.1
False,INFEASIBLE_MID,,0.375,19.660582026321585,-0.0004210489792094,1,3,299.98116649585427,1199.924665983417,0.125,10,1.25,Vanilla MPC,255,300,42,7.7,5.1
False,INFEASIBLE_STEP1,,0.0,0.0,8.621591391966941,1,0,854.7292089933762,854.7292089933762,0.125,10,1.25,Vanilla MPC,256,300,42,7.7,5.1
False,INFEASIBLE_MID,,0.625,20.37689889456159,-0.0009127305371276,1,5,232.65246533507403,1395.9147920104442,0.125,10,1.25,Vanilla MPC,257,300,42,7.7,5.1
True,REACHED,1.25,1.25,31.02486222661121,1.666324898691126e-06,0,10,121.68327920080628,1216.8327920080628,0.125,10,1.25,Vanilla MPC,258,300,42,7.7,5.1
True,REACHED,0.875,0.875,28.75312980125123,0.0004251644051826,0,7,66.18504742800724,463.29533199605066,0.125,10,1.25,Vanilla MPC,259,300,42,7.7,5.1
True,REACHED,0.375,0.375,5.5759647604704385,8.644264542829111,0,3,77.6613333291607,232.9839999874821,0.125,10,1.25,Vanilla MPC,260,300,42,7.7,5.1
True,REACHED,0.625,0.625,10.28497618501,0.2029117641834892,0,5,64.50540019723121,322.52700098615605,0.125,10,1.25,Vanilla MPC,261,300,42,7.7,5.1
True,REACHED,0.25,0.25,2.0913203538224017,2.3922237773802837,0,2,47.54508350015385,95.0901670003077,0.125,10,1.25,Vanilla MPC,262,300,42,7.7,5.1
False,INFEASIBLE_STEP1,,0.0,0.0,3.007169334107044,1,0,974.9357090040576,974.9357090040576,0.125,10,1.25,Vanilla MPC,263,300,42,7.7,5.1
True,REACHED,0.75,0.75,18.166533638415068,6.326436261706182,0,6,93.34189549796672,560.0513729878003,0.125,10,1.25,Vanilla MPC,264,300,42,7.7,5.1
True,REACHED,1.125,1.125,47.37635535939383,4.702561646218739e-06,0,9,75.44146289162907,678.9731660246616,0.125,10,1.25,Vanilla MPC,265,300,42,7.7,5.1
False,INFEASIBLE_MID,,0.5,13.993853206053917,-3.494664653859363e-05,1,4,272.76148320233915,1363.8074160116958,0.125,10,1.25,Vanilla MPC,266,300,42,7.7,5.1
True,REACHED,0.75,0.75,18.264210889055324,7.262397415414688,0,6,93.79922916317204,562.7953749790322,0.125,10,1.25,Vanilla MPC,267,300,42,7.7,5.1
True,REACHED,0.875,0.875,16.17553494200747,4.384668730543667,0,7,87.79339871086579,614.5537909760606,0.125,10,1.25,Vanilla MPC,268,300,42,7.7,5.1
True,REACHED,0.625,0.625,18.742736633283428,0.0024275478523755,0,5,71.8595079932129,359.2975399660645,0.125,10,1.25,Vanilla MPC,269,300,42,7.7,5.1
False,INFEASIBLE_STEP1,,0.0,0.0,0.7572005055600882,1,0,401.16941700398456,401.16941700398456,0.125,10,1.25,Vanilla MPC,270,300,42,7.7,5.1
True,REACHED,0.875,0.875,15.115617856561476,4.752258738892588,0,7,69.74648228788283,488.2253760151798,0.125,10,1.25,Vanilla MPC,271,300,42,7.7,5.1
True,REACHED,0.75,0.75,10.708950295199667,3.610411675448264,0,6,57.727604003351495,346.36562402010895,0.125,10,1.25,Vanilla MPC,272,300,42,7.7,5.1
True,REACHED,0.375,0.375,12.926247199036249,9.323914381764402,0,3,112.7135420004682,338.1406260014046,0.125,10,1.25,Vanilla MPC,273,300,42,7.7,5.1
False,INFEASIBLE_MID,,0.5,28.567048999284257,-9.051074896246908e-05,1,4,333.29941659467295,1666.4970829733647,0.125,10,1.25,Vanilla MPC,274,300,42,7.7,5.1
False,INFEASIBLE_STEP1,,0.0,0.0,8.365289475292018,1,0,940.638833999401,940.638833999401,0.125,10,1.25,Vanilla MPC,275,300,42,7.7,5.1
True,REACHED,0.75,0.75,16.312817758811732,0.0143002551083722,0,6,64.53996516696255,387.2397910017753,0.125,10,1.25,Vanilla MPC,276,300,42,7.7,5.1
True,REACHED,0.875,0.875,18.297634528678863,2.769452371900449e-06,0,7,87.82944057020359,614.8060839914251,0.125,10,1.25,Vanilla MPC,277,300,42,7.7,5.1
False,INFEASIBLE_MID,,0.75,43.3615172178282,-5.1935085006035336e-05,1,6,768.9169942854538,5382.418959998176,0.125,10,1.25,Vanilla MPC,278,300,42,7.7,5.1
True,REACHED,1.0,1.0,19.525188982506386,4.35691165073816,0,8,79.84530187604832,638.7624150083866,0.125,10,1.25,Vanilla MPC,279,300,42,7.7,5.1
False,INFEASIBLE_MID,,0.25,17.406185025485343,-0.000895328845163,1,2,1020.7751806592568,3062.3255419777706,0.125,10,1.25,Vanilla MPC,280,300,42,7.7,5.1
False,INFEASIBLE_STEP1,,0.0,0.0,0.7443952927132589,1,0,708.6944170005154,708.6944170005154,0.125,10,1.25,Vanilla MPC,281,300,42,7.7,5.1
False,INFEASIBLE_MID,,0.75,17.25033471273015,-7.09499147104258e-07,1,6,823.2098870004328,5762.469209003029,0.125,10,1.25,Vanilla MPC,282,300,42,7.7,5.1
True,REACHED,0.625,0.625,9.663672215094726,8.627163707058559,0,5,62.17574179463554,310.8787089731777,0.125,10,1.25,Vanilla MPC,283,300,42,7.7,5.1
True,REACHED,1.375,1.375,62.50411051422417,2.2111294000322065e-05,0,11,128.8751514525343,1417.6266659778776,0.125,10,1.25,Vanilla MPC,284,300,42,7.7,5.1
False,INFEASIBLE_MID,,0.75,25.135334328684618,-0.0001128574769216,1,6,548.207416571261,3837.4519159988263,0.125,10,1.25,Vanilla MPC,285,300,42,7.7,5.1
False,INFEASIBLE_MID,,0.625,35.442818026757166,-0.0001071524896109,1,5,525.902034836084,3155.412209016504,0.125,10,1.25,Vanilla MPC,286,300,42,7.7,5.1
True,REACHED,0.75,0.75,20.018335599689888,4.390248441473821,0,6,61.16850017133402,367.0110010280041,0.125,10,1.25,Vanilla MPC,287,300,42,7.7,5.1
False,INFEASIBLE_STEP1,,0.0,0.0,4.23793482784244,1,0,1761.6545839991886,1761.6545839991886,0.125,10,1.25,Vanilla MPC,288,300,42,7.7,5.1
False,INFEASIBLE_MID,,1.0,30.39250370356604,-5.051882380071458e-05,1,8,537.194939669765,4834.754457027884,0.125,10,1.25,Vanilla MPC,289,300,42,7.7,5.1
True,REACHED,0.75,0.75,16.601026815839436,2.2089344299366043,0,6,74.79749983273602,448.7849989964161,0.125,10,1.25,Vanilla MPC,290,300,42,7.7,5.1
True,REACHED,0.75,0.75,26.79054289565847,0.0001269293208069,0,6,95.28359733182394,571.7015839909436,0.125,10,1.25,Vanilla MPC,291,300,42,7.7,5.1
True,REACHED,0.625,0.625,18.062988355705937,2.719947256685404e-05,0,5,85.93912499782164,429.6956249891082,0.125,10,1.25,Vanilla MPC,292,300,42,7.7,5.1
False,INFEASIBLE_STEP1,,0.0,0.0,8.548563267697343,1,0,1262.9409170040162,1262.9409170040162,0.125,10,1.25,Vanilla MPC,293,300,42,7.7,5.1
True,REACHED,0.625,0.625,13.10276646519825,8.031171532565834,0,5,75.77029140375089,378.8514570187545,0.125,10,1.25,Vanilla MPC,294,300,42,7.7,5.1
False,INFEASIBLE_MID,,0.75,38.08928409531243,-6.222781998884481e-05,1,6,525.9372500004247,3681.560750002973,0.125,10,1.25,Vanilla MPC,295,300,42,7.7,5.1
True,REACHED,0.75,0.75,23.708951422139116,3.077999812717606,0,6,63.40659733784074,380.4395840270445,0.125,10,1.25,Vanilla MPC,296,300,42,7.7,5.1
False,INFEASIBLE_MID,,0.625,20.580324913870193,-8.48924726653999e-06,1,5,295.1961248351533,1771.1767490109196,0.125,10,1.25,Vanilla MPC,297,300,42,7.7,5.1
False,INFEASIBLE_MID,,0.625,35.69242759858854,-0.0001084394336648,1,5,395.098201164122,2370.5892069847323,0.125,10,1.25,Vanilla MPC,298,300,42,7.7,5.1
True,REACHED,1.125,1.125,20.604571336792976,0.4722962490302747,0,9,79.39354177829551,714.5418760046596,0.125,10,1.25,Vanilla MPC,299,300,42,7.7,5.1
False,INFEASIBLE_MID,,0.625,21.050142832520063,-0.0012351583387514,1,5,206.02767349676773,1236.1660409806063,0.125,10,1.25,RA-MPC (ours),0,300,42,7.7,5.1
True,REACHED,1.25,1.25,50.74778790155925,4.366785165710279e-05,0,10,125.00613330485066,1250.0613330485066,0.125,10,1.25,RA-MPC (ours),1,300,42,7.7,5.1
True,REACHED,0.625,0.625,18.75308070580852,5.592582002116371,0,5,141.29604979825672,706.4802489912836,0.125,10,1.25,RA-MPC (ours),2,300,42,7.7,5.1
True,REACHED,0.5,0.5,11.882303810242997,6.047629435760194,0,4,138.5263539996231,554.1054159984924,0.125,10,1.25,RA-MPC (ours),3,300,42,7.7,5.1
True,REACHED,1.25,1.25,54.14738464088191,2.4257430566773565e-05,0,10,142.46133340056986,1424.6133340056986,0.125,10,1.25,RA-MPC (ours),4,300,42,7.7,5.1
True,REACHED,0.625,0.625,9.456719402899912,2.4266273969221777,0,5,134.42847480182536,672.1423740091268,0.125,10,1.25,RA-MPC (ours),5,300,42,7.7,5.1
True,REACHED,1.375,1.375,51.40693405474713,4.406506208459032e-05,0,11,112.66043573083483,1239.2647930391831,0.125,10,1.25,RA-MPC (ours),6,300,42,7.7,5.1
True,REACHED,0.875,0.875,15.62018414995768,3.656033403795835,0,7,113.22046442780577,792.5432509946404,0.125,10,1.25,RA-MPC (ours),7,300,42,7.7,5.1
True,REACHED,0.75,0.75,21.382957599876903,0.1898347694950046,0,6,74.65063883379723,447.90383300278336,0.125,10,1.25,RA-MPC (ours),8,300,42,7.7,5.1
False,INFEASIBLE_MID,,0.5,28.384991810440212,-0.0008402535892902,1,4,164.38778320152778,821.9389160076389,0.125,10,1.25,RA-MPC (ours),9,300,42,7.7,5.1
True,REACHED,0.875,0.875,22.86608616141328,1.2561900219688245,0,7,72.10977971512226,504.7684580058558,0.125,10,1.25,RA-MPC (ours),10,300,42,7.7,5.1
True,REACHED,0.5,0.5,11.091842001128684,2.5450682920670817,0,4,73.60851000339608,294.4340400135843,0.125,10,1.25,RA-MPC (ours),11,300,42,7.7,5.1
True,REACHED,0.75,0.75,11.73406460001492,2.512798092539218e-05,0,6,53.48668083024677,320.9200849814806,0.125,10,1.25,RA-MPC (ours),12,300,42,7.7,5.1
True,REACHED,0.875,0.875,25.51220912216913,1.3505627369886268e-05,0,7,64.33992843085434,450.3794990159804,0.125,10,1.25,RA-MPC (ours),13,300,42,7.7,5.1
False,INFEASIBLE_MID,,0.875,24.774251124367304,-1.4519746373471345e-05,1,7,862.1328125009313,6897.062500007451,0.125,10,1.25,RA-MPC (ours),14,300,42,7.7,5.1
True,REACHED,0.625,0.625,10.029854164362854,4.5165460290511446,0,5,57.569908804725856,287.8495440236293,0.125,10,1.25,RA-MPC (ours),15,300,42,7.7,5.1
True,REACHED,0.625,0.625,14.47562657153835,4.371632383986248,0,5,78.90029159898404,394.5014579949202,0.125,10,1.25,RA-MPC (ours),16,300,42,7.7,5.1
True,REACHED,1.25,1.25,47.73367991488919,1.1399700559480692e-05,0,10,99.08862070151372,990.8862070151372,0.125,10,1.25,RA-MPC (ours),17,300,42,7.7,5.1
True,REACHED,0.5,0.5,13.784796422700376,8.198633957734595,0,4,101.91744775147528,407.66979100590106,0.125,10,1.25,RA-MPC (ours),18,300,42,7.7,5.1
True,REACHED,1.625,1.625,50.52522012092003,1.9774875700217093e-05,0,13,116.44585892365563,1513.7961660075234,0.125,10,1.25,RA-MPC (ours),19,300,42,7.7,5.1
True,REACHED,0.5,0.5,16.555085249765654,7.717592153195023,0,4,143.9476459963771,575.7905839855084,0.125,10,1.25,RA-MPC (ours),20,300,42,7.7,5.1
True,REACHED,1.25,1.25,48.33816348363238,2.5292847665909915e-05,0,10,141.0782915962045,1410.782915962045,0.125,10,1.25,RA-MPC (ours),21,300,42,7.7,5.1
True,REACHED,0.25,0.25,6.30158283835118,9.194602141979937,0,2,98.95647899247706,197.91295798495412,0.125,10,1.25,RA-MPC (ours),22,300,42,7.7,5.1
False,INFEASIBLE_MID,,0.75,46.529641001849235,-0.0001107121456824,1,6,768.340362996761,5378.382540977327,0.125,10,1.25,RA-MPC (ours),23,300,42,7.7,5.1
True,REACHED,0.75,0.75,10.535661092399888,3.552776070773562e-05,0,6,67.5557985038419,405.33479102305137,0.125,10,1.25,RA-MPC (ours),24,300,42,7.7,5.1
True,REACHED,1.125,1.125,28.199199693294247,1.306104899307844e-05,0,9,94.6011530015514,851.4103770139627,0.125,10,1.25,RA-MPC (ours),25,300,42,7.7,5.1
False,INFEASIBLE_MID,,0.75,18.250656360019786,-0.0001156652906302,1,6,569.1361011413392,3983.952707989374,0.125,10,1.25,RA-MPC (ours),26,300,42,7.7,5.1
False,INFEASIBLE_STEP1,,0.0,0.0,0.1010009878927606,1,0,700.7560409983853,700.7560409983853,0.125,10,1.25,RA-MPC (ours),27,300,42,7.7,5.1
True,REACHED,1.375,1.375,51.34385099334399,1.380645724914356e-05,0,11,116.85085245302284,1285.3593769832514,0.125,10,1.25,RA-MPC (ours),28,300,42,7.7,5.1
True,REACHED,1.125,1.125,26.058118400054177,-3.016396007898049e-07,0,9,380.96595366530687,3428.693582987762,0.125,10,1.25,RA-MPC (ours),29,300,42,7.7,5.1
False,INFEASIBLE_MID,,0.5,18.344730350790336,-0.0008745503206054,1,4,518.3749502000865,2591.8747510004323,0.125,10,1.25,RA-MPC (ours),30,300,42,7.7,5.1
True,REACHED,0.5,0.5,14.772654165517023,10.223943650151345,0,4,82.68614574990352,330.74458299961407,0.125,10,1.25,RA-MPC (ours),31,300,42,7.7,5.1
False,INFEASIBLE_MID,,0.625,30.492228626788897,-0.0001339582262421,1,5,916.2184929979654,5497.310957987793,0.125,10,1.25,RA-MPC (ours),32,300,42,7.7,5.1
True,REACHED,0.875,0.875,32.302104960481195,9.437138064155516e-06,0,7,101.5016308561566,710.5114159930963,0.125,10,1.25,RA-MPC (ours),33,300,42,7.7,5.1
False,INFEASIBLE_MID,,0.5,24.804223653371302,-2.6041716553245897e-05,1,4,1163.0803166044643,5815.401583022322,0.125,10,1.25,RA-MPC (ours),34,300,42,7.7,5.1
True,REACHED,0.75,0.75,13.360175129363816,3.1153395867436706,0,6,105.6762916656832,634.0577499940991,0.125,10,1.25,RA-MPC (ours),35,300,42,7.7,5.1
True,REACHED,1.125,1.125,29.323624228552987,1.0947333647896926e-05,0,9,108.15895800058368,973.4306220052532,0.125,10,1.25,RA-MPC (ours),36,300,42,7.7,5.1
False,INFEASIBLE_MID,,0.625,20.998801756575695,-0.0001002688657547,1,5,752.1171596623996,4512.702957974398,0.125,10,1.25,RA-MPC (ours),37,300,42,7.7,5.1
True,REACHED,1.25,1.25,32.0761498620178,1.7935433292325088e-05,0,10,110.24460839980748,1102.4460839980748,0.125,10,1.25,RA-MPC (ours),38,300,42,7.7,5.1
True,REACHED,0.25,0.25,7.358042439671312,5.760429380295248,0,2,66.83810450340388,133.67620900680777,0.125,10,1.25,RA-MPC (ours),39,300,42,7.7,5.1
False,INFEASIBLE_MID,,0.5,17.45508335260294,-2.506838549744076e-05,1,4,1253.5712335986318,6267.856167993159,0.125,10,1.25,RA-MPC (ours),40,300,42,7.7,5.1
False,INFEASIBLE_MID,,0.625,16.704475463549212,-6.360817882280181e-05,1,5,1246.1836043318424,7477.101625991054,0.125,10,1.25,RA-MPC (ours),41,300,42,7.7,5.1
True,REACHED,0.625,0.625,11.310295836997458,4.486437843643157,0,5,104.67209959460888,523.3604979730444,0.125,10,1.25,RA-MPC (ours),42,300,42,7.7,5.1
True,REACHED,1.5,1.5,78.65117710177817,0.0001599521570679,0,12,74.69863200094551,896.3835840113461,0.125,10,1.25,RA-MPC (ours),43,300,42,7.7,5.1
True,REACHED,0.875,0.875,16.34379248548159,2.673384005496052,0,7,88.83648228324351,621.8553759827046,0.125,10,1.25,RA-MPC (ours),44,300,42,7.7,5.1
True,REACHED,0.5,0.5,17.062398611438336,4.572840183692817,0,4,98.93726049995166,395.74904199980665,0.125,10,1.25,RA-MPC (ours),45,300,42,7.7,5.1
True,REACHED,0.25,0.25,5.8601140159320915,6.423269668304864,0,2,93.73787500226172,187.47575000452343,0.125,10,1.25,RA-MPC (ours),46,300,42,7.7,5.1
True,REACHED,1.125,1.125,28.87508035273715,1.8000801198799668e-06,0,9,94.12646733431352,847.1382060088217,0.125,10,1.25,RA-MPC (ours),47,300,42,7.7,5.1
True,REACHED,0.75,0.75,20.51324097572932,0.0007690528695428,0,6,117.91584016949248,707.4950410169549,0.125,10,1.25,RA-MPC (ours),48,300,42,7.7,5.1
True,REACHED,1.125,1.125,48.20627815169841,2.845964405063387e-05,0,9,131.36540755416112,1182.28866798745,0.125,10,1.25,RA-MPC (ours),49,300,42,7.7,5.1
True,REACHED,0.75,0.75,11.76898394680771,9.618691044103016,0,6,92.02531216821323,552.1518730092794,0.125,10,1.25,RA-MPC (ours),50,300,42,7.7,5.1
True,REACHED,0.75,0.75,11.637149869083656,2.5069951202003766,0,6,78.12426399808221,468.7455839884933,0.125,10,1.25,RA-MPC (ours),51,300,42,7.7,5.1
False,INFEASIBLE_MID,,0.625,23.929141195208867,-4.3993988927087576e-05,1,5,1473.3663053290609,8840.197831974365,0.125,10,1.25,RA-MPC (ours),52,300,42,7.7,5.1
False,INFEASIBLE_MID,,0.5,20.5677992943142,-0.0011524021115371,1,4,337.93966659577563,1689.6983329788782,0.125,10,1.25,RA-MPC (ours),53,300,42,7.7,5.1
True,REACHED,1.25,1.25,31.58159176533852,2.655719896636594e-05,0,10,117.99729589838536,1179.9729589838537,0.125,10,1.25,RA-MPC (ours),54,300,42,7.7,5.1
True,REACHED,1.0,1.0,19.666748117851167,2.8294302385239742,0,8,80.7342241241713,645.8737929933704,0.125,10,1.25,RA-MPC (ours),55,300,42,7.7,5.1
False,INFEASIBLE_MID,,0.5,27.96232003171037,-1.202843786842557e-07,1,4,631.0161500063259,3155.0807500316296,0.125,10,1.25,RA-MPC (ours),56,300,42,7.7,5.1
False,INFEASIBLE_MID,,0.75,39.10266893883573,-1.179126992235131e-05,1,6,976.8991905709428,6838.2943339966005,0.125,10,1.25,RA-MPC (ours),57,300,42,7.7,5.1
True,REACHED,1.25,1.25,54.46909008249842,1.2257215712880678e-05,0,10,122.83385820046531,1228.3385820046533,0.125,10,1.25,RA-MPC (ours),58,300,42,7.7,5.1
True,REACHED,0.875,0.875,35.07082730073811,2.2772412023653317,0,7,99.4096309961086,695.8674169727601,0.125,10,1.25,RA-MPC (ours),59,300,42,7.7,5.1
True,REACHED,0.625,0.625,15.75811417187919,4.80454227027948,0,5,103.6711250053486,518.3556250267429,0.125,10,1.25,RA-MPC (ours),60,300,42,7.7,5.1
True,REACHED,1.25,1.25,33.92475158048204,1.7092796960124418e-05,0,10,116.51082510215927,1165.1082510215929,0.125,10,1.25,RA-MPC (ours),61,300,42,7.7,5.1
False,INFEASIBLE_MID,,0.5,25.14671126447761,-0.0014014460398647,1,4,756.4938746014377,3782.469373007189,0.125,10,1.25,RA-MPC (ours),62,300,42,7.7,5.1
False,INFEASIBLE_STEP1,,0.0,0.0,2.699796154485192,1,0,342.10887500375975,342.10887500375975,0.125,10,1.25,RA-MPC (ours),63,300,42,7.7,5.1
True,REACHED,0.625,0.625,18.431118584749186,5.11738167477587,0,5,103.51826659461948,517.5913329730975,0.125,10,1.25,RA-MPC (ours),64,300,42,7.7,5.1
False,INFEASIBLE_MID,,0.625,33.77266543761384,-2.7642449268993844e-05,1,5,1059.4817918366364,6356.890751019819,0.125,10,1.25,RA-MPC (ours),65,300,42,7.7,5.1
True,REACHED,0.875,0.875,25.61412203413065,0.0001364620004425,0,7,64.5410359970161,451.7872519791126,0.125,10,1.25,RA-MPC (ours),66,300,42,7.7,5.1
False,INFEASIBLE_MID,,0.625,32.557894100599555,-0.0003803125423293,1,5,615.1805490032226,3691.083294019336,0.125,10,1.25,RA-MPC (ours),67,300,42,7.7,5.1
True,REACHED,1.375,1.375,55.34520794021411,1.426475975301911e-05,0,11,123.05858727433424,1353.6444600176765,0.125,10,1.25,RA-MPC (ours),68,300,42,7.7,5.1
True,REACHED,0.625,0.625,18.513346057856623,0.0031839370181577,0,5,96.8879416002892,484.439708001446,0.125,10,1.25,RA-MPC (ours),69,300,42,7.7,5.1
True,REACHED,0.875,0.875,13.6129400929622,5.057741287609653e-06,0,7,80.83457156733077,565.8420009713154,0.125,10,1.25,RA-MPC (ours),70,300,42,7.7,5.1
False,INFEASIBLE_MID,,0.5,14.743827142572364,-0.0001619335262025,1,4,218.27175820071716,1091.3587910035858,0.125,10,1.25,RA-MPC (ours),71,300,42,7.7,5.1
True,REACHED,0.875,0.875,28.00306018380257,-4.4213068063619547e-07,0,7,837.1706368551323,5860.194457985926,0.125,10,1.25,RA-MPC (ours),72,300,42,7.7,5.1
True,REACHED,0.375,0.375,5.148610306331702,1.5895489054684828,0,3,58.60154166293796,175.80462498881388,0.125,10,1.25,RA-MPC (ours),73,300,42,7.7,5.1
False,INFEASIBLE_MID,,0.75,22.091782417096393,-0.0005106674487528,1,6,374.36504757248,2620.55533300736,0.125,10,1.25,RA-MPC (ours),74,300,42,7.7,5.1
True,REACHED,1.5,1.5,46.264142883115305,2.482644568894173e-05,0,12,103.58400008408351,1243.0080010090023,0.125,10,1.25,RA-MPC (ours),75,300,42,7.7,5.1
True,REACHED,0.625,0.625,15.51220871765769,2.3749250204001027,0,5,90.35968340176623,451.7984170088312,0.125,10,1.25,RA-MPC (ours),76,300,42,7.7,5.1
True,REACHED,1.375,1.375,38.23648577003785,1.7605877148495214e-05,0,11,150.20977663781113,1652.3075430159224,0.125,10,1.25,RA-MPC (ours),77,300,42,7.7,5.1
False,INFEASIBLE_MID,,1.0,39.45617907981352,-3.899043348146908e-05,1,8,392.5548377754037,3532.9935399786336,0.125,10,1.25,RA-MPC (ours),78,300,42,7.7,5.1
True,REACHED,0.625,0.625,17.319783074305693,3.0190610462133964,0,5,123.3228163968306,616.614081984153,0.125,10,1.25,RA-MPC (ours),79,300,42,7.7,5.1
True,REACHED,1.375,1.375,50.21398021606068,1.1889241177239911e-05,0,11,143.5454960896591,1579.0004569862504,0.125,10,1.25,RA-MPC (ours),80,300,42,7.7,5.1
True,REACHED,0.75,0.75,17.250508216595772,-7.99071427458253e-07,0,6,156.21597200030615,937.295832001837,0.125,10,1.25,RA-MPC (ours),81,300,42,7.7,5.1
False,INFEASIBLE_MID,,0.875,49.484954648113906,-3.033892534770182e-05,1,7,819.4762499988428,6555.809999990743,0.125,10,1.25,RA-MPC (ours),82,300,42,7.7,5.1
False,INFEASIBLE_MID,,0.5,26.844481129530813,-1.1685103233670263e-05,1,4,1482.3220499994932,7411.610249997466,0.125,10,1.25,RA-MPC (ours),83,300,42,7.7,5.1
True,REACHED,0.375,0.375,6.740523998423933,5.31619069612639,0,3,187.00905500251488,561.0271650075447,0.125,10,1.25,RA-MPC (ours),84,300,42,7.7,5.1
False,INFEASIBLE_MID,,0.75,49.93484943909594,-3.2191435661822296e-05,1,6,762.9608157107474,5340.725709975231,0.125,10,1.25,RA-MPC (ours),85,300,42,7.7,5.1
True,REACHED,1.5,1.5,40.172301523228384,3.2398871059988764e-05,0,12,104.31543758386395,1251.7852510063676,0.125,10,1.25,RA-MPC (ours),86,300,42,7.7,5.1
True,REACHED,0.875,0.875,20.91576757215792,0.3329823840130806,0,7,67.44904771663381,472.1433340164367,0.125,10,1.25,RA-MPC (ours),87,300,42,7.7,5.1
True,REACHED,1.125,1.125,28.38065282909883,2.050110554202445e-06,0,9,115.12971310649948,1036.1674179584952,0.125,10,1.25,RA-MPC (ours),88,300,42,7.7,5.1
False,INFEASIBLE_MID,,0.875,24.255175815319717,-4.305204411576274e-06,1,7,1049.7678646224813,8398.14291697985,0.125,10,1.25,RA-MPC (ours),89,300,42,7.7,5.1
True,REACHED,0.75,0.75,26.354946472610028,0.0453561605686381,0,6,154.04440266623473,924.2664159974084,0.125,10,1.25,RA-MPC (ours),90,300,42,7.7,5.1
False,INFEASIBLE_MID,,0.625,39.01090145297345,-0.0001686324814623,1,5,955.438624662444,5732.631747974665,0.125,10,1.25,RA-MPC (ours),91,300,42,7.7,5.1
False,INFEASIBLE_MID,,0.375,14.263216341941774,-0.0001143373169848,1,3,1524.630697997054,6098.522791988216,0.125,10,1.25,RA-MPC (ours),92,300,42,7.7,5.1
True,REACHED,1.0,1.0,17.447469453658307,1.1575138084178388e-05,0,8,80.97147387707082,647.7717910165666,0.125,10,1.25,RA-MPC (ours),93,300,42,7.7,5.1
False,INFEASIBLE_MID,,0.5,14.13445452448282,-5.425245399679632e-05,1,4,1330.3523752023466,6651.761876011733,0.125,10,1.25,RA-MPC (ours),94,300,42,7.7,5.1
True,REACHED,1.125,1.125,30.0066426210239,2.099211148208864e-05,0,9,108.92440255459708,980.3196229913738,0.125,10,1.25,RA-MPC (ours),95,300,42,7.7,5.1
True,REACHED,1.375,1.375,59.67563474898923,1.154429084951923e-05,0,11,133.07536345647267,1463.8289980211994,0.125,10,1.25,RA-MPC (ours),96,300,42,7.7,5.1
True,REACHED,1.25,1.25,54.96301091066229,1.891097137052588e-05,0,10,108.86504580121256,1088.6504580121257,0.125,10,1.25,RA-MPC (ours),97,300,42,7.7,5.1
True,REACHED,1.375,1.375,60.95206889524579,7.701870367787102e-06,0,11,129.84432190767785,1428.2875409844564,0.125,10,1.25,RA-MPC (ours),98,300,42,7.7,5.1
True,REACHED,0.375,0.375,12.183472243520775,7.620092577108419,0,3,123.75062499874429,371.2518749962328,0.125,10,1.25,RA-MPC (ours),99,300,42,7.7,5.1
True,REACHED,0.875,0.875,33.88338427279408,0.0001357619651557,0,7,73.51746428633176,514.6222500043223,0.125,10,1.25,RA-MPC (ours),100,300,42,7.7,5.1
False,INFEASIBLE_MID,,0.625,32.89420391071506,-0.0001367914090498,1,5,174.54009716796767,1047.240583007806,0.125,10,1.25,RA-MPC (ours),101,300,42,7.7,5.1
True,REACHED,1.25,1.25,30.252360645987128,4.325280922304282e-06,0,10,92.62528329854833,926.2528329854832,0.125,10,1.25,RA-MPC (ours),102,300,42,7.7,5.1
False,INFEASIBLE_MID,,0.5,29.17933548948509,-0.0005591167263118,1,4,1210.9040416049538,6054.520208024769,0.125,10,1.25,RA-MPC (ours),103,300,42,7.7,5.1
False,INFEASIBLE_MID,,0.625,32.32944431388539,-6.702443192847834e-05,1,5,1110.3845488347968,6662.30729300878,0.125,10,1.25,RA-MPC (ours),104,300,42,7.7,5.1
True,REACHED,1.25,1.25,31.768614997712277,1.317747147670808e-06,0,10,107.16682520142058,1071.6682520142058,0.125,10,1.25,RA-MPC (ours),105,300,42,7.7,5.1
False,INFEASIBLE_MID,,0.625,29.607466657017724,-3.774908952708043e-05,1,5,1151.6528399976476,6909.917039985885,0.125,10,1.25,RA-MPC (ours),106,300,42,7.7,5.1
True,REACHED,0.875,0.875,15.411379220109325,2.3595709866887524e-06,0,7,84.8745834269461,594.1220839886228,0.125,10,1.25,RA-MPC (ours),107,300,42,7.7,5.1
True,REACHED,1.125,1.125,34.41779870159175,7.866857818450213e-06,0,9,92.598036887163,833.3823319844669,0.125,10,1.25,RA-MPC (ours),108,300,42,7.7,5.1
True,REACHED,0.625,0.625,9.917650108534426,3.942334850019835,0,5,67.1833670057822,335.916835028911,0.125,10,1.25,RA-MPC (ours),109,300,42,7.7,5.1
True,REACHED,1.375,1.375,57.828875870767206,2.072993746538866e-05,0,11,114.61969318175264,1260.8166249992792,0.125,10,1.25,RA-MPC (ours),110,300,42,7.7,5.1
False,INFEASIBLE_MID,,0.75,23.778402488097683,-3.133610562312241e-05,1,6,881.0050714278726,6167.035499995109,0.125,10,1.25,RA-MPC (ours),111,300,42,7.7,5.1
False,INFEASIBLE_MID,,0.625,18.15863437135029,-5.977697765655929e-05,1,5,1112.5147150014527,6675.088290008716,0.125,10,1.25,RA-MPC (ours),112,300,42,7.7,5.1
True,REACHED,0.5,0.5,9.922549338016298,0.0050827164375854,0,4,79.10155200079316,316.40620800317265,0.125,10,1.25,RA-MPC (ours),113,300,42,7.7,5.1
False,INFEASIBLE_MID,,0.625,36.71564046625998,-9.421194713432352e-05,1,5,1082.106895999459,6492.6413759967545,0.125,10,1.25,RA-MPC (ours),114,300,42,7.7,5.1
False,INFEASIBLE_MID,,0.5,15.971610763954898,-4.056987526675019e-05,1,4,1412.811650001095,7064.058250005473,0.125,10,1.25,RA-MPC (ours),115,300,42,7.7,5.1
False,INFEASIBLE_MID,,0.5,19.262469718053257,-1.6356374206713095e-07,1,4,254.45597500074655,1272.2798750037327,0.125,10,1.25,RA-MPC (ours),116,300,42,7.7,5.1
True,REACHED,1.25,1.25,33.536012806087015,1.1300579857996727e-05,0,10,107.58792069973424,1075.8792069973424,0.125,10,1.25,RA-MPC (ours),117,300,42,7.7,5.1
True,REACHED,1.0,1.0,38.007030760532274,1.8683200726355768e-05,0,8,73.10041687560442,584.8033350048354,0.125,10,1.25,RA-MPC (ours),118,300,42,7.7,5.1
False,INFEASIBLE_MID,,0.625,16.539407067255105,-8.59890637641877e-06,1,5,1052.2589095004755,6313.553457002854,0.125,10,1.25,RA-MPC (ours),119,300,42,7.7,5.1
False,INFEASIBLE_MID,,0.75,18.206201170028464,-8.127563157886535e-06,1,6,992.4121012861308,6946.884709002916,0.125,10,1.25,RA-MPC (ours),120,300,42,7.7,5.1
True,REACHED,0.5,0.5,7.656234900661343,0.4115471022600057,0,4,74.63743750122376,298.54975000489503,0.125,10,1.25,RA-MPC (ours),121,300,42,7.7,5.1
True,REACHED,1.5,1.5,46.53022124715464,1.2915975535362212e-05,0,12,94.73820133765304,1136.858416051837,0.125,10,1.25,RA-MPC (ours),122,300,42,7.7,5.1
True,REACHED,1.5,1.5,53.072858737405696,1.0788171477024851e-05,0,12,110.38665958403726,1324.6399150084471,0.125,10,1.25,RA-MPC (ours),123,300,42,7.7,5.1
True,REACHED,1.25,1.25,34.24971949562988,-2.757744272767536e-06,0,10,355.0213000024087,3550.213000024087,0.125,10,1.25,RA-MPC (ours),124,300,42,7.7,5.1
False,INFEASIBLE_MID,,0.5,14.568947326303023,-4.436452777065024e-06,1,4,1218.0526166019265,6090.263083009631,0.125,10,1.25,RA-MPC (ours),125,300,42,7.7,5.1
True,REACHED,1.25,1.25,50.957987987721104,-4.048363005068334e-06,0,10,278.03335420030635,2780.3335420030635,0.125,10,1.25,RA-MPC (ours),126,300,42,7.7,5.1
False,INFEASIBLE_MID,,0.875,21.220285933620087,-1.6990139012562358e-05,1,7,804.7044062459463,6437.63524996757,0.125,10,1.25,RA-MPC (ours),127,300,42,7.7,5.1
False,INFEASIBLE_MID,,0.625,21.088955232094964,-0.0009970675884075,1,5,1048.408069497479,6290.448416984873,0.125,10,1.25,RA-MPC (ours),128,300,42,7.7,5.1
False,INFEASIBLE_MID,,0.625,27.9966428026852,-0.0001791783771694,1,5,164.31361783179457,985.8817069907672,0.125,10,1.25,RA-MPC (ours),129,300,42,7.7,5.1
True,REACHED,0.75,0.75,18.383896377787153,0.4737459374732298,0,6,101.18360433261842,607.1016259957105,0.125,10,1.25,RA-MPC (ours),130,300,42,7.7,5.1
True,REACHED,1.125,1.125,47.89825589249694,1.5134583212822175e-05,0,9,107.77580555683625,969.982250011526,0.125,10,1.25,RA-MPC (ours),131,300,42,7.7,5.1
True,REACHED,0.75,0.75,14.461058024128008,6.854275705563386,0,6,71.42988183234895,428.57929099409375,0.125,10,1.25,RA-MPC (ours),132,300,42,7.7,5.1
False,INFEASIBLE_MID,,0.375,15.98684408278627,-1.5207764727045557e-05,1,3,1514.439677248447,6057.758708993788,0.125,10,1.25,RA-MPC (ours),133,300,42,7.7,5.1
True,REACHED,1.0,1.0,17.209278390358485,0.9998523778765648,0,8,93.49003650095256,747.9202920076204,0.125,10,1.25,RA-MPC (ours),134,300,42,7.7,5.1
True,REACHED,0.375,0.375,12.861328270942812,9.62776300057761,0,3,160.47036066690148,481.4110820007045,0.125,10,1.25,RA-MPC (ours),135,300,42,7.7,5.1
True,REACHED,0.875,0.875,18.739309257678407,7.93276345634981e-06,0,7,111.12905957270414,777.903417008929,0.125,10,1.25,RA-MPC (ours),136,300,42,7.7,5.1
False,INFEASIBLE_MID,,0.75,19.017735506197347,-1.0994556461226434e-05,1,6,926.8599164289687,6488.019415002782,0.125,10,1.25,RA-MPC (ours),137,300,42,7.7,5.1
True,REACHED,0.875,0.875,18.34920614476729,2.365023717381924e-06,0,7,99.50583928522454,696.5408749965718,0.125,10,1.25,RA-MPC (ours),138,300,42,7.7,5.1
True,REACHED,0.625,0.625,11.427832063994025,5.205687850445236,0,5,90.27065039845183,451.3532519922592,0.125,10,1.25,RA-MPC (ours),139,300,42,7.7,5.1
False,INFEASIBLE_STEP1,,0.0,0.0,4.298763991527994,1,0,459.32495800661854,459.32495800661854,0.125,10,1.25,RA-MPC (ours),140,300,42,7.7,5.1
True,REACHED,0.625,0.625,15.518897392098976,8.817312338094768,0,5,69.48055000102613,347.40275000513066,0.125,10,1.25,RA-MPC (ours),141,300,42,7.7,5.1
True,REACHED,0.75,0.75,16.486984231919404,1.9219653207384155,0,6,69.07104183240638,414.4262509944383,0.125,10,1.25,RA-MPC (ours),142,300,42,7.7,5.1
False,INFEASIBLE_MID,,0.75,17.5232497381493,-1.8922997041063063e-05,1,6,924.3686132852288,6470.580292996601,0.125,10,1.25,RA-MPC (ours),143,300,42,7.7,5.1
True,REACHED,0.5,0.5,9.731216026271392,1.2947264729779853,0,4,63.44015600552666,253.76062402210664,0.125,10,1.25,RA-MPC (ours),144,300,42,7.7,5.1
True,REACHED,0.5,0.5,12.03297624904712,3.5811998072405715,0,4,101.86494800291256,407.4597920116503,0.125,10,1.25,RA-MPC (ours),145,300,42,7.7,5.1
False,INFEASIBLE_MID,,0.375,11.292521407048406,-1.9351462552588183e-05,1,3,1409.337937246164,5637.351748984656,0.125,10,1.25,RA-MPC (ours),146,300,42,7.7,5.1
False,INFEASIBLE_MID,,0.625,15.062005003200174,-4.900390792380717e-05,1,5,347.7237016656242,2086.342209993745,0.125,10,1.25,RA-MPC (ours),147,300,42,7.7,5.1
True,REACHED,0.75,0.75,25.9554737245862,9.040578582588326,0,6,117.56361133302562,705.3816679981537,0.125,10,1.25,RA-MPC (ours),148,300,42,7.7,5.1
True,REACHED,1.0,1.0,20.953736348955932,1.6665319764642764e-05,0,8,61.283343748073094,490.2667499845847,0.125,10,1.25,RA-MPC (ours),149,300,42,7.7,5.1
True,REACHED,1.125,1.125,43.4462171622386,2.185239265081562e-05,0,9,119.54507866175844,1075.905707955826,0.125,10,1.25,RA-MPC (ours),150,300,42,7.7,5.1
False,INFEASIBLE_MID,,0.75,19.096997112424734,-0.0001417516595749,1,6,603.2921549963897,4223.0450849747285,0.125,10,1.25,RA-MPC (ours),151,300,42,7.7,5.1
False,INFEASIBLE_MID,,0.5,18.880596201580353,-3.9764304663049035e-05,1,4,1127.8270666050958,5639.135333025479,0.125,10,1.25,RA-MPC (ours),152,300,42,7.7,5.1
False,INFEASIBLE_MID,,1.0,33.576119522231465,-2.875478585207063e-05,1,8,809.8986852241474,7289.088167017326,0.125,10,1.25,RA-MPC (ours),153,300,42,7.7,5.1
False,INFEASIBLE_MID,,0.5,15.226406913745492,-0.0001004617094397,1,4,191.3932917988859,956.9664589944296,0.125,10,1.25,RA-MPC (ours),154,300,42,7.7,5.1
True,REACHED,0.875,0.875,25.80672765751162,1.3290443892541717e-05,0,7,76.04207128835176,532.2944990184624,0.125,10,1.25,RA-MPC (ours),155,300,42,7.7,5.1
False,INFEASIBLE_MID,,0.5,17.12993258814276,-0.0001622888951911,1,4,629.2360833991552,3146.180416995776,0.125,10,1.25,RA-MPC (ours),156,300,42,7.7,5.1
False,INFEASIBLE_MID,,0.5,16.407077711131954,-0.0002625059011219,1,4,466.870049998397,2334.350249991985,0.125,10,1.25,RA-MPC (ours),157,300,42,7.7,5.1
False,INFEASIBLE_MID,,0.75,21.47941285437921,-0.0001685245011786,1,6,220.2005355689575,1541.4037489827024,0.125,10,1.25,RA-MPC (ours),158,300,42,7.7,5.1
True,REACHED,1.5,1.5,60.52814367241299,3.7813178508741065e-05,0,12,99.56936458305184,1194.832374996622,0.125,10,1.25,RA-MPC (ours),159,300,42,7.7,5.1
True,REACHED,0.875,0.875,14.858542883720023,0.8862047596833951,0,7,56.90335699806123,398.3234989864286,0.125,10,1.25,RA-MPC (ours),160,300,42,7.7,5.1
True,REACHED,0.625,0.625,18.684178631571832,6.332508063866258,0,5,96.79382519389036,483.96912596945185,0.125,10,1.25,RA-MPC (ours),161,300,42,7.7,5.1
True,REACHED,0.625,0.625,21.89032217509639,3.5014294661603715,0,5,102.1528418030357,510.7642090151785,0.125,10,1.25,RA-MPC (ours),162,300,42,7.7,5.1
True,REACHED,0.5,0.5,15.836201423090785,6.253249948742789,0,4,117.4499377484608,469.7997509938432,0.125,10,1.25,RA-MPC (ours),163,300,42,7.7,5.1
False,INFEASIBLE_MID,,0.375,15.904731383065586,-1.952831460131116e-05,1,3,1371.958354000526,5487.833416002104,0.125,10,1.25,RA-MPC (ours),164,300,42,7.7,5.1
True,REACHED,0.625,0.625,11.866160798099688,5.3336218448147035,0,5,68.62522479787003,343.12612398935016,0.125,10,1.25,RA-MPC (ours),165,300,42,7.7,5.1
True,REACHED,1.25,1.25,49.1119831817684,1.7416571512652183e-05,0,10,112.04163749789586,1120.4163749789586,0.125,10,1.25,RA-MPC (ours),166,300,42,7.7,5.1
True,REACHED,1.375,1.375,57.67033075983433,4.149131548954522e-06,0,11,116.03675381841391,1276.4042920025531,0.125,10,1.25,RA-MPC (ours),167,300,42,7.7,5.1
True,REACHED,0.75,0.75,19.274044442111244,6.804423947169392,0,6,140.1876529950338,841.1259179702029,0.125,10,1.25,RA-MPC (ours),168,300,42,7.7,5.1
True,REACHED,1.5,1.5,38.43191995029047,2.5989394970379812e-05,0,12,116.05813533363592,1392.697624003631,0.125,10,1.25,RA-MPC (ours),169,300,42,7.7,5.1
False,INFEASIBLE_MID,,0.5,10.811921762235963,-1.3941548635509494e-05,1,4,1226.9039501989027,6134.519750994514,0.125,10,1.25,RA-MPC (ours),170,300,42,7.7,5.1
False,INFEASIBLE_MID,,0.625,17.492219066345797,-1.120680615617013e-06,1,5,169.33335416494324,1016.0001249896596,0.125,10,1.25,RA-MPC (ours),171,300,42,7.7,5.1
False,INFEASIBLE_STEP1,,0.0,0.0,0.7076548625108998,1,0,1489.1222080041189,1489.1222080041189,0.125,10,1.25,RA-MPC (ours),172,300,42,7.7,5.1
True,REACHED,0.625,0.625,20.760241591307167,0.0186273007191093,0,5,107.52455839829054,537.6227919914527,0.125,10,1.25,RA-MPC (ours),173,300,42,7.7,5.1
True,REACHED,1.25,1.25,51.06127648950453,2.0736485727775332e-05,0,10,140.32981259806547,1403.2981259806547,0.125,10,1.25,RA-MPC (ours),174,300,42,7.7,5.1
True,REACHED,0.875,0.875,18.302819027355383,1.4667964646782396e-05,0,7,113.10094657320796,791.7066260124557,0.125,10,1.25,RA-MPC (ours),175,300,42,7.7,5.1
False,INFEASIBLE_MID,,0.5,21.099900191005172,-3.160361754255744e-05,1,4,246.65609179937744,1233.280458996887,0.125,10,1.25,RA-MPC (ours),176,300,42,7.7,5.1
False,INFEASIBLE_MID,,0.5,21.423873593570494,-7.031889774086773e-05,1,4,493.8383750035427,2469.1918750177138,0.125,10,1.25,RA-MPC (ours),177,300,42,7.7,5.1
True,REACHED,0.625,0.625,16.81385695616479,4.505880619422857,0,5,84.09168339567259,420.45841697836295,0.125,10,1.25,RA-MPC (ours),178,300,42,7.7,5.1
True,REACHED,1.375,1.375,56.17097760968741,1.09635493066053e-05,0,11,149.45308700076896,1643.983957008459,0.125,10,1.25,RA-MPC (ours),179,300,42,7.7,5.1
True,REACHED,1.125,1.125,44.13467513907684,9.345501301701972e-06,0,9,115.60107866373276,1040.4097079735948,0.125,10,1.25,RA-MPC (ours),180,300,42,7.7,5.1
False,INFEASIBLE_MID,,0.625,15.215624140256246,-3.3073714290434655e-05,1,5,1097.54912500163,6585.29475000978,0.125,10,1.25,RA-MPC (ours),181,300,42,7.7,5.1
True,REACHED,1.0,1.0,19.497673827669935,0.0002768727083469,0,8,94.42297425266588,755.383794021327,0.125,10,1.25,RA-MPC (ours),182,300,42,7.7,5.1
False,INFEASIBLE_MID,,0.375,11.607381823905484,-3.6262394848207e-05,1,3,1106.8431872481597,4427.372748992639,0.125,10,1.25,RA-MPC (ours),183,300,42,7.7,5.1
True,REACHED,1.5,1.5,54.918741353372816,2.492102922184884e-05,0,12,120.74863550272616,1448.9836260327138,0.125,10,1.25,RA-MPC (ours),184,300,42,7.7,5.1
False,INFEASIBLE_MID,,0.75,17.553146458149865,-5.274288297563214e-06,1,6,514.9332321411099,3604.532624987769,0.125,10,1.25,RA-MPC (ours),185,300,42,7.7,5.1
True,REACHED,1.0,1.0,19.28388210964192,2.088902749652619e-05,0,8,103.13669787137768,825.0935829710215,0.125,10,1.25,RA-MPC (ours),186,300,42,7.7,5.1
True,REACHED,0.625,0.625,10.461898405971144,9.368090005574112,0,5,83.43929979600944,417.1964989800472,0.125,10,1.25,RA-MPC (ours),187,300,42,7.7,5.1
True,REACHED,0.375,0.375,7.077426483970693,4.876919108263616,0,3,65.39406900022489,196.18220700067468,0.125,10,1.25,RA-MPC (ours),188,300,42,7.7,5.1
True,REACHED,0.75,0.75,12.723432438689906,9.261880668112754,0,6,107.74802766536595,646.4881659921957,0.125,10,1.25,RA-MPC (ours),189,300,42,7.7,5.1
True,REACHED,1.25,1.25,30.2107076897294,4.770341048151063e-06,0,10,136.71846660145093,1367.1846660145093,0.125,10,1.25,RA-MPC (ours),190,300,42,7.7,5.1
True,REACHED,0.375,0.375,11.63450320998754,5.067979224621478,0,3,103.50368033202056,310.51104099606164,0.125,10,1.25,RA-MPC (ours),191,300,42,7.7,5.1
True,REACHED,0.5,0.5,9.837387383904495,9.594963034791196,0,4,69.69212475087261,278.76849900349043,0.125,10,1.25,RA-MPC (ours),192,300,42,7.7,5.1
True,REACHED,1.125,1.125,29.195215154232,1.2517557196694558e-05,0,9,120.62668055134256,1085.640124962083,0.125,10,1.25,RA-MPC (ours),193,300,42,7.7,5.1
False,INFEASIBLE_MID,,0.75,50.654698958166,-9.693124569761506e-05,1,6,947.196934862794,6630.378544039559,0.125,10,1.25,RA-MPC (ours),194,300,42,7.7,5.1
False,INFEASIBLE_MID,,0.625,17.626957907578177,-0.0002399638931183,1,5,388.0812360002892,2328.4874160017353,0.125,10,1.25,RA-MPC (ours),195,300,42,7.7,5.1
True,REACHED,1.125,1.125,30.072942899430856,7.082192297685142e-06,0,9,117.87967144725069,1060.917043025256,0.125,10,1.25,RA-MPC (ours),196,300,42,7.7,5.1
True,REACHED,0.875,0.875,26.9061238941934,1.9100597120719146e-05,0,7,86.93537513941659,608.5476259759162,0.125,10,1.25,RA-MPC (ours),197,300,42,7.7,5.1
True,REACHED,0.25,0.25,6.094636184930703,4.9358291836938,0,2,77.69337450008607,155.38674900017213,0.125,10,1.25,RA-MPC (ours),198,300,42,7.7,5.1
False,INFEASIBLE_MID,,0.5,12.9407942088236,-0.0001459395301565,1,4,1237.9397081997013,6189.698540998506,0.125,10,1.25,RA-MPC (ours),199,300,42,7.7,5.1
False,INFEASIBLE_MID,,0.625,36.627806756813776,-3.82484057382877e-05,1,5,1011.1291456632898,6066.774873979739,0.125,10,1.25,RA-MPC (ours),200,300,42,7.7,5.1
False,INFEASIBLE_MID,,0.625,32.45989273394195,-4.061676177275178e-05,1,5,1118.5815761685565,6711.489457011339,0.125,10,1.25,RA-MPC (ours),201,300,42,7.7,5.1
True,REACHED,0.375,0.375,8.332706873986233,3.51586007330208,0,3,70.16363866569009,210.49091599707023,0.125,10,1.25,RA-MPC (ours),202,300,42,7.7,5.1
True,REACHED,0.5,0.5,15.42265525864862,6.518341547641812,0,4,85.67005200166022,342.6802080066409,0.125,10,1.25,RA-MPC (ours),203,300,42,7.7,5.1
True,REACHED,0.25,0.25,7.092516629201633,4.904673199184427,0,2,109.10112500278046,218.20225000556093,0.125,10,1.25,RA-MPC (ours),204,300,42,7.7,5.1
True,REACHED,1.25,1.25,32.83525970560564,2.632571424133791e-05,0,10,96.86637920094654,968.6637920094654,0.125,10,1.25,RA-MPC (ours),205,300,42,7.7,5.1
True,REACHED,0.875,0.875,15.01182077328195,1.2914688036527284e-05,0,7,80.55029185821435,563.8520430075005,0.125,10,1.25,RA-MPC (ours),206,300,42,7.7,5.1
True,REACHED,1.0,1.0,23.916969050446813,0.1198749887998598,0,8,65.27100537459773,522.1680429967819,0.125,10,1.25,RA-MPC (ours),207,300,42,7.7,5.1
False,INFEASIBLE_MID,,0.75,46.358951587054435,-0.0013840487856025,1,6,312.4220119997127,2186.954083997989,0.125,10,1.25,RA-MPC (ours),208,300,42,7.7,5.1
True,REACHED,0.625,0.625,15.134241940182228,3.5952690087450425,0,5,98.45818340254482,492.2909170127241,0.125,10,1.25,RA-MPC (ours),209,300,42,7.7,5.1
True,REACHED,1.5,1.5,57.93296255291774,1.509136861802298e-05,0,12,124.80215291725472,1497.6258350070566,0.125,10,1.25,RA-MPC (ours),210,300,42,7.7,5.1
False,INFEASIBLE_MID,,0.625,27.080865375653428,-4.017744295757494e-05,1,5,1451.795840335156,8710.775042010937,0.125,10,1.25,RA-MPC (ours),211,300,42,7.7,5.1
False,INFEASIBLE_MID,,0.5,18.02584507937839,-0.0003387394498349,1,4,453.6947664048057,2268.4738320240285,0.125,10,1.25,RA-MPC (ours),212,300,42,7.7,5.1
False,INFEASIBLE_MID,,0.625,27.56254378086211,-0.0004916362225218,1,5,234.75690283764075,1408.5414170258446,0.125,10,1.25,RA-MPC (ours),213,300,42,7.7,5.1
True,REACHED,0.75,0.75,14.71747203625044,9.225221400703832,0,6,71.965569499298,431.793416995788,0.125,10,1.25,RA-MPC (ours),214,300,42,7.7,5.1
False,INFEASIBLE_MID,,0.75,23.191285589239044,-1.70031495061225e-05,1,6,824.7401070007721,5773.180749005405,0.125,10,1.25,RA-MPC (ours),215,300,42,7.7,5.1
True,REACHED,1.25,1.25,37.10799713225365,1.842814219121325e-06,0,10,106.41271249769488,1064.1271249769488,0.125,10,1.25,RA-MPC (ours),216,300,42,7.7,5.1
True,REACHED,1.0,1.0,22.844963885632016,1.5295954086758327e-05,0,8,107.0000780018745,856.000624014996,0.125,10,1.25,RA-MPC (ours),217,300,42,7.7,5.1
False,INFEASIBLE_MID,,0.5,13.887890142219325,-6.819918195963946e-05,1,4,413.3051415992668,2066.525707996334,0.125,10,1.25,RA-MPC (ours),218,300,42,7.7,5.1
False,INFEASIBLE_MID,,0.75,41.325036816424856,-0.000202718860864,1,6,321.2336905708071,2248.6358339956496,0.125,10,1.25,RA-MPC (ours),219,300,42,7.7,5.1
False,INFEASIBLE_MID,,0.625,32.538847688516825,-0.0005121004998811,1,5,1075.9645625027283,6455.787375016371,0.125,10,1.25,RA-MPC (ours),220,300,42,7.7,5.1
True,REACHED,0.625,0.625,14.168635284339995,6.859076500895128,0,5,57.114300201646984,285.5715010082349,0.125,10,1.25,RA-MPC (ours),221,300,42,7.7,5.1
False,INFEASIBLE_MID,,0.75,20.4065946628434,-5.100460166630357e-06,1,6,768.5858451420374,5380.100915994262,0.125,10,1.25,RA-MPC (ours),222,300,42,7.7,5.1
True,REACHED,0.75,0.75,19.926466924283147,0.0289905164219772,0,6,67.37223633535905,404.2334180121543,0.125,10,1.25,RA-MPC (ours),223,300,42,7.7,5.1
False,INFEASIBLE_MID,,0.625,36.95989457312032,-0.0005033654647768,1,5,318.79979149622767,1912.798748977366,0.125,10,1.25,RA-MPC (ours),224,300,42,7.7,5.1
False,INFEASIBLE_MID,,0.5,27.693739332168217,-0.0001090304786213,1,4,698.7853497965261,3493.9267489826307,0.125,10,1.25,RA-MPC (ours),225,300,42,7.7,5.1
True,REACHED,0.625,0.625,19.505338905571676,0.0114335058242209,0,5,115.23758359835485,576.1879179917742,0.125,10,1.25,RA-MPC (ours),226,300,42,7.7,5.1
True,REACHED,1.375,1.375,35.0212089602172,1.8645908464477532e-05,0,11,139.41181436265734,1533.5299579892308,0.125,10,1.25,RA-MPC (ours),227,300,42,7.7,5.1
False,INFEASIBLE_STEP1,,0.0,0.0,1.303860872397864,1,0,895.6895000010263,895.6895000010263,0.125,10,1.25,RA-MPC (ours),228,300,42,7.7,5.1
True,REACHED,0.875,0.875,16.921626779343466,7.139721868760973,0,7,86.93916042934039,608.5741230053827,0.125,10,1.25,RA-MPC (ours),229,300,42,7.7,5.1
False,INFEASIBLE_MID,,0.875,23.40611848264378,-4.107755841123136e-05,1,7,962.8300363765449,7702.640291012358,0.125,10,1.25,RA-MPC (ours),230,300,42,7.7,5.1
True,REACHED,1.0,1.0,26.72768876227468,4.2404805199398335e-06,0,8,68.26420812649303,546.1136650119442,0.125,10,1.25,RA-MPC (ours),231,300,42,7.7,5.1
False,INFEASIBLE_MID,,0.625,32.837754376304716,-1.896293519373397e-05,1,5,1195.8121183342882,7174.8727100057295,0.125,10,1.25,RA-MPC (ours),232,300,42,7.7,5.1
True,REACHED,1.375,1.375,56.470504006770966,7.718329752686996e-05,0,11,109.63252263900358,1205.9577490290394,0.125,10,1.25,RA-MPC (ours),233,300,42,7.7,5.1
True,REACHED,0.75,0.75,13.887984177563052,7.12540226461131,0,6,127.63340283709113,765.8004170225468,0.125,10,1.25,RA-MPC (ours),234,300,42,7.7,5.1
False,INFEASIBLE_MID,,0.75,42.24977794711248,-0.0004465668054742,1,6,781.2764162850466,5468.9349139953265,0.125,10,1.25,RA-MPC (ours),235,300,42,7.7,5.1
True,REACHED,1.625,1.625,47.90165807554065,1.3793466232675447e-05,0,13,102.96921784846256,1338.5998320300132,0.125,10,1.25,RA-MPC (ours),236,300,42,7.7,5.1
True,REACHED,1.5,1.5,38.77064610034215,4.979691671008611e-06,0,12,92.49194449997351,1109.9033339996822,0.125,10,1.25,RA-MPC (ours),237,300,42,7.7,5.1
False,INFEASIBLE_MID,,0.75,40.02212247380584,-1.860942203937616e-05,1,6,1104.0011191466224,7728.007834026357,0.125,10,1.25,RA-MPC (ours),238,300,42,7.7,5.1
False,INFEASIBLE_MID,,0.625,19.71337977121733,-4.149105454068256e-05,1,5,1369.332194333159,8215.993165998952,0.125,10,1.25,RA-MPC (ours),239,300,42,7.7,5.1
True,REACHED,1.0,1.0,31.54050625597422,2.7684926825073992e-05,0,8,109.16044762598176,873.2835810078541,0.125,10,1.25,RA-MPC (ours),240,300,42,7.7,5.1
True,REACHED,0.5,0.5,7.476619518801166,4.860697693809347,0,4,64.28452099862625,257.138083994505,0.125,10,1.25,RA-MPC (ours),241,300,42,7.7,5.1
True,REACHED,1.125,1.125,24.832598261731388,7.93431664534863e-06,0,9,114.2335324451172,1028.101792006055,0.125,10,1.25,RA-MPC (ours),242,300,42,7.7,5.1
False,INFEASIBLE_MID,,0.625,18.493305738139178,-8.753559824631662e-06,1,5,1476.6317915006464,8859.790749003878,0.125,10,1.25,RA-MPC (ours),243,300,42,7.7,5.1
False,INFEASIBLE_MID,,0.75,20.32008456180664,-0.0001036759350829,1,6,1050.0240475729308,7350.168333010515,0.125,10,1.25,RA-MPC (ours),244,300,42,7.7,5.1
True,REACHED,1.25,1.25,48.09457014901148,1.1308464122944498e-05,0,10,150.9444041948882,1509.444041948882,0.125,10,1.25,RA-MPC (ours),245,300,42,7.7,5.1
True,REACHED,0.25,0.25,5.39545692909054,1.3550823699480374,0,2,69.77258349797921,139.54516699595845,0.125,10,1.25,RA-MPC (ours),246,300,42,7.7,5.1
True,REACHED,1.5,1.5,45.00329039721872,1.08076458214846e-06,0,12,179.55765633208406,2154.6918759850087,0.125,10,1.25,RA-MPC (ours),247,300,42,7.7,5.1
False,INFEASIBLE_MID,,0.75,19.00695861326284,-2.9170219560740208e-05,1,6,1138.152773855836,7967.069416990853,0.125,10,1.25,RA-MPC (ours),248,300,42,7.7,5.1
True,REACHED,0.5,0.5,7.282136172733055,1.582445596501745,0,4,73.7544687508489,295.0178750033956,0.125,10,1.25,RA-MPC (ours),249,300,42,7.7,5.1
True,REACHED,0.5,0.5,9.278062484963163,3.293204826821862,0,4,318.062968999584,1272.251875998336,0.125,10,1.25,RA-MPC (ours),250,300,42,7.7,5.1
False,INFEASIBLE_MID,,0.5,13.068893721355089,-1.9558844694099312e-05,1,4,1448.6157586012268,7243.078793006134,0.125,10,1.25,RA-MPC (ours),251,300,42,7.7,5.1
False,INFEASIBLE_MID,,0.5,32.73431686718878,-0.0020477559482024,1,4,261.0730415995931,1305.3652079979656,0.125,10,1.25,RA-MPC (ours),252,300,42,7.7,5.1
False,INFEASIBLE_MID,,0.875,24.474856504916893,-5.1989491694746504e-06,1,7,397.84156762652856,3182.7325410122285,0.125,10,1.25,RA-MPC (ours),253,300,42,7.7,5.1
False,INFEASIBLE_MID,,0.625,14.658049435085596,-3.828188139428105e-05,1,5,1261.0990488343912,7566.594293006347,0.125,10,1.25,RA-MPC (ours),254,300,42,7.7,5.1
False,INFEASIBLE_MID,,0.375,19.6605839087752,-0.000422218786895,1,3,269.78217699434026,1079.128707977361,0.125,10,1.25,RA-MPC (ours),255,300,42,7.7,5.1
False,INFEASIBLE_MID,,0.625,24.13557584166928,-0.0004870696033594,1,5,536.5118405000734,3219.07104300044,0.125,10,1.25,RA-MPC (ours),256,300,42,7.7,5.1
False,INFEASIBLE_MID,,0.625,18.92261131090807,-0.000702345763595,1,5,470.9422016700652,2825.6532100203913,0.125,10,1.25,RA-MPC (ours),257,300,42,7.7,5.1
True,REACHED,1.25,1.25,30.768555290692287,2.316284268206803e-06,0,10,128.66008779819822,1286.6008779819822,0.125,10,1.25,RA-MPC (ours),258,300,42,7.7,5.1
True,REACHED,0.875,0.875,28.753140516977716,0.0004251656974371,0,7,79.89776185838438,559.2843330086907,0.125,10,1.25,RA-MPC (ours),259,300,42,7.7,5.1
True,REACHED,0.375,0.375,5.575920396287763,8.644269480866155,0,3,98.43995799989597,295.31987399968784,0.125,10,1.25,RA-MPC (ours),260,300,42,7.7,5.1
True,REACHED,0.625,0.625,10.2850489124288,0.2029118139244192,0,5,67.50397499999963,337.51987499999814,0.125,10,1.25,RA-MPC (ours),261,300,42,7.7,5.1
True,REACHED,0.25,0.25,2.091320222794003,2.3922237773802837,0,2,77.62756251031533,155.25512502063066,0.125,10,1.25,RA-MPC (ours),262,300,42,7.7,5.1
True,REACHED,1.375,1.375,34.02686058206933,1.036378438746777e-05,0,11,136.77671990775377,1504.5439189852914,0.125,10,1.25,RA-MPC (ours),263,300,42,7.7,5.1
True,REACHED,0.75,0.75,18.165132473519662,6.32640353561351,0,6,100.76211816582752,604.5727089949651,0.125,10,1.25,RA-MPC (ours),264,300,42,7.7,5.1
True,REACHED,1.125,1.125,46.95250305557914,2.3652116192538145e-05,0,9,105.7167963347941,951.4511670131468,0.125,10,1.25,RA-MPC (ours),265,300,42,7.7,5.1
False,INFEASIBLE_MID,,0.5,13.719690631332044,-2.8389500330285912e-05,1,4,1575.2997582021635,7876.4987910108175,0.125,10,1.25,RA-MPC (ours),266,300,42,7.7,5.1
True,REACHED,0.75,0.75,18.26423782250943,7.262397787890149,0,6,142.18006950007597,853.0804170004558,0.125,10,1.25,RA-MPC (ours),267,300,42,7.7,5.1
True,REACHED,0.875,0.875,16.17553687878199,4.384668943013676,0,7,117.60438699898909,823.2307089929236,0.125,10,1.25,RA-MPC (ours),268,300,42,7.7,5.1
True,REACHED,0.625,0.625,18.7424624756769,0.0024273207453622,0,5,92.32501680089626,461.6250840044813,0.125,10,1.25,RA-MPC (ours),269,300,42,7.7,5.1
False,INFEASIBLE_STEP1,,0.0,0.0,0.7572005055600882,1,0,354.98291700787377,354.98291700787377,0.125,10,1.25,RA-MPC (ours),270,300,42,7.7,5.1
True,REACHED,0.875,0.875,15.115732708069812,4.7521473828247025,0,7,107.04572014427478,749.3200410099234,0.125,10,1.25,RA-MPC (ours),271,300,42,7.7,5.1
True,REACHED,0.75,0.75,10.708961255641558,3.6104100197038753,0,6,70.56389583400839,423.3833750040503,0.125,10,1.25,RA-MPC (ours),272,300,42,7.7,5.1
True,REACHED,0.375,0.375,12.922656619173672,9.322783580882056,0,3,123.3742496697232,370.1227490091696,0.125,10,1.25,RA-MPC (ours),273,300,42,7.7,5.1
False,INFEASIBLE_MID,,0.5,28.646261131834855,-0.0001036554387764,1,4,587.5077915989095,2937.5389579945477,0.125,10,1.25,RA-MPC (ours),274,300,42,7.7,5.1
False,INFEASIBLE_MID,,0.75,22.685145872280888,-0.0001719990462926,1,6,1122.884755997802,7860.193291984615,0.125,10,1.25,RA-MPC (ours),275,300,42,7.7,5.1
True,REACHED,0.75,0.75,16.313061329171823,0.016095291389003,0,6,71.1010971693516,426.60658301610965,0.125,10,1.25,RA-MPC (ours),276,300,42,7.7,5.1
True,REACHED,0.875,0.875,18.297924345091815,2.775143790557393e-06,0,7,123.01681571157782,861.1177099810448,0.125,10,1.25,RA-MPC (ours),277,300,42,7.7,5.1
False,INFEASIBLE_MID,,0.75,43.36733454935322,-5.28025419746284e-05,1,6,1075.9279699996114,7531.49578999728,0.125,10,1.25,RA-MPC (ours),278,300,42,7.7,5.1
True,REACHED,0.75,0.75,25.949909554623343,2.3443277794503437,0,6,122.4626666662516,734.7759999975096,0.125,10,1.25,RA-MPC (ours),279,300,42,7.7,5.1
False,INFEASIBLE_MID,,0.25,17.406209014685597,-0.0008953956925245,1,2,794.9669446631257,2384.900833989377,0.125,10,1.25,RA-MPC (ours),280,300,42,7.7,5.1
False,INFEASIBLE_STEP1,,0.0,0.0,0.7443952927132589,1,0,901.0640000051352,901.0640000051352,0.125,10,1.25,RA-MPC (ours),281,300,42,7.7,5.1
False,INFEASIBLE_MID,,0.75,17.24764241293759,-6.723870469077025e-07,1,6,365.9098869996211,2561.3692089973483,0.125,10,1.25,RA-MPC (ours),282,300,42,7.7,5.1
True,REACHED,0.625,0.625,9.663650305212707,8.627163707058559,0,5,70.85548339528032,354.2774169764016,0.125,10,1.25,RA-MPC (ours),283,300,42,7.7,5.1
True,REACHED,1.375,1.375,62.51536052592179,2.218036371469463e-05,0,11,128.02070454530292,1408.227749998332,0.125,10,1.25,RA-MPC (ours),284,300,42,7.7,5.1
False,INFEASIBLE_MID,,0.75,25.376883252243125,-0.0001107164370847,1,6,171.91905942620775,1203.4334159834543,0.125,10,1.25,RA-MPC (ours),285,300,42,7.7,5.1
False,INFEASIBLE_MID,,0.625,36.23501678586422,-0.000102685053083,1,5,726.3250416702552,4357.950250021531,0.125,10,1.25,RA-MPC (ours),286,300,42,7.7,5.1
True,REACHED,0.75,0.75,20.01833999424377,4.390246942570099,0,6,114.38428482991488,686.3057089794893,0.125,10,1.25,RA-MPC (ours),287,300,42,7.7,5.1
False,INFEASIBLE_MID,,0.75,21.562586655577743,-0.0003247516136873,1,6,434.7480771435325,3043.236540004727,0.125,10,1.25,RA-MPC (ours),288,300,42,7.7,5.1
False,INFEASIBLE_MID,,0.75,38.17227442558414,-3.638319336973125e-05,1,6,852.6870771415166,5968.809539990616,0.125,10,1.25,RA-MPC (ours),289,300,42,7.7,5.1
True,REACHED,0.75,0.75,16.601036656583055,2.2089349427455316,0,6,155.11777783588818,930.706667015329,0.125,10,1.25,RA-MPC (ours),290,300,42,7.7,5.1
True,REACHED,0.75,0.75,26.79055694827542,0.0001257218828972,0,6,215.2504929957407,1291.502957974444,0.125,10,1.25,RA-MPC (ours),291,300,42,7.7,5.1
True,REACHED,0.625,0.625,18.06300315759609,2.7198937705473538e-05,0,5,102.51267540443224,512.5633770221611,0.125,10,1.25,RA-MPC (ours),292,300,42,7.7,5.1
True,REACHED,1.625,1.625,54.46601063365312,8.976789519189269e-06,0,13,206.15155123008523,2679.970165991108,0.125,10,1.25,RA-MPC (ours),293,300,42,7.7,5.1
True,REACHED,0.625,0.625,13.102767756098276,8.031171595517625,0,5,201.8209747970104,1009.104873985052,0.125,10,1.25,RA-MPC (ours),294,300,42,7.7,5.1
False,INFEASIBLE_MID,,0.75,37.94489100339106,-5.902059461470304e-05,1,6,707.8272381414926,4954.790666990448,0.125,10,1.25,RA-MPC (ours),295,300,42,7.7,5.1
True,REACHED,0.75,0.75,23.708964556714616,3.077999346345147,0,6,161.05241650317717,966.3144990190632,0.125,10,1.25,RA-MPC (ours),296,300,42,7.7,5.1
True,REACHED,1.375,1.375,42.21939665963036,2.437592898056525e-06,0,11,145.35290145563934,1598.881916012033,0.125,10,1.25,RA-MPC (ours),297,300,42,7.7,5.1
False,INFEASIBLE_MID,,0.625,35.831480125048245,-0.0001275624721707,1,5,558.0098331677922,3348.058999006753,0.125,10,1.25,RA-MPC (ours),298,300,42,7.7,5.1
True,REACHED,1.125,1.125,20.60849771157278,0.4737449625325097,0,9,103.66328710935906,932.9695839842316,0.125,10,1.25,RA-MPC (ours),299,300,42,7.7,5.1
False,INFEASIBLE_MID,,0.5,17.98484423841135,-0.0043351233456308,1,2,482.0870969997486,1446.2612909992458,0.25,5,1.25,Vanilla MPC,0,300,42,7.7,5.1
True,REACHED,1.25,1.25,47.32694578565064,4.110911031921572e-05,0,5,155.77114159823395,778.8557079911698,0.25,5,1.25,Vanilla MPC,1,300,42,7.7,5.1
True,REACHED,0.75,0.75,19.10569173019734,5.592582002116371,0,3,141.03513899802542,423.1054169940762,0.25,5,1.25,Vanilla MPC,2,300,42,7.7,5.1
True,REACHED,0.5,0.5,11.47866344927584,5.290940229176479,0,2,139.5565830025589,279.1131660051178,0.25,5,1.25,Vanilla MPC,3,300,42,7.7,5.1
True,REACHED,1.25,1.25,55.77467947304953,0.000241329101967,0,5,194.29291659616865,971.4645829808431,0.25,5,1.25,Vanilla MPC,4,300,42,7.7,5.1
True,REACHED,0.75,0.75,9.719451141947673,3.0779483271708967,0,3,108.36977799772284,325.10933399316855,0.25,5,1.25,Vanilla MPC,5,300,42,7.7,5.1
False,INFEASIBLE_STEP1,,0.0,0.0,6.9059108435215935,1,0,972.7991669933544,972.7991669933544,0.25,5,1.25,Vanilla MPC,6,300,42,7.7,5.1
True,REACHED,1.0,1.0,16.52304292898742,3.5583286473021465,0,4,124.18780199732282,496.7512079892913,0.25,5,1.25,Vanilla MPC,7,300,42,7.7,5.1
True,REACHED,0.75,0.75,21.58792836399049,0.6234167700269936,0,3,101.09827766912834,303.294833007385,0.25,5,1.25,Vanilla MPC,8,300,42,7.7,5.1
True,REACHED,1.0,1.0,35.07267218454146,1.8010249913400252e-05,0,4,123.88591649505544,495.5436659802217,0.25,5,1.25,Vanilla MPC,9,300,42,7.7,5.1
True,REACHED,1.5,1.5,82.83075131582397,1.1580384156617332,0,6,175.71766000037314,1054.3059600022389,0.25,5,1.25,Vanilla MPC,10,300,42,7.7,5.1
True,REACHED,0.75,0.75,14.26068735199171,0.0416230854178495,0,3,108.25963899939477,324.7789169981843,0.25,5,1.25,Vanilla MPC,11,300,42,7.7,5.1
True,REACHED,1.0,1.0,40.8955468801174,1.47110364393258,0,4,127.86191674967996,511.4476669987198,0.25,5,1.25,Vanilla MPC,12,300,42,7.7,5.1
True,REACHED,1.0,1.0,27.69940195509422,1.9846225240832617e-05,0,4,168.41211475184537,673.6484590073815,0.25,5,1.25,Vanilla MPC,13,300,42,7.7,5.1
False,INFEASIBLE_MID,,0.75,43.271398964747135,-0.0416222571637039,1,3,174.9251559995173,699.7006239980692,0.25,5,1.25,Vanilla MPC,14,300,42,7.7,5.1
True,REACHED,0.75,0.75,11.521167091556176,5.466144768978296,0,3,68.97236166211466,206.917084986344,0.25,5,1.25,Vanilla MPC,15,300,42,7.7,5.1
True,REACHED,0.75,0.75,14.611920944428222,3.5210149843130947,0,3,103.96906966828584,311.9072090048576,0.25,5,1.25,Vanilla MPC,16,300,42,7.7,5.1
False,INFEASIBLE_MID,,1.0,20.523738973751975,-2.098709764306555e-06,1,4,1853.7885415978965,9268.94270798948,0.25,5,1.25,Vanilla MPC,17,300,42,7.7,5.1
True,REACHED,0.5,0.5,13.310410950133338,7.5514478018954625,0,2,146.85327099869028,293.70654199738055,0.25,5,1.25,Vanilla MPC,18,300,42,7.7,5.1
False,INFEASIBLE_STEP1,,0.0,0.0,0.8743130714584793,1,0,636.4384579937905,636.4384579937905,0.25,5,1.25,Vanilla MPC,19,300,42,7.7,5.1
True,REACHED,0.75,0.75,12.722207951513743,8.697704682276449,0,3,140.1063336719138,420.3190010157414,0.25,5,1.25,Vanilla MPC,20,300,42,7.7,5.1
True,REACHED,1.25,1.25,50.32488859563663,2.6676254694238105e-05,0,5,402.6292251975974,2013.146125987987,0.25,5,1.25,Vanilla MPC,21,300,42,7.7,5.1
True,REACHED,0.25,0.25,6.105945699929011,9.194602141979937,0,1,155.62366601079702,155.62366601079702,0.25,5,1.25,Vanilla MPC,22,300,42,7.7,5.1
False,INFEASIBLE_STEP1,,0.0,0.0,7.2691005045984785,1,0,2419.36479099968,2419.36479099968,0.25,5,1.25,Vanilla MPC,23,300,42,7.7,5.1
True,REACHED,0.75,0.75,9.886096261379338,0.0005107198489564,0,3,134.4231946665483,403.26958399964496,0.25,5,1.25,Vanilla MPC,24,300,42,7.7,5.1
False,INFEASIBLE_MID,,0.75,31.127071302963117,-6.24157708922982e-05,1,3,969.222593746963,3876.890374987852,0.25,5,1.25,Vanilla MPC,25,300,42,7.7,5.1
False,INFEASIBLE_MID,,0.75,18.356483891154227,-0.0004551619788038,1,3,598.4720412488969,2393.888164995587,0.25,5,1.25,Vanilla MPC,26,300,42,7.7,5.1
True,REACHED,1.0,1.0,16.705908401981006,0.1010009878927606,0,4,138.5719477548264,554.2877910193056,0.25,5,1.25,Vanilla MPC,27,300,42,7.7,5.1
True,REACHED,1.5,1.5,52.92730150496632,0.0001110573125833,0,6,319.4677499971779,1916.8064999830676,0.25,5,1.25,Vanilla MPC,28,300,42,7.7,5.1
False,INFEASIBLE_MID,,0.75,15.41187339691494,-1.5344039135496866e-05,1,3,1896.5073332474276,7586.02933298971,0.25,5,1.25,Vanilla MPC,29,300,42,7.7,5.1
False,INFEASIBLE_MID,,0.5,16.064720277477853,-0.0021704417793748,1,2,2319.9238743351693,6959.771623005508,0.25,5,1.25,Vanilla MPC,30,300,42,7.7,5.1
True,REACHED,0.5,0.5,15.100310336435127,10.223943650151345,0,2,488.9877709938446,977.9755419876892,0.25,5,1.25,Vanilla MPC,31,300,42,7.7,5.1
False,INFEASIBLE_MID,,0.75,30.190347960384145,-0.0118974966289449,1,3,352.10443749747355,1408.4177499898942,0.25,5,1.25,Vanilla MPC,32,300,42,7.7,5.1
True,REACHED,1.0,1.0,36.216071804808315,0.0050509094902603,0,4,321.2491144986416,1284.9964579945663,0.25,5,1.25,Vanilla MPC,33,300,42,7.7,5.1
False,INFEASIBLE_STEP1,,0.0,0.0,0.9699836554437354,1,0,5071.710083997459,5071.710083997459,0.25,5,1.25,Vanilla MPC,34,300,42,7.7,5.1
True,REACHED,0.75,0.75,13.836181586810827,3.2697947824377054,0,3,77.94201366777997,233.82604100333992,0.25,5,1.25,Vanilla MPC,35,300,42,7.7,5.1
False,INFEASIBLE_MID,,0.75,15.246098395581926,-0.0001602706779909,1,3,1403.6420522497792,5614.568208999117,0.25,5,1.25,Vanilla MPC,36,300,42,7.7,5.1
False,INFEASIBLE_MID,,0.5,17.764864610106002,-0.0006246415169385,1,2,480.3565973318958,1441.0697919956874,0.25,5,1.25,Vanilla MPC,37,300,42,7.7,5.1
True,REACHED,1.25,1.25,31.27200052207152,1.93487619630543e-05,0,5,244.41884979896713,1222.0942489948357,0.25,5,1.25,Vanilla MPC,38,300,42,7.7,5.1
True,REACHED,0.5,0.5,8.12897796963757,5.526957426880501,0,2,283.24606300884625,566.4921260176925,0.25,5,1.25,Vanilla MPC,39,300,42,7.7,5.1
False,INFEASIBLE_MID,,0.75,22.61275649194743,-0.0008935967744171,1,3,1627.2826770000393,6509.130708000157,0.25,5,1.25,Vanilla MPC,40,300,42,7.7,5.1
False,INFEASIBLE_MID,,0.75,16.687404715046405,-0.0006932183786309,1,3,455.884406248515,1823.53762499406,0.25,5,1.25,Vanilla MPC,41,300,42,7.7,5.1
True,REACHED,0.75,0.75,11.381732579565796,4.486437843643157,0,3,77.81459733087104,233.44379199261311,0.25,5,1.25,Vanilla MPC,42,300,42,7.7,5.1
True,REACHED,1.5,1.5,83.23127257703818,0.0034642479466371,0,6,147.26849283276047,883.6109569965629,0.25,5,1.25,Vanilla MPC,43,300,42,7.7,5.1
True,REACHED,1.0,1.0,19.224877826846814,2.673384005496052,0,4,155.75397925204015,623.0159170081606,0.25,5,1.25,Vanilla MPC,44,300,42,7.7,5.1
True,REACHED,0.5,0.5,18.222736206024074,4.572840183692817,0,2,115.60137550259242,231.20275100518484,0.25,5,1.25,Vanilla MPC,45,300,42,7.7,5.1
True,REACHED,0.5,0.5,10.8310294660265,2.811112901317229,0,2,138.97977100714343,277.95954201428685,0.25,5,1.25,Vanilla MPC,46,300,42,7.7,5.1
False,INFEASIBLE_MID,,0.75,16.17742320430337,-2.352711821545031e-05,1,3,546.4466560006258,2185.7866240025032,0.25,5,1.25,Vanilla MPC,47,300,42,7.7,5.1
True,REACHED,1.25,1.25,49.750162941093215,0.001118195989775,0,5,113.72974179685116,568.6487089842558,0.25,5,1.25,Vanilla MPC,48,300,42,7.7,5.1
False,INFEASIBLE_MID,,0.75,16.89089704939834,-6.662213919423845e-05,1,3,1533.3937399991555,6133.574959996622,0.25,5,1.25,Vanilla MPC,49,300,42,7.7,5.1
True,REACHED,0.75,0.75,11.5500538311478,9.613253100953854,0,3,89.68079166273431,269.04237498820294,0.25,5,1.25,Vanilla MPC,50,300,42,7.7,5.1
True,REACHED,0.75,0.75,11.421454143720972,2.6590462193232764,0,3,121.89223600338056,365.67670801014174,0.25,5,1.25,Vanilla MPC,51,300,42,7.7,5.1
False,INFEASIBLE_MID,,0.5,19.950073743299207,-0.0009203861274821,1,2,378.55506932828575,1135.6652079848573,0.25,5,1.25,Vanilla MPC,52,300,42,7.7,5.1
False,INFEASIBLE_MID,,0.5,21.534738571325377,-0.0180240041036102,1,2,269.14818066870794,807.4445420061238,0.25,5,1.25,Vanilla MPC,53,300,42,7.7,5.1
False,INFEASIBLE_MID,,0.75,19.65291314251092,-8.517815824265081e-07,1,3,194.5088852517074,778.0355410068296,0.25,5,1.25,Vanilla MPC,54,300,42,7.7,5.1
True,REACHED,1.0,1.0,17.98043482878862,2.8155462556776,0,4,71.05380225038971,284.21520900155883,0.25,5,1.25,Vanilla MPC,55,300,42,7.7,5.1
False,INFEASIBLE_MID,,0.5,27.380053484377164,-8.786235318040595e-06,1,2,2164.129458668564,6492.388376005692,0.25,5,1.25,Vanilla MPC,56,300,42,7.7,5.1
False,INFEASIBLE_MID,,0.75,31.233894613659004,-0.0011192252563243,1,3,214.5201560051646,858.0806240206584,0.25,5,1.25,Vanilla MPC,57,300,42,7.7,5.1
True,REACHED,1.25,1.25,53.19431024635574,2.598440818409051e-05,0,5,116.05333340412471,580.2666670206236,0.25,5,1.25,Vanilla MPC,58,300,42,7.7,5.1
True,REACHED,1.0,1.0,38.246664560347234,2.2772412023653317,0,4,104.4091147450672,417.6364589802688,0.25,5,1.25,Vanilla MPC,59,300,42,7.7,5.1
True,REACHED,0.75,0.75,15.813564201575604,4.6336005336444295,0,3,80.74124966515228,242.22374899545684,0.25,5,1.25,Vanilla MPC,60,300,42,7.7,5.1
False,INFEASIBLE_MID,,1.0,38.91704608630817,-0.0001634681375197,1,4,771.1575334018562,3855.787667009281,0.25,5,1.25,Vanilla MPC,61,300,42,7.7,5.1
False,INFEASIBLE_MID,,0.5,20.04070521547861,-0.0016149856508098,1,2,777.2068750006534,2331.6206250019604,0.25,5,1.25,Vanilla MPC,62,300,42,7.7,5.1
False,INFEASIBLE_MID,,0.25,11.572990209125996,-0.1009773781881194,1,1,353.578041504079,707.156083008158,0.25,5,1.25,Vanilla MPC,63,300,42,7.7,5.1
True,REACHED,0.75,0.75,22.67578969646682,7.600681584059818,0,3,111.86609732976648,335.59829198929947,0.25,5,1.25,Vanilla MPC,64,300,42,7.7,5.1
True,REACHED,1.5,1.5,53.735207086566774,0.0003728820261865,0,6,178.80359033248774,1072.8215419949263,0.25,5,1.25,Vanilla MPC,65,300,42,7.7,5.1
True,REACHED,1.0,1.0,30.110692226381957,5.049540090239004e-05,0,4,100.15811449557076,400.6324579822831,0.25,5,1.25,Vanilla MPC,66,300,42,7.7,5.1
False,INFEASIBLE_MID,,0.5,24.534554034649886,-7.828788051067195e-05,1,2,811.4613473347466,2434.3840420042397,0.25,5,1.25,Vanilla MPC,67,300,42,7.7,5.1
False,INFEASIBLE_MID,,1.0,39.15828223940571,-4.244697893900606e-05,1,4,1389.2070500005502,6946.035250002751,0.25,5,1.25,Vanilla MPC,68,300,42,7.7,5.1
True,REACHED,0.75,0.75,20.435215725389384,0.2540176800907207,0,3,131.8618609996823,395.5855829990469,0.25,5,1.25,Vanilla MPC,69,300,42,7.7,5.1
False,INFEASIBLE_MID,,0.5,12.965022952820863,-2.1687484023705052e-05,1,2,2260.0925143342465,6780.27754300274,0.25,5,1.25,Vanilla MPC,70,300,42,7.7,5.1
False,INFEASIBLE_MID,,0.5,15.247119468088144,-0.0016433215630443,1,2,1379.7276943272057,4139.183082981617,0.25,5,1.25,Vanilla MPC,71,300,42,7.7,5.1
False,INFEASIBLE_MID,,0.25,12.389423582463293,-0.0081554304734788,1,1,536.1153539997758,1072.2307079995517,0.25,5,1.25,Vanilla MPC,72,300,42,7.7,5.1
True,REACHED,0.5,0.5,4.932880434134638,1.5895489054684828,0,2,94.43239549727878,188.86479099455755,0.25,5,1.25,Vanilla MPC,73,300,42,7.7,5.1
False,INFEASIBLE_STEP1,,0.0,0.0,4.344789744581988,1,0,1278.0519999942044,1278.0519999942044,0.25,5,1.25,Vanilla MPC,74,300,42,7.7,5.1
False,INFEASIBLE_STEP1,,0.0,0.0,6.522670699606722,1,0,1333.5438749927562,1333.5438749927562,0.25,5,1.25,Vanilla MPC,75,300,42,7.7,5.1
True,REACHED,0.75,0.75,15.639881031589162,3.0881517605199953,0,3,75.96008333590969,227.88025000772905,0.25,5,1.25,Vanilla MPC,76,300,42,7.7,5.1
False,INFEASIBLE_MID,,0.75,36.001286317622984,-1.711759544341942e-05,1,3,1129.4554477426573,4517.821790970629,0.25,5,1.25,Vanilla MPC,77,300,42,7.7,5.1
False,INFEASIBLE_MID,,1.0,23.285044689395903,-0.0005525292608223,1,4,300.14225839986466,1500.7112919993233,0.25,5,1.25,Vanilla MPC,78,300,42,7.7,5.1
True,REACHED,0.75,0.75,20.13828509090874,4.791068808524537,0,3,118.09363900101744,354.2809170030523,0.25,5,1.25,Vanilla MPC,79,300,42,7.7,5.1
False,INFEASIBLE_MID,,1.0,36.082091306540775,-0.0003887645891697,1,4,315.91538340144325,1579.5769170072165,0.25,5,1.25,Vanilla MPC,80,300,42,7.7,5.1
False,INFEASIBLE_MID,,0.75,45.863008103802485,-0.0012480308424992,1,3,135.66649999847868,542.6659999939147,0.25,5,1.25,Vanilla MPC,81,300,42,7.7,5.1
False,INFEASIBLE_MID,,0.5,17.534139655030582,-0.0005533626681106,1,2,236.20970833386912,708.6291250016075,0.25,5,1.25,Vanilla MPC,82,300,42,7.7,5.1
True,REACHED,1.0,1.0,38.07927925390641,0.0013367598642918,0,4,89.37739575776504,357.5095830310602,0.25,5,1.25,Vanilla MPC,83,300,42,7.7,5.1
True,REACHED,0.5,0.5,7.382309054993612,5.69172271149183,0,2,112.50535449653398,225.01070899306796,0.25,5,1.25,Vanilla MPC,84,300,42,7.7,5.1
False,INFEASIBLE_STEP1,,0.0,0.0,8.496681644949996,1,0,1392.395792005118,1392.395792005118,0.25,5,1.25,Vanilla MPC,85,300,42,7.7,5.1
False,INFEASIBLE_STEP1,,0.0,0.0,4.8990057720047595,1,0,2206.5260840026895,2206.5260840026895,0.25,5,1.25,Vanilla MPC,86,300,42,7.7,5.1
True,REACHED,1.0,1.0,23.78621722862444,0.5749364181317703,0,4,76.73551024709013,306.94204098836053,0.25,5,1.25,Vanilla MPC,87,300,42,7.7,5.1
False,INFEASIBLE_MID,,0.75,18.879245377018236,-8.473077314567397e-05,1,3,1154.760156503471,4619.040626013884,0.25,5,1.25,Vanilla MPC,88,300,42,7.7,5.1
False,INFEASIBLE_MID,,0.75,34.09757303995984,-0.0029977438688977,1,3,273.3300522486388,1093.3202089945553,0.25,5,1.25,Vanilla MPC,89,300,42,7.7,5.1
True,REACHED,0.75,0.75,26.390950406272673,0.0453561605686381,0,3,128.40252799893884,385.20758399681654,0.25,5,1.25,Vanilla MPC,90,300,42,7.7,5.1
False,INFEASIBLE_STEP1,,0.0,0.0,5.893491440726705,1,0,932.6137080061015,932.6137080061015,0.25,5,1.25,Vanilla MPC,91,300,42,7.7,5.1
False,INFEASIBLE_MID,,0.5,18.91886916023979,-0.0105221213243574,1,2,291.07413900298224,873.2224170089466,0.25,5,1.25,Vanilla MPC,92,300,42,7.7,5.1
True,REACHED,1.0,1.0,17.19463249104299,4.158990953878803e-05,0,4,89.66277075160178,358.65108300640713,0.25,5,1.25,Vanilla MPC,93,300,42,7.7,5.1
False,INFEASIBLE_MID,,0.75,42.70173308961009,-0.0002639292210014,1,3,1933.6606770048093,7734.642708019237,0.25,5,1.25,Vanilla MPC,94,300,42,7.7,5.1
False,INFEASIBLE_MID,,0.75,16.348951947076852,-1.1311523339961537e-05,1,3,1520.3681040002266,6081.472416000906,0.25,5,1.25,Vanilla MPC,95,300,42,7.7,5.1
False,INFEASIBLE_STEP1,,0.0,0.0,6.528767247716423,1,0,701.6951670084381,701.6951670084381,0.25,5,1.25,Vanilla MPC,96,300,42,7.7,5.1
True,REACHED,1.5,1.5,64.05462183083814,1.382749383651747e-05,0,6,125.56577783592122,753.3946670155274,0.25,5,1.25,Vanilla MPC,97,300,42,7.7,5.1
False,INFEASIBLE_STEP1,,0.0,0.0,6.452721267129129,1,0,1046.6459169983864,1046.6459169983864,0.25,5,1.25,Vanilla MPC,98,300,42,7.7,5.1
True,REACHED,0.5,0.5,12.337128666729589,7.620092577108419,0,2,120.19995849550467,240.39991699100935,0.25,5,1.25,Vanilla MPC,99,300,42,7.7,5.1
False,INFEASIBLE_STEP1,,0.0,0.0,9.423975576633302,1,0,2615.7245000067633,2615.7245000067633,0.25,5,1.25,Vanilla MPC,100,300,42,7.7,5.1
False,INFEASIBLE_STEP1,,0.0,0.0,1.4566787727302752,1,0,1898.3064999920316,1898.3064999920316,0.25,5,1.25,Vanilla MPC,101,300,42,7.7,5.1
False,INFEASIBLE_MID,,0.75,18.448055914540788,-2.4880671219858743e-05,1,3,304.6705417546036,1218.6821670184145,0.25,5,1.25,Vanilla MPC,102,300,42,7.7,5.1
True,REACHED,1.0,1.0,44.15288486705677,0.0019244690583837,0,4,102.86791649923543,411.47166599694174,0.25,5,1.25,Vanilla MPC,103,300,42,7.7,5.1
False,INFEASIBLE_MID,,1.0,38.51877077521905,-0.0027225747218439,1,4,251.55630840163212,1257.7815420081606,0.25,5,1.25,Vanilla MPC,104,300,42,7.7,5.1
False,INFEASIBLE_MID,,1.0,21.067577626267568,-0.0002329601580416,1,4,288.13455820200033,1440.6727910100017,0.25,5,1.25,Vanilla MPC,105,300,42,7.7,5.1
True,REACHED,1.0,1.0,39.79148546659912,0.0010907462596169,0,4,123.28723949758567,493.1489579903427,0.25,5,1.25,Vanilla MPC,106,300,42,7.7,5.1
False,INFEASIBLE_MID,,0.5,13.2637005507794,-4.608889732084077e-05,1,2,170.11455566292474,510.3436669887742,0.25,5,1.25,Vanilla MPC,107,300,42,7.7,5.1
False,INFEASIBLE_MID,,0.75,25.428044009652176,-2.5740249465132363e-05,1,3,1631.294802253251,6525.179209013004,0.25,5,1.25,Vanilla MPC,108,300,42,7.7,5.1
True,REACHED,0.75,0.75,10.089609457908873,4.108879722631255,0,3,59.613611001016885,178.84083300305065,0.25,5,1.25,Vanilla MPC,109,300,42,7.7,5.1
False,INFEASIBLE_MID,,1.0,41.16508854530365,-1.4238633379601285e-05,1,4,171.05623340175953,855.2811670087976,0.25,5,1.25,Vanilla MPC,110,300,42,7.7,5.1
False,INFEASIBLE_MID,,1.0,27.780866240447303,-0.0022372081771346,1,4,1319.9793501989916,6599.896750994958,0.25,5,1.25,Vanilla MPC,111,300,42,7.7,5.1
False,INFEASIBLE_MID,,0.5,15.34909174670788,-0.0004080934693038,1,2,2181.7472080001608,6545.241624000482,0.25,5,1.25,Vanilla MPC,112,300,42,7.7,5.1
True,REACHED,0.5,0.5,9.855790168836872,0.0517424066232468,0,2,87.9602704953868,175.9205409907736,0.25,5,1.25,Vanilla MPC,113,300,42,7.7,5.1
True,REACHED,1.5,1.5,55.85987723709019,0.0003562623358596,0,6,215.96925716342716,1295.815542980563,0.25,5,1.25,Vanilla MPC,114,300,42,7.7,5.1
False,INFEASIBLE_MID,,0.5,16.685986821669093,-0.0004034152836709,1,2,390.914138998293,1172.742416994879,0.25,5,1.25,Vanilla MPC,115,300,42,7.7,5.1
False,INFEASIBLE_MID,,0.5,24.435694983907865,-0.030824449509282,1,2,388.26118033224094,1164.7835409967229,0.25,5,1.25,Vanilla MPC,116,300,42,7.7,5.1
False,INFEASIBLE_MID,,1.0,22.838860599764143,-4.625043098939226e-05,1,4,1477.6700663991503,7388.350331995753,0.25,5,1.25,Vanilla MPC,117,300,42,7.7,5.1
True,REACHED,1.25,1.25,36.19168394553637,0.0018305489914147,0,5,108.86258319951594,544.3129159975797,0.25,5,1.25,Vanilla MPC,118,300,42,7.7,5.1
False,INFEASIBLE_STEP1,,0.0,0.0,8.613767011803624,1,0,735.0651250017108,735.0651250017108,0.25,5,1.25,Vanilla MPC,119,300,42,7.7,5.1
True,REACHED,1.25,1.25,52.780526824049105,0.0001285739378713,0,5,131.65819179848768,658.2909589924384,0.25,5,1.25,Vanilla MPC,120,300,42,7.7,5.1
True,REACHED,0.5,0.5,7.238493961507477,0.317340459961902,0,2,73.66910450218711,147.33820900437422,0.25,5,1.25,Vanilla MPC,121,300,42,7.7,5.1
False,INFEASIBLE_MID,,1.0,25.210094812747492,-3.0685119147106015e-05,1,4,1618.0919999955222,8090.459999977611,0.25,5,1.25,Vanilla MPC,122,300,42,7.7,5.1
False,INFEASIBLE_STEP1,,0.0,0.0,6.575919605703361,1,0,519.8078329995042,519.8078329995042,0.25,5,1.25,Vanilla MPC,123,300,42,7.7,5.1
False,INFEASIBLE_MID,,0.5,13.934986094184598,-0.0001315565447961,1,2,2349.1228336739973,7047.368501021992,0.25,5,1.25,Vanilla MPC,124,300,42,7.7,5.1
False,INFEASIBLE_MID,,0.5,13.963201720657118,-0.0001149905458474,1,2,798.2048749981914,2394.614624994574,0.25,5,1.25,Vanilla MPC,125,300,42,7.7,5.1
False,INFEASIBLE_MID,,1.0,46.023262492503854,-4.87169607063066e-06,1,4,1709.0229418012314,8545.114709006157,0.25,5,1.25,Vanilla MPC,126,300,42,7.7,5.1
False,INFEASIBLE_STEP1,,0.0,0.0,1.891598735365244,1,0,1892.8898329904769,1892.8898329904769,0.25,5,1.25,Vanilla MPC,127,300,42,7.7,5.1
False,INFEASIBLE_STEP1,,0.0,0.0,5.096699190658456,1,0,2454.637333008577,2454.637333008577,0.25,5,1.25,Vanilla MPC,128,300,42,7.7,5.1
False,INFEASIBLE_MID,,0.75,30.867144068361466,-0.0034655166709484,1,3,337.66802075115265,1350.6720830046106,0.25,5,1.25,Vanilla MPC,129,300,42,7.7,5.1
True,REACHED,1.5,1.5,82.27002129671705,0.4277957447337846,0,6,129.4262710022546,776.5576260135276,0.25,5,1.25,Vanilla MPC,130,300,42,7.7,5.1
True,REACHED,1.25,1.25,46.94465488264293,3.1581788523619224e-05,0,5,300.76209160033613,1503.810458001681,0.25,5,1.25,Vanilla MPC,131,300,42,7.7,5.1
True,REACHED,1.0,1.0,15.25394389747358,7.2007819287633605,0,4,103.53733324882342,414.14933299529366,0.25,5,1.25,Vanilla MPC,132,300,42,7.7,5.1
True,REACHED,1.25,1.25,39.98507714087518,1.3374566021193096e-05,0,5,242.450591395027,1212.252956975135,0.25,5,1.25,Vanilla MPC,133,300,42,7.7,5.1
True,REACHED,1.0,1.0,16.297382862201925,0.9385643924800704,0,4,87.82430199426017,351.29720797704067,0.25,5,1.25,Vanilla MPC,134,300,42,7.7,5.1
True,REACHED,0.5,0.5,12.934820964582949,9.63024134252311,0,2,155.3874165037996,310.7748330075992,0.25,5,1.25,Vanilla MPC,135,300,42,7.7,5.1
False,INFEASIBLE_MID,,0.5,11.57488936326611,-1.911513899745422e-05,1,2,2254.1503333341097,6762.451000002329,0.25,5,1.25,Vanilla MPC,136,300,42,7.7,5.1
False,INFEASIBLE_MID,,0.75,17.280758698822083,-3.298968068137083e-05,1,3,1763.9748747569683,7055.899499027873,0.25,5,1.25,Vanilla MPC,137,300,42,7.7,5.1
True,REACHED,1.25,1.25,53.587357527341055,1.809045688037861e-05,0,5,301.5485419979086,1507.742709989543,0.25,5,1.25,Vanilla MPC,138,300,42,7.7,5.1
True,REACHED,0.75,0.75,11.567361385829653,5.205687850445236,0,3,228.73205599898935,686.1961679969681,0.25,5,1.25,Vanilla MPC,139,300,42,7.7,5.1
False,INFEASIBLE_STEP1,,0.0,0.0,4.298763991527994,1,0,2310.1732499926584,2310.1732499926584,0.25,5,1.25,Vanilla MPC,140,300,42,7.7,5.1
True,REACHED,0.75,0.75,15.56972820258717,8.993204984510246,0,3,78.88970866527718,236.66912599583156,0.25,5,1.25,Vanilla MPC,141,300,42,7.7,5.1
True,REACHED,0.75,0.75,15.094188224094516,2.1458398069338345,0,3,85.46854166100577,256.40562498301733,0.25,5,1.25,Vanilla MPC,142,300,42,7.7,5.1
False,INFEASIBLE_MID,,0.75,15.398954556111589,-0.0006928282017714,1,3,835.2994477500033,3341.1977910000132,0.25,5,1.25,Vanilla MPC,143,300,42,7.7,5.1
True,REACHED,0.5,0.5,9.347159824087685,1.2947264729779853,0,2,80.1661665100255,160.332333020051,0.25,5,1.25,Vanilla MPC,144,300,42,7.7,5.1
True,REACHED,0.5,0.5,11.865248254682797,3.631989338616811,0,2,113.4479999964242,226.89599999284837,0.25,5,1.25,Vanilla MPC,145,300,42,7.7,5.1
True,REACHED,1.25,1.25,33.55034398772691,1.1552021815266802e-05,0,5,151.15879980148748,755.7939990074374,0.25,5,1.25,Vanilla MPC,146,300,42,7.7,5.1
False,INFEASIBLE_MID,,0.75,14.503324541053832,-0.0003395817208237,1,3,913.1082607491408,3652.433042996563,0.25,5,1.25,Vanilla MPC,147,300,42,7.7,5.1
True,REACHED,0.75,0.75,25.39336137002201,9.040578582588326,0,3,124.7867083341892,374.36012500256766,0.25,5,1.25,Vanilla MPC,148,300,42,7.7,5.1
False,INFEASIBLE_MID,,0.75,35.30355199094427,-0.001703631706943,1,3,238.102781244379,952.411124977516,0.25,5,1.25,Vanilla MPC,149,300,42,7.7,5.1
True,REACHED,1.25,1.25,43.10582711259928,8.439142387197319e-05,0,5,193.00660800363403,965.03304001817,0.25,5,1.25,Vanilla MPC,150,300,42,7.7,5.1
False,INFEASIBLE_MID,,0.75,20.275783670393434,-0.0003335148328312,1,3,254.852718750044,1019.410875000176,0.25,5,1.25,Vanilla MPC,151,300,42,7.7,5.1
False,INFEASIBLE_STEP1,,0.0,0.0,0.4470685619030109,1,0,1386.4237910020163,1386.4237910020163,0.25,5,1.25,Vanilla MPC,152,300,42,7.7,5.1
False,INFEASIBLE_STEP1,,0.0,0.0,3.2822368686570544,1,0,516.9051660050172,516.9051660050172,0.25,5,1.25,Vanilla MPC,153,300,42,7.7,5.1
False,INFEASIBLE_MID,,0.5,15.35705855991894,-0.000908862453158,1,2,276.9390693332146,830.8172079996439,0.25,5,1.25,Vanilla MPC,154,300,42,7.7,5.1
True,REACHED,1.25,1.25,53.84706542091067,5.163123980272158e-05,0,5,91.68415000021923,458.42075000109617,0.25,5,1.25,Vanilla MPC,155,300,42,7.7,5.1
False,INFEASIBLE_MID,,0.5,16.13634110249411,-0.0004758336125825,1,2,827.843013665794,2483.5290409973823,0.25,5,1.25,Vanilla MPC,156,300,42,7.7,5.1
False,INFEASIBLE_MID,,0.5,18.609594084528062,-0.004728221791588,1,2,234.70755533101817,704.1226659930544,0.25,5,1.25,Vanilla MPC,157,300,42,7.7,5.1
False,INFEASIBLE_STEP1,,0.0,0.0,7.8393807299202,1,0,522.4067500093952,522.4067500093952,0.25,5,1.25,Vanilla MPC,158,300,42,7.7,5.1
False,INFEASIBLE_STEP1,,0.0,0.0,4.913651150565764,1,0,4084.5750410080655,4084.5750410080655,0.25,5,1.25,Vanilla MPC,159,300,42,7.7,5.1
True,REACHED,1.0,1.0,16.784434674908667,1.0339221886268686,0,4,102.78669800027274,411.14679200109094,0.25,5,1.25,Vanilla MPC,160,300,42,7.7,5.1
True,REACHED,0.75,0.75,20.217670379665332,7.25661574979195,0,3,97.58291666609392,292.7487499982817,0.25,5,1.25,Vanilla MPC,161,300,42,7.7,5.1
True,REACHED,0.75,0.75,23.650667454758526,4.224471710231428,0,3,78.43992999308587,235.3197899792576,0.25,5,1.25,Vanilla MPC,162,300,42,7.7,5.1
True,REACHED,0.5,0.5,16.54315030653134,6.818239473572869,0,2,142.8529164986685,285.705832997337,0.25,5,1.25,Vanilla MPC,163,300,42,7.7,5.1
False,INFEASIBLE_STEP1,,0.0,0.0,3.5636818270598996,1,0,931.5694580000128,931.5694580000128,0.25,5,1.25,Vanilla MPC,164,300,42,7.7,5.1
True,REACHED,0.75,0.75,12.07112552328389,5.296546429109213,0,3,96.4391390007222,289.3174170021666,0.25,5,1.25,Vanilla MPC,165,300,42,7.7,5.1
False,INFEASIBLE_MID,,1.0,22.551024506402943,-2.7628901826016347e-05,1,4,1618.6198583978694,8093.099291989347,0.25,5,1.25,Vanilla MPC,166,300,42,7.7,5.1
True,REACHED,1.5,1.5,58.77242645529526,0.0001382434799546,0,6,188.6162708324264,1131.6976249945585,0.25,5,1.25,Vanilla MPC,167,300,42,7.7,5.1
True,REACHED,0.75,0.75,18.204860427662947,6.966066277424374,0,3,109.04129166253068,327.123874987592,0.25,5,1.25,Vanilla MPC,168,300,42,7.7,5.1
False,INFEASIBLE_STEP1,,0.0,0.0,6.388879845962428,1,0,6753.088041004958,6753.088041004958,0.25,5,1.25,Vanilla MPC,169,300,42,7.7,5.1
False,INFEASIBLE_MID,,0.5,10.812459048619834,-3.930537255295436e-05,1,2,2487.6240140050263,7462.8720420150785,0.25,5,1.25,Vanilla MPC,170,300,42,7.7,5.1
False,INFEASIBLE_MID,,0.75,18.94736457350823,-0.0004940552295775,1,3,289.5979897475627,1158.3919589902507,0.25,5,1.25,Vanilla MPC,171,300,42,7.7,5.1
False,INFEASIBLE_STEP1,,0.0,0.0,0.7076548625108998,1,0,1680.5422080069548,1680.5422080069548,0.25,5,1.25,Vanilla MPC,172,300,42,7.7,5.1
True,REACHED,0.75,0.75,22.93623497823394,1.9583846593205616,0,3,89.39552766484364,268.1865829945309,0.25,5,1.25,Vanilla MPC,173,300,42,7.7,5.1
True,REACHED,1.25,1.25,49.9423673591188,0.000323026105787,0,5,152.0301081967773,760.1505409838865,0.25,5,1.25,Vanilla MPC,174,300,42,7.7,5.1
True,REACHED,1.0,1.0,19.629201477055815,8.241612306095615e-06,0,4,132.24048975098412,528.9619590039365,0.25,5,1.25,Vanilla MPC,175,300,42,7.7,5.1
False,INFEASIBLE_MID,,0.5,30.14859071948137,-0.0226644335488388,1,2,648.2533056696411,1944.7599170089231,0.25,5,1.25,Vanilla MPC,176,300,42,7.7,5.1
False,INFEASIBLE_MID,,0.5,17.811187318091328,-0.0048814082317849,1,2,392.3644723302762,1177.0934169908287,0.25,5,1.25,Vanilla MPC,177,300,42,7.7,5.1
True,REACHED,0.75,0.75,19.161370032096492,5.442473160735961,0,3,64.83818032817605,194.51454098452817,0.25,5,1.25,Vanilla MPC,178,300,42,7.7,5.1
False,INFEASIBLE_STEP1,,0.0,0.0,8.61093265353116,1,0,1259.8363330034772,1259.8363330034772,0.25,5,1.25,Vanilla MPC,179,300,42,7.7,5.1
True,REACHED,1.25,1.25,42.95976203191975,2.029114069818692e-05,0,5,209.0705251990585,1045.3526259952923,0.25,5,1.25,Vanilla MPC,180,300,42,7.7,5.1
True,REACHED,1.25,1.25,42.63657311306894,2.6194526904993036e-05,0,5,151.88704180181958,759.4352090090979,0.25,5,1.25,Vanilla MPC,181,300,42,7.7,5.1
True,REACHED,1.0,1.0,38.94208640835417,0.0236663298064608,0,4,178.8720417462173,715.4881669848692,0.25,5,1.25,Vanilla MPC,182,300,42,7.7,5.1
False,INFEASIBLE_MID,,0.5,12.345434804749242,-0.0001078459332215,1,2,2837.449694328825,8512.349082986475,0.25,5,1.25,Vanilla MPC,183,300,42,7.7,5.1
False,INFEASIBLE_MID,,1.0,64.4444398226107,-0.0007310590104728,1,4,609.2725333990529,3046.3626669952646,0.25,5,1.25,Vanilla MPC,184,300,42,7.7,5.1
False,INFEASIBLE_MID,,0.75,15.48351213500241,-2.3978127624498968e-05,1,3,2128.8413855036197,8515.365542014479,0.25,5,1.25,Vanilla MPC,185,300,42,7.7,5.1
True,REACHED,1.0,1.0,19.088481634812545,1.652799854149259e-05,0,4,211.8054060010763,847.2216240043053,0.25,5,1.25,Vanilla MPC,186,300,42,7.7,5.1
True,REACHED,0.75,0.75,10.580027577979653,9.491867860312476,0,3,104.73002733488102,314.19008200464305,0.25,5,1.25,Vanilla MPC,187,300,42,7.7,5.1
True,REACHED,0.5,0.5,7.022844572682392,5.153332796632608,0,2,260.56920849805465,521.1384169961093,0.25,5,1.25,Vanilla MPC,188,300,42,7.7,5.1
True,REACHED,0.75,0.75,14.118358854170184,9.443770542269425,0,3,127.98595833495104,383.9578750048531,0.25,5,1.25,Vanilla MPC,189,300,42,7.7,5.1
True,REACHED,1.25,1.25,30.35273721565751,2.102019502780637e-06,0,5,186.9594913994661,934.7974569973304,0.25,5,1.25,Vanilla MPC,190,300,42,7.7,5.1
True,REACHED,0.5,0.5,11.603349121983342,5.249731091563853,0,2,104.27191700000547,208.54383400001095,0.25,5,1.25,Vanilla MPC,191,300,42,7.7,5.1
True,REACHED,0.5,0.5,9.577310570452411,9.583934802601394,0,2,108.31720849819249,216.63441699638497,0.25,5,1.25,Vanilla MPC,192,300,42,7.7,5.1
False,INFEASIBLE_MID,,0.75,15.531252280153009,-0.0002408834003621,1,3,386.9154687490663,1547.6618749962654,0.25,5,1.25,Vanilla MPC,193,300,42,7.7,5.1
False,INFEASIBLE_MID,,1.0,21.70807291337628,-0.0001348872838637,1,4,1687.528450001264,8437.64225000632,0.25,5,1.25,Vanilla MPC,194,300,42,7.7,5.1
False,INFEASIBLE_MID,,0.5,13.650049025825226,-0.0006085432669342,1,2,553.5935553295227,1660.7806659885682,0.25,5,1.25,Vanilla MPC,195,300,42,7.7,5.1
False,INFEASIBLE_MID,,0.75,20.223389901591375,-0.0008423984914169,1,3,564.3836665039998,2257.5346660159994,0.25,5,1.25,Vanilla MPC,196,300,42,7.7,5.1
True,REACHED,1.25,1.25,53.67772394708926,7.540678903775624e-05,0,5,161.01561679679435,805.0780839839717,0.25,5,1.25,Vanilla MPC,197,300,42,7.7,5.1
True,REACHED,0.5,0.5,6.768001136951599,4.614791156765588,0,2,109.73560398997506,219.47120797995012,0.25,5,1.25,Vanilla MPC,198,300,42,7.7,5.1
True,REACHED,1.25,1.25,50.957676049755435,1.391559430144581e-05,0,5,195.52591679967009,977.6295839983504,0.25,5,1.25,Vanilla MPC,199,300,42,7.7,5.1
False,INFEASIBLE_STEP1,,0.0,0.0,6.893446252044973,1,0,3017.1336670027813,3017.1336670027813,0.25,5,1.25,Vanilla MPC,200,300,42,7.7,5.1
True,REACHED,1.0,1.0,42.45588450295722,0.004525103061013,0,4,131.23331225142465,524.9332490056986,0.25,5,1.25,Vanilla MPC,201,300,42,7.7,5.1
True,REACHED,0.5,0.5,8.305893755516728,3.51586007330208,0,2,106.8581465005991,213.7162930011982,0.25,5,1.25,Vanilla MPC,202,300,42,7.7,5.1
True,REACHED,0.75,0.75,16.955915940021868,5.43332183620236,0,3,196.09620833459,588.28862500377,0.25,5,1.25,Vanilla MPC,203,300,42,7.7,5.1
True,REACHED,0.25,0.25,6.9433314101485015,4.904673199184427,0,1,127.70033300330395,127.70033300330395,0.25,5,1.25,Vanilla MPC,204,300,42,7.7,5.1
False,INFEASIBLE_MID,,0.75,20.87566116700552,-4.317307948993392e-05,1,3,1973.129177251394,7892.516709005577,0.25,5,1.25,Vanilla MPC,205,300,42,7.7,5.1
True,REACHED,1.25,1.25,48.6460715781294,6.073377335606503e-05,0,5,181.7130582028767,908.5652910143835,0.25,5,1.25,Vanilla MPC,206,300,42,7.7,5.1
True,REACHED,1.0,1.0,22.92764054472771,0.1246215971470168,0,4,197.79341674802708,791.1736669921083,0.25,5,1.25,Vanilla MPC,207,300,42,7.7,5.1
False,INFEASIBLE_STEP1,,0.0,0.0,2.179240564632124,1,0,1196.2452080042567,1196.2452080042567,0.25,5,1.25,Vanilla MPC,208,300,42,7.7,5.1
True,REACHED,0.75,0.75,16.485480570742737,2.930097557024543,0,3,182.04838899934353,546.1451669980306,0.25,5,1.25,Vanilla MPC,209,300,42,7.7,5.1
False,INFEASIBLE_STEP1,,0.0,0.0,6.051647726179743,1,0,1920.3248330013591,1920.3248330013591,0.25,5,1.25,Vanilla MPC,210,300,42,7.7,5.1
False,INFEASIBLE_MID,,0.5,26.570146717086235,-0.001920397688662,1,2,980.567319333204,2941.701957999612,0.25,5,1.25,Vanilla MPC,211,300,42,7.7,5.1
False,INFEASIBLE_MID,,0.5,22.481615939042342,-0.0124198251400302,1,2,450.8016110000123,1352.404833000037,0.25,5,1.25,Vanilla MPC,212,300,42,7.7,5.1
False,INFEASIBLE_MID,,0.5,27.27902497327153,-0.0026582998144034,1,2,489.1124446730828,1467.3373340192484,0.25,5,1.25,Vanilla MPC,213,300,42,7.7,5.1
True,REACHED,0.75,0.75,14.187441794111972,9.354967172469474,0,3,94.80531933756237,284.41595801268704,0.25,5,1.25,Vanilla MPC,214,300,42,7.7,5.1
False,INFEASIBLE_MID,,1.0,25.875125467655646,-0.0014253808719263,1,4,759.6440002002055,3798.2200010010274,0.25,5,1.25,Vanilla MPC,215,300,42,7.7,5.1
False,INFEASIBLE_MID,,0.75,23.900498661121176,-0.0001487294546377,1,3,1218.1207399953564,4872.482959981426,0.25,5,1.25,Vanilla MPC,216,300,42,7.7,5.1
True,REACHED,1.0,1.0,23.16203870303603,7.374820698915272e-06,0,4,175.2059895043203,700.8239580172813,0.25,5,1.25,Vanilla MPC,217,300,42,7.7,5.1
False,INFEASIBLE_MID,,0.5,15.862643611790949,-0.006145483139263,1,2,430.8062776690349,1292.4188330071047,0.25,5,1.25,Vanilla MPC,218,300,42,7.7,5.1
False,INFEASIBLE_MID,,1.0,40.06502519061715,-0.0023686678981181,1,4,904.1641499992692,4520.820749996346,0.25,5,1.25,Vanilla MPC,219,300,42,7.7,5.1
False,INFEASIBLE_STEP1,,0.0,0.0,5.032182301587035,1,0,1751.7428749997634,1751.7428749997634,0.25,5,1.25,Vanilla MPC,220,300,42,7.7,5.1
True,REACHED,0.75,0.75,14.390888697558712,7.010833204078263,0,3,92.54380566320226,277.6314169896068,0.25,5,1.25,Vanilla MPC,221,300,42,7.7,5.1
False,INFEASIBLE_STEP1,,0.0,0.0,6.677939416749844,1,0,1253.8713329995517,1253.8713329995517,0.25,5,1.25,Vanilla MPC,222,300,42,7.7,5.1
True,REACHED,1.25,1.25,49.63835068641957,1.3396978790021112,0,5,127.25109180028085,636.2554590014042,0.25,5,1.25,Vanilla MPC,223,300,42,7.7,5.1
False,INFEASIBLE_STEP1,,0.0,0.0,7.35160282225229,1,0,677.7735420037061,677.7735420037061,0.25,5,1.25,Vanilla MPC,224,300,42,7.7,5.1
False,INFEASIBLE_MID,,0.5,27.937380790013066,-5.852015062322745e-05,1,2,677.8923750049822,2033.6771250149468,0.25,5,1.25,Vanilla MPC,225,300,42,7.7,5.1
True,REACHED,0.75,0.75,17.936497217620186,0.1316195672655291,0,3,188.49820832838304,565.4946249851491,0.25,5,1.25,Vanilla MPC,226,300,42,7.7,5.1
False,INFEASIBLE_MID,,1.0,21.338306369080424,-0.0001314384545811,1,4,1270.846250001341,6354.2312500067055,0.25,5,1.25,Vanilla MPC,227,300,42,7.7,5.1
False,INFEASIBLE_MID,,0.75,49.66609083239821,-0.0059815217827612,1,3,493.2255835046817,1972.9023340187268,0.25,5,1.25,Vanilla MPC,228,300,42,7.7,5.1
True,REACHED,1.0,1.0,17.5787562180698,7.118436424309471,0,4,140.9717502501735,563.887001000694,0.25,5,1.25,Vanilla MPC,229,300,42,7.7,5.1
False,INFEASIBLE_MID,,0.75,39.04522159806984,-0.0097850288057909,1,3,272.20442725229077,1088.817709009163,0.25,5,1.25,Vanilla MPC,230,300,42,7.7,5.1
True,REACHED,1.0,1.0,27.21630847192768,3.780931206505969e-05,0,4,98.04079175228252,392.1631670091301,0.25,5,1.25,Vanilla MPC,231,300,42,7.7,5.1
False,INFEASIBLE_MID,,1.0,38.4444443243953,-0.0015557884793581,1,4,286.46260839886963,1432.3130419943482,0.25,5,1.25,Vanilla MPC,232,300,42,7.7,5.1
True,REACHED,1.5,1.5,60.49193939600739,2.0729088483452666e-05,0,6,155.27692366837678,931.6615420102607,0.25,5,1.25,Vanilla MPC,233,300,42,7.7,5.1
True,REACHED,0.75,0.75,13.467667854503748,7.277736751471808,0,3,108.59508333184446,325.7852499955334,0.25,5,1.25,Vanilla MPC,234,300,42,7.7,5.1
False,INFEASIBLE_STEP1,,0.0,0.0,1.5848291803492158,1,0,1180.4416660015704,1180.4416660015704,0.25,5,1.25,Vanilla MPC,235,300,42,7.7,5.1
False,INFEASIBLE_STEP1,,0.0,0.0,2.1057886397438605,1,0,1649.5584170043005,1649.5584170043005,0.25,5,1.25,Vanilla MPC,236,300,42,7.7,5.1
False,INFEASIBLE_MID,,1.0,24.392189835437843,-0.0012337150910475,1,4,385.9356248023687,1929.6781240118437,0.25,5,1.25,Vanilla MPC,237,300,42,7.7,5.1
True,REACHED,1.5,1.5,55.22411093698692,0.0002249545729921,0,6,217.77864600395935,1306.6718760237563,0.25,5,1.25,Vanilla MPC,238,300,42,7.7,5.1
False,INFEASIBLE_MID,,0.75,17.739218737851747,-0.000329940511057,1,3,956.6212392455782,3826.4849569823127,0.25,5,1.25,Vanilla MPC,239,300,42,7.7,5.1
False,INFEASIBLE_MID,,0.75,24.6370798618016,-3.185083647568166e-06,1,3,321.0340625009849,1284.1362500039395,0.25,5,1.25,Vanilla MPC,240,300,42,7.7,5.1
True,REACHED,0.5,0.5,7.544692594401979,4.380789903561667,0,2,81.91624999017222,163.83249998034444,0.25,5,1.25,Vanilla MPC,241,300,42,7.7,5.1
False,INFEASIBLE_MID,,0.75,19.104124914859245,-4.4219356279847785e-05,1,3,1773.1441665055172,7092.576666022069,0.25,5,1.25,Vanilla MPC,242,300,42,7.7,5.1
True,REACHED,1.0,1.0,23.93818374677632,6.454153467422334e-06,0,4,169.80669799886527,679.2267919954611,0.25,5,1.25,Vanilla MPC,243,300,42,7.7,5.1
False,INFEASIBLE_MID,,0.75,19.00129879864827,-0.0006270652324649,1,3,999.3641770015528,3997.456708006211,0.25,5,1.25,Vanilla MPC,244,300,42,7.7,5.1
True,REACHED,1.25,1.25,48.45337151493667,7.958412212483736e-05,0,5,235.79800839943343,1178.9900419971673,0.25,5,1.25,Vanilla MPC,245,300,42,7.7,5.1
True,REACHED,0.25,0.25,5.312745638400965,2.1545505537740537,0,1,197.89466699876357,197.89466699876357,0.25,5,1.25,Vanilla MPC,246,300,42,7.7,5.1
False,INFEASIBLE_STEP1,,0.0,0.0,1.5470508228239142,1,0,1369.5544170041103,1369.5544170041103,0.25,5,1.25,Vanilla MPC,247,300,42,7.7,5.1
False,INFEASIBLE_MID,,0.75,19.106617100883305,-0.0001691494134764,1,3,1521.6555000006338,6086.622000002535,0.25,5,1.25,Vanilla MPC,248,300,42,7.7,5.1
True,REACHED,0.5,0.5,6.517606415301632,1.0794629716733524,0,2,59.927853995759506,119.855707991519,0.25,5,1.25,Vanilla MPC,249,300,42,7.7,5.1
True,REACHED,0.5,0.5,9.231145381654258,3.1439674183004005,0,2,176.5990409985534,353.1980819971068,0.25,5,1.25,Vanilla MPC,250,300,42,7.7,5.1
False,INFEASIBLE_MID,,0.5,13.340897438991918,-0.0001635501437251,1,2,561.9227083273776,1685.7681249821326,0.25,5,1.25,Vanilla MPC,251,300,42,7.7,5.1
False,INFEASIBLE_MID,,0.5,26.467446933283902,-6.278961942452668e-06,1,2,868.980166997062,2606.940500991186,0.25,5,1.25,Vanilla MPC,252,300,42,7.7,5.1
False,INFEASIBLE_MID,,0.75,22.573233582667232,-0.0001072653408006,1,3,1559.765771002276,6239.0630840091035,0.25,5,1.25,Vanilla MPC,253,300,42,7.7,5.1
False,INFEASIBLE_MID,,0.5,13.083531606100951,-2.2100154619525556e-05,1,2,620.8046943259736,1862.4140829779208,0.25,5,1.25,Vanilla MPC,254,300,42,7.7,5.1
True,REACHED,1.25,1.25,48.71646312667145,7.979483427533954e-05,0,5,157.34039139933884,786.7019569966942,0.25,5,1.25,Vanilla MPC,255,300,42,7.7,5.1
False,INFEASIBLE_MID,,0.5,22.905078257558333,-0.0031069602498033,1,2,603.574305670918,1810.722917012754,0.25,5,1.25,Vanilla MPC,256,300,42,7.7,5.1
False,INFEASIBLE_MID,,0.5,14.294606080229205,-0.0018699088629768,1,2,210.07586132812625,630.2275839843787,0.25,5,1.25,Vanilla MPC,257,300,42,7.7,5.1
False,INFEASIBLE_MID,,1.0,43.074327154140974,-3.5329072887127226e-06,1,4,1298.79346700327,6493.96733501635,0.25,5,1.25,Vanilla MPC,258,300,42,7.7,5.1
True,REACHED,0.75,0.75,25.63350897252092,0.0004677622972516,0,3,137.3386946603811,412.0160839811433,0.25,5,1.25,Vanilla MPC,259,300,42,7.7,5.1
True,REACHED,0.5,0.5,5.459615550290736,8.711112419341287,0,2,172.1397080036695,344.279416007339,0.25,5,1.25,Vanilla MPC,260,300,42,7.7,5.1
True,REACHED,0.75,0.75,10.157364690472807,0.916784238212362,0,3,217.1677360020112,651.5032080060337,0.25,5,1.25,Vanilla MPC,261,300,42,7.7,5.1
True,REACHED,0.25,0.25,1.851998552567585,2.3922237773802837,0,1,70.68312499905005,70.68312499905005,0.25,5,1.25,Vanilla MPC,262,300,42,7.7,5.1
False,INFEASIBLE_MID,,1.0,21.042228487151252,-9.33706191009812e-06,1,4,603.2521336048376,3016.260668024188,0.25,5,1.25,Vanilla MPC,263,300,42,7.7,5.1
True,REACHED,0.75,0.75,17.11112487045678,6.477178741062967,0,3,91.18866666782804,273.5660000034841,0.25,5,1.25,Vanilla MPC,264,300,42,7.7,5.1
False,INFEASIBLE_MID,,0.75,43.658081524351985,-0.0004472943785462,1,3,168.90826050075702,675.6330420030281,0.25,5,1.25,Vanilla MPC,265,300,42,7.7,5.1
False,INFEASIBLE_MID,,0.5,13.856664142452637,-0.0012734824186772,1,2,395.7769166590879,1187.3307499772636,0.25,5,1.25,Vanilla MPC,266,300,42,7.7,5.1
True,REACHED,0.75,0.75,18.664951667535057,7.892276943135378,0,3,70.71159699989948,212.13479099969845,0.25,5,1.25,Vanilla MPC,267,300,42,7.7,5.1
True,REACHED,1.0,1.0,18.036593202148296,5.453808670966297,0,4,120.1050940035202,480.4203760140808,0.25,5,1.25,Vanilla MPC,268,300,42,7.7,5.1
True,REACHED,0.75,0.75,19.440688254867403,0.0251013839107738,0,3,135.1535696691523,405.4607090074569,0.25,5,1.25,Vanilla MPC,269,300,42,7.7,5.1
False,INFEASIBLE_MID,,0.25,5.7887828177039,-0.0002783794851562,1,1,2506.721124998876,5013.442249997752,0.25,5,1.25,Vanilla MPC,270,300,42,7.7,5.1
True,REACHED,1.0,1.0,15.762227862574775,5.701679006653147,0,4,85.87909375273739,343.51637501094956,0.25,5,1.25,Vanilla MPC,271,300,42,7.7,5.1
True,REACHED,0.75,0.75,9.832323626696978,3.643897925706387,0,3,66.95987533506316,200.8796260051895,0.25,5,1.25,Vanilla MPC,272,300,42,7.7,5.1
True,REACHED,0.5,0.5,13.200185336160898,9.402433189905317,0,2,137.84683399717323,275.69366799434647,0.25,5,1.25,Vanilla MPC,273,300,42,7.7,5.1
False,INFEASIBLE_MID,,0.5,25.812972582771422,-0.0018331832415166,1,2,1666.2302499995956,4998.6907499987865,0.25,5,1.25,Vanilla MPC,274,300,42,7.7,5.1
False,INFEASIBLE_STEP1,,0.0,0.0,8.365289475292018,1,0,594.1377080016537,594.1377080016537,0.25,5,1.25,Vanilla MPC,275,300,42,7.7,5.1
True,REACHED,1.0,1.0,27.4664955938508,4.134265530758476,0,4,93.07616625301308,372.3046650120523,0.25,5,1.25,Vanilla MPC,276,300,42,7.7,5.1
False,INFEASIBLE_MID,,0.5,13.469616254360538,-4.7144313388561536e-05,1,2,747.6365276670549,2242.9095830011647,0.25,5,1.25,Vanilla MPC,277,300,42,7.7,5.1
False,INFEASIBLE_STEP1,,0.0,0.0,5.889640587736337,1,0,1619.7014159988612,1619.7014159988612,0.25,5,1.25,Vanilla MPC,278,300,42,7.7,5.1
True,REACHED,0.75,0.75,24.994872233302065,1.7887807984254152,0,3,102.98679167074928,308.9603750122478,0.25,5,1.25,Vanilla MPC,279,300,42,7.7,5.1
False,INFEASIBLE_MID,,0.25,16.470127342808365,-0.0043563659704794,1,1,298.83104199689114,597.6620839937823,0.25,5,1.25,Vanilla MPC,280,300,42,7.7,5.1
True,REACHED,1.0,1.0,16.93596363382777,0.0094203657122626,0,4,111.411791494902,445.647165979608,0.25,5,1.25,Vanilla MPC,281,300,42,7.7,5.1
False,INFEASIBLE_MID,,0.75,17.085599811272196,-1.4028759041424388e-05,1,3,853.3207084983587,3413.282833993435,0.25,5,1.25,Vanilla MPC,282,300,42,7.7,5.1
True,REACHED,0.75,0.75,10.03343677460266,8.627163707058559,0,3,53.47132000315469,160.41396000946406,0.25,5,1.25,Vanilla MPC,283,300,42,7.7,5.1
False,INFEASIBLE_STEP1,,0.0,0.0,6.996932887009392,1,0,765.4515000031097,765.4515000031097,0.25,5,1.25,Vanilla MPC,284,300,42,7.7,5.1
True,REACHED,1.5,1.5,63.08398229337074,1.836107139598365e-05,0,6,135.51388199994108,813.0832919996465,0.25,5,1.25,Vanilla MPC,285,300,42,7.7,5.1
True,REACHED,1.25,1.25,45.2117835388856,0.020567064306868,0,5,128.95631679857615,644.7815839928808,0.25,5,1.25,Vanilla MPC,286,300,42,7.7,5.1
True,REACHED,0.75,0.75,19.594930693241302,4.887685548063831,0,3,60.501374663241826,181.50412398972549,0.25,5,1.25,Vanilla MPC,287,300,42,7.7,5.1
False,INFEASIBLE_STEP1,,0.0,0.0,4.23793482784244,1,0,1519.2415000055917,1519.2415000055917,0.25,5,1.25,Vanilla MPC,288,300,42,7.7,5.1
False,INFEASIBLE_MID,,0.75,36.00182334241884,-0.0179284094492193,1,3,492.6023125044594,1970.4092500178376,0.25,5,1.25,Vanilla MPC,289,300,42,7.7,5.1
True,REACHED,0.75,0.75,15.7326369205287,1.8976332770072024,0,3,72.4254306696821,217.2762920090463,0.25,5,1.25,Vanilla MPC,290,300,42,7.7,5.1
True,REACHED,0.75,0.75,26.026679506126293,0.0010911584384138,0,3,100.95979133135796,302.87937399407383,0.25,5,1.25,Vanilla MPC,291,300,42,7.7,5.1
True,REACHED,0.75,0.75,19.46854299577047,0.0574325678732208,0,3,84.6690696683557,254.00720900506712,0.25,5,1.25,Vanilla MPC,292,300,42,7.7,5.1
True,REACHED,1.5,1.5,70.06339297286284,3.769780282692736e-06,0,6,252.05369449637752,1512.3221669782652,0.25,5,1.25,Vanilla MPC,293,300,42,7.7,5.1
True,REACHED,0.75,0.75,13.321275977052062,8.515092103724427,0,3,58.81924999509162,176.45774998527486,0.25,5,1.25,Vanilla MPC,294,300,42,7.7,5.1
False,INFEASIBLE_MID,,1.0,38.620690692526495,-0.0008506447432015,1,4,300.0348584027961,1500.1742920139804,0.25,5,1.25,Vanilla MPC,295,300,42,7.7,5.1
True,REACHED,0.75,0.75,24.36033204503705,4.052508060358562,0,3,115.60631933874296,346.81895801622886,0.25,5,1.25,Vanilla MPC,296,300,42,7.7,5.1
True,REACHED,1.5,1.5,41.83683523955406,7.911114607571555e-06,0,6,126.66417349585876,759.9850409751525,0.25,5,1.25,Vanilla MPC,297,300,42,7.7,5.1
False,INFEASIBLE_MID,,0.5,31.94830698552924,-0.0144198121893951,1,2,460.35701399766066,1381.071041992982,0.25,5,1.25,Vanilla MPC,298,300,42,7.7,5.1
True,REACHED,1.25,1.25,23.033979527218907,0.5607259157088099,0,5,110.03592520137316,550.1796260068659,0.25,5,1.25,Vanilla MPC,299,300,42,7.7,5.1
False,INFEASIBLE_MID,,0.5,16.363327878629004,-0.001436785442843,1,2,336.39474999896873,1009.184249996906,0.25,5,1.25,RA-MPC (ours),0,300,42,7.7,5.1
True,REACHED,1.25,1.25,47.32654168487106,4.102570744508669e-05,0,5,150.86311659833882,754.3155829916941,0.25,5,1.25,RA-MPC (ours),1,300,42,7.7,5.1
True,REACHED,0.75,0.75,19.10568899958391,5.592582002116371,0,3,177.78406966438828,533.3522089931648,0.25,5,1.25,RA-MPC (ours),2,300,42,7.7,5.1
True,REACHED,0.5,0.5,11.478664057621772,5.290940243887396,0,2,142.83004149910994,285.6600829982199,0.25,5,1.25,RA-MPC (ours),3,300,42,7.7,5.1
True,REACHED,1.25,1.25,55.86591337854858,0.0002827029531775,0,5,188.82560820202343,944.1280410101172,0.25,5,1.25,RA-MPC (ours),4,300,42,7.7,5.1
True,REACHED,0.75,0.75,9.719452232526391,3.0779483271708967,0,3,100.71398633590434,302.141959007713,0.25,5,1.25,RA-MPC (ours),5,300,42,7.7,5.1
True,REACHED,1.5,1.5,46.791460732723024,7.424817724074858e-06,0,6,153.7126663364082,922.2759980184492,0.25,5,1.25,RA-MPC (ours),6,300,42,7.7,5.1
True,REACHED,1.0,1.0,16.523900405743188,3.5570520375625314,0,4,124.2378022543562,496.9512090174248,0.25,5,1.25,RA-MPC (ours),7,300,42,7.7,5.1
True,REACHED,0.75,0.75,21.586923783892644,0.6224561993984381,0,3,134.6561810011432,403.96854300342966,0.25,5,1.25,RA-MPC (ours),8,300,42,7.7,5.1
True,REACHED,1.0,1.0,35.07263694449835,1.802441118043192e-05,0,4,122.20848974902763,488.8339589961106,0.25,5,1.25,RA-MPC (ours),9,300,42,7.7,5.1
True,REACHED,1.25,1.25,54.14828436298016,0.3019822470165633,0,5,140.80509980558418,704.0254990279209,0.25,5,1.25,RA-MPC (ours),10,300,42,7.7,5.1
True,REACHED,0.75,0.75,14.26069403797912,0.0416231633708409,0,3,115.78851400796944,347.36554202390835,0.25,5,1.25,RA-MPC (ours),11,300,42,7.7,5.1
True,REACHED,0.75,0.75,11.996772187857854,4.608140071333096e-05,0,3,119.56713899659614,358.7014169897884,0.25,5,1.25,RA-MPC (ours),12,300,42,7.7,5.1
True,REACHED,1.0,1.0,27.7004171893562,1.5357886198637733e-05,0,4,113.8274687473313,455.3098749893252,0.25,5,1.25,RA-MPC (ours),13,300,42,7.7,5.1
True,REACHED,1.25,1.25,54.74323800207469,0.0678688819061615,0,5,120.651850203285,603.259251016425,0.25,5,1.25,RA-MPC (ours),14,300,42,7.7,5.1
True,REACHED,0.75,0.75,11.521167642840892,5.466144664914515,0,3,77.12340265667687,231.3702079700306,0.25,5,1.25,RA-MPC (ours),15,300,42,7.7,5.1
True,REACHED,0.75,0.75,14.6119211945192,3.5210154791444643,0,3,98.87145800166763,296.6143740050029,0.25,5,1.25,RA-MPC (ours),16,300,42,7.7,5.1
False,INFEASIBLE_MID,,1.0,20.692834051584224,-1.5865073821584002e-07,1,4,1423.2145250047324,7116.072625023662,0.25,5,1.25,RA-MPC (ours),17,300,42,7.7,5.1
True,REACHED,0.5,0.5,13.310411802946373,7.5514480147777485,0,2,95.69910400023218,191.39820800046436,0.25,5,1.25,RA-MPC (ours),18,300,42,7.7,5.1
True,REACHED,1.75,1.75,47.25639607247737,0.0002009141195074,0,7,145.03466671573864,1015.2426670101704,0.25,5,1.25,RA-MPC (ours),19,300,42,7.7,5.1
True,REACHED,0.75,0.75,12.722204924955944,8.697704682276449,0,3,185.2136113302549,555.6408339907648,0.25,5,1.25,RA-MPC (ours),20,300,42,7.7,5.1
False,INFEASIBLE_MID,,1.0,22.34907014207426,-2.443740359395565e-05,1,4,1330.6249832035974,6653.124916017987,0.25,5,1.25,RA-MPC (ours),21,300,42,7.7,5.1
True,REACHED,0.25,0.25,6.1059469737860095,9.194602141979937,0,1,434.5942920044763,434.5942920044763,0.25,5,1.25,RA-MPC (ours),22,300,42,7.7,5.1
False,INFEASIBLE_MID,,0.75,21.112003863670367,-0.0033292835845374,1,3,803.1830624968279,3212.7322499873117,0.25,5,1.25,RA-MPC (ours),23,300,42,7.7,5.1
True,REACHED,0.75,0.75,9.886071024008665,0.0003618344600345,0,3,75.32662466110196,225.97987398330588,0.25,5,1.25,RA-MPC (ours),24,300,42,7.7,5.1
False,INFEASIBLE_MID,,0.75,31.125555548424636,-6.223480599316884e-05,1,3,797.2045627429907,3188.8182509719627,0.25,5,1.25,RA-MPC (ours),25,300,42,7.7,5.1
False,INFEASIBLE_MID,,0.75,18.39669243315788,-0.0004980997933717,1,3,1088.6281457496807,4354.512582998723,0.25,5,1.25,RA-MPC (ours),26,300,42,7.7,5.1
True,REACHED,1.0,1.0,16.710327775003993,0.1010009878927606,0,4,151.1842500003695,604.737000001478,0.25,5,1.25,RA-MPC (ours),27,300,42,7.7,5.1
True,REACHED,1.5,1.5,53.267135509332284,0.0001432705388159,0,6,137.12874999813116,822.7724999887869,0.25,5,1.25,RA-MPC (ours),28,300,42,7.7,5.1
True,REACHED,1.25,1.25,26.627231947159796,-6.799299028288126e-06,0,5,565.0950163981179,2825.4750819905894,0.25,5,1.25,RA-MPC (ours),29,300,42,7.7,5.1
False,INFEASIBLE_MID,,0.5,17.046659623859497,-0.004461731335577,1,2,449.7630973298025,1349.2892919894075,0.25,5,1.25,RA-MPC (ours),30,300,42,7.7,5.1
True,REACHED,0.5,0.5,15.093197715364852,10.223943650151345,0,2,170.44189599255333,340.88379198510665,0.25,5,1.25,RA-MPC (ours),31,300,42,7.7,5.1
False,INFEASIBLE_MID,,0.75,30.19034934452759,-0.0118974940278278,1,3,210.4308750022028,841.7235000088112,0.25,5,1.25,RA-MPC (ours),32,300,42,7.7,5.1
True,REACHED,1.0,1.0,36.21607562203675,0.0050509083493109,0,4,144.98459399692365,579.9383759876946,0.25,5,1.25,RA-MPC (ours),33,300,42,7.7,5.1
False,INFEASIBLE_MID,,0.5,23.77054524396798,-0.0063387019572772,1,2,385.3505829950639,1156.0517489851918,0.25,5,1.25,RA-MPC (ours),34,300,42,7.7,5.1
True,REACHED,0.75,0.75,13.835936102773394,3.269797004159757,0,3,191.93330533744304,575.799916012329,0.25,5,1.25,RA-MPC (ours),35,300,42,7.7,5.1
False,INFEASIBLE_MID,,0.75,15.037023542107992,-9.021707726882956e-06,1,3,1481.3068437506445,5925.227375002578,0.25,5,1.25,RA-MPC (ours),36,300,42,7.7,5.1
False,INFEASIBLE_MID,,0.5,16.553285669758694,-4.894384353125206e-05,1,2,1906.5378056596576,5719.613416978973,0.25,5,1.25,RA-MPC (ours),37,300,42,7.7,5.1
True,REACHED,1.25,1.25,31.404074567037263,2.067690419988141e-05,0,5,134.1522835980868,670.761417990434,0.25,5,1.25,RA-MPC (ours),38,300,42,7.7,5.1
True,REACHED,0.5,0.5,8.128979136387484,5.526957543036239,0,2,196.7454789992189,393.4909579984378,0.25,5,1.25,RA-MPC (ours),39,300,42,7.7,5.1
False,INFEASIBLE_MID,,0.75,22.610790912532504,-0.0008911541760247,1,3,280.26714575025835,1121.0685830010334,0.25,5,1.25,RA-MPC (ours),40,300,42,7.7,5.1
False,INFEASIBLE_MID,,0.75,16.673196270049885,-0.0006548792353671,1,3,1267.3093017474455,5069.237206989783,0.25,5,1.25,RA-MPC (ours),41,300,42,7.7,5.1
True,REACHED,0.75,0.75,11.381730146365086,4.486437843643157,0,3,91.72231966416196,275.1669589924859,0.25,5,1.25,RA-MPC (ours),42,300,42,7.7,5.1
True,REACHED,1.5,1.5,82.58980156076123,0.0004383611506684,0,6,116.78202082597028,700.6921249558218,0.25,5,1.25,RA-MPC (ours),43,300,42,7.7,5.1
True,REACHED,1.0,1.0,19.22442992633088,2.673384005496052,0,4,139.4596767531766,557.8387070127064,0.25,5,1.25,RA-MPC (ours),44,300,42,7.7,5.1
True,REACHED,0.5,0.5,18.22160706365214,4.572840183692817,0,2,147.20585399481934,294.41170798963867,0.25,5,1.25,RA-MPC (ours),45,300,42,7.7,5.1
True,REACHED,0.25,0.25,5.710383397884103,6.423269668304864,0,1,119.8342080024304,119.8342080024304,0.25,5,1.25,RA-MPC (ours),46,300,42,7.7,5.1
False,INFEASIBLE_MID,,0.75,15.67849869600254,-1.4620288963934816e-05,1,3,692.6935835035692,2770.774334014277,0.25,5,1.25,RA-MPC (ours),47,300,42,7.7,5.1
True,REACHED,1.25,1.25,53.33026447450553,2.369597731473645,0,5,88.52850000257604,442.6425000128802,0.25,5,1.25,RA-MPC (ours),48,300,42,7.7,5.1
False,INFEASIBLE_MID,,0.75,16.74222082896973,-6.072377106195792e-05,1,3,1646.449155996379,6585.796623985516,0.25,5,1.25,RA-MPC (ours),49,300,42,7.7,5.1
True,REACHED,0.75,0.75,11.550048320655703,9.613253433867383,0,3,75.35412499661713,226.06237498985135,0.25,5,1.25,RA-MPC (ours),50,300,42,7.7,5.1
True,REACHED,0.75,0.75,11.421456282712285,2.6590457240709138,0,3,72.4743190027463,217.42295700823888,0.25,5,1.25,RA-MPC (ours),51,300,42,7.7,5.1
False,INFEASIBLE_MID,,0.5,20.22318133242817,-0.0011952917567581,1,2,1868.276319335564,5604.828958006692,0.25,5,1.25,RA-MPC (ours),52,300,42,7.7,5.1
False,INFEASIBLE_MID,,0.5,21.534739563208383,-0.018025196493492,1,2,235.7028053374961,707.1084160124883,0.25,5,1.25,RA-MPC (ours),53,300,42,7.7,5.1
False,INFEASIBLE_MID,,1.5,53.5450278373248,-0.0006761578716004,1,6,155.00492271426734,1085.0344589998713,0.25,5,1.25,RA-MPC (ours),54,300,42,7.7,5.1
True,REACHED,0.75,0.75,29.88900484262204,0.0067647713798009,0,3,118.53209766559304,355.5962929967791,0.25,5,1.25,RA-MPC (ours),55,300,42,7.7,5.1
True,REACHED,1.5,1.5,55.02689817341084,3.0996956021101097e-06,0,6,110.40468733456994,662.4281240074197,0.25,5,1.25,RA-MPC (ours),56,300,42,7.7,5.1
False,INFEASIBLE_MID,,0.75,31.23388550053716,-0.0010768793061124,1,3,231.2800937506836,925.1203750027344,0.25,5,1.25,RA-MPC (ours),57,300,42,7.7,5.1
True,REACHED,1.25,1.25,53.3661180316885,4.1576223249121246e-05,0,5,179.4573166029295,897.2865830146475,0.25,5,1.25,RA-MPC (ours),58,300,42,7.7,5.1
False,INFEASIBLE_MID,,0.75,17.283860802261668,-0.0002301494369532,1,3,226.73688550275983,906.9475420110392,0.25,5,1.25,RA-MPC (ours),59,300,42,7.7,5.1
True,REACHED,0.75,0.75,17.922536141485363,6.591235822462458,0,3,164.5140560043122,493.5421680129366,0.25,5,1.25,RA-MPC (ours),60,300,42,7.7,5.1
False,INFEASIBLE_MID,,1.5,57.37996581272796,-0.0003565254539569,1,6,723.9757975704769,5067.830582993338,0.25,5,1.25,RA-MPC (ours),61,300,42,7.7,5.1
False,INFEASIBLE_MID,,0.5,20.042175412904413,-0.001596455694279,1,2,495.80161066842265,1487.404832005268,0.25,5,1.25,RA-MPC (ours),62,300,42,7.7,5.1
False,INFEASIBLE_MID,,0.25,11.572992298857883,-0.1009774341670723,1,1,331.69652100332314,663.3930420066463,0.25,5,1.25,RA-MPC (ours),63,300,42,7.7,5.1
True,REACHED,0.75,0.75,20.375175390697553,7.338538916239648,0,3,85.3921386684912,256.1764160054736,0.25,5,1.25,RA-MPC (ours),64,300,42,7.7,5.1
True,REACHED,1.5,1.5,53.893216133547185,0.0004617967990749,0,6,150.9032429991445,905.4194579948672,0.25,5,1.25,RA-MPC (ours),65,300,42,7.7,5.1
True,REACHED,1.0,1.0,30.117080858773367,4.503680697584202e-05,0,4,123.46852100017712,493.87408400070854,0.25,5,1.25,RA-MPC (ours),66,300,42,7.7,5.1
False,INFEASIBLE_MID,,0.75,33.088295163795436,-0.0031586942404874,1,3,1483.380635996582,5933.522543986328,0.25,5,1.25,RA-MPC (ours),67,300,42,7.7,5.1
True,REACHED,1.5,1.5,54.40242275958438,6.789509079017126e-06,0,6,124.50841666577617,747.050499994657,0.25,5,1.25,RA-MPC (ours),68,300,42,7.7,5.1
True,REACHED,0.75,0.75,20.435220787425845,0.254025907893735,0,3,89.97656933206599,269.929707996198,0.25,5,1.25,RA-MPC (ours),69,300,42,7.7,5.1
False,INFEASIBLE_MID,,0.5,12.965598875267354,-2.1774808636877313e-05,1,2,2075.901847332716,6227.705541998148,0.25,5,1.25,RA-MPC (ours),70,300,42,7.7,5.1
False,INFEASIBLE_MID,,0.5,15.755073384618376,-0.0026157747011758,1,2,525.8477920045456,1577.5433760136366,0.25,5,1.25,RA-MPC (ours),71,300,42,7.7,5.1
False,INFEASIBLE_MID,,0.25,12.700377720701216,-0.0088343948254733,1,1,262.6039375027176,525.2078750054352,0.25,5,1.25,RA-MPC (ours),72,300,42,7.7,5.1
True,REACHED,0.5,0.5,4.932880885763471,1.5895489054684828,0,2,45.31020799186081,90.6204159837216,0.25,5,1.25,RA-MPC (ours),73,300,42,7.7,5.1
False,INFEASIBLE_MID,,0.75,21.53048434895533,-0.0029155646913168,1,3,474.9879687478824,1899.9518749915296,0.25,5,1.25,RA-MPC (ours),74,300,42,7.7,5.1
False,INFEASIBLE_MID,,1.0,25.011381884352794,-1.445880921846668e-05,1,4,1288.2725333998678,6441.362666999339,0.25,5,1.25,RA-MPC (ours),75,300,42,7.7,5.1
True,REACHED,0.75,0.75,15.639857092755715,3.088183849491976,0,3,73.66981900122482,221.00945700367447,0.25,5,1.25,RA-MPC (ours),76,300,42,7.7,5.1
False,INFEASIBLE_MID,,0.75,36.037368510069626,-2.207461943901657e-05,1,3,1434.7271564947732,5738.908625979093,0.25,5,1.25,RA-MPC (ours),77,300,42,7.7,5.1
False,INFEASIBLE_MID,,1.0,23.5192435590297,-0.0007672959001264,1,4,201.92997479753103,1009.6498739876552,0.25,5,1.25,RA-MPC (ours),78,300,42,7.7,5.1
True,REACHED,0.75,0.75,20.135623409806644,4.791084668794967,0,3,142.74330566695426,428.2299170008628,0.25,5,1.25,RA-MPC (ours),79,300,42,7.7,5.1
False,INFEASIBLE_MID,,0.5,21.23243885168553,-0.0002676671130445,1,2,378.49337499937974,1135.4801249981392,0.25,5,1.25,RA-MPC (ours),80,300,42,7.7,5.1
True,REACHED,1.25,1.25,57.516388947925634,0.3525352610608804,0,5,106.78733320091852,533.9366660045926,0.25,5,1.25,RA-MPC (ours),81,300,42,7.7,5.1
False,INFEASIBLE_MID,,0.5,17.97588904044421,-0.0009843867791819,1,2,294.7014443343505,884.1043330030516,0.25,5,1.25,RA-MPC (ours),82,300,42,7.7,5.1
True,REACHED,1.0,1.0,38.07927876987775,0.00133677124284,0,4,110.98898924683454,443.95595698733814,0.25,5,1.25,RA-MPC (ours),83,300,42,7.7,5.1
True,REACHED,0.5,0.5,7.383728936665008,5.69172271149183,0,2,83.98964600200998,167.97929200401995,0.25,5,1.25,RA-MPC (ours),84,300,42,7.7,5.1
False,INFEASIBLE_MID,,0.75,21.849026600089328,-0.0037249296763411,1,3,551.7048749970854,2206.8194999883417,0.25,5,1.25,RA-MPC (ours),85,300,42,7.7,5.1
True,REACHED,1.5,1.5,40.57641695318693,1.5029773365161026e-05,0,6,113.4364515019115,680.618709011469,0.25,5,1.25,RA-MPC (ours),86,300,42,7.7,5.1
True,REACHED,1.0,1.0,23.784550404989556,0.5753505461727725,0,4,103.15824999997858,412.6329999999143,0.25,5,1.25,RA-MPC (ours),87,300,42,7.7,5.1
False,INFEASIBLE_MID,,0.75,19.071748122808824,-3.426395427901752e-05,1,3,1763.0963644987787,7052.385457995115,0.25,5,1.25,RA-MPC (ours),88,300,42,7.7,5.1
False,INFEASIBLE_MID,,0.75,34.095503025327574,-0.0029958987188357,1,3,254.82209375331877,1019.2883750132752,0.25,5,1.25,RA-MPC (ours),89,300,42,7.7,5.1
True,REACHED,0.75,0.75,26.39091530136178,0.0453561605686381,0,3,140.12452733004466,420.373581990134,0.25,5,1.25,RA-MPC (ours),90,300,42,7.7,5.1
False,INFEASIBLE_MID,,0.5,22.386358832394976,-0.0661218898517326,1,2,463.8001806645965,1391.4005419937894,0.25,5,1.25,RA-MPC (ours),91,300,42,7.7,5.1
False,INFEASIBLE_MID,,0.5,18.918869481740508,-0.0105238248128715,1,2,302.0453329954762,906.1359989864286,0.25,5,1.25,RA-MPC (ours),92,300,42,7.7,5.1
True,REACHED,1.0,1.0,17.19384785905722,4.129818930136095e-05,0,4,106.74855200340971,426.99420801363885,0.25,5,1.25,RA-MPC (ours),93,300,42,7.7,5.1
False,INFEASIBLE_MID,,0.75,42.49944753524284,-0.0008742410895681,1,3,188.74303124903236,754.9721249961294,0.25,5,1.25,RA-MPC (ours),94,300,42,7.7,5.1
True,REACHED,1.25,1.25,29.768366242780807,4.339267047462943e-07,0,5,114.45599180296996,572.2799590148497,0.25,5,1.25,RA-MPC (ours),95,300,42,7.7,5.1
True,REACHED,1.5,1.5,63.528901093302586,0.0010941840785129,0,6,130.38291666695537,782.2975000017323,0.25,5,1.25,RA-MPC (ours),96,300,42,7.7,5.1
True,REACHED,1.5,1.5,62.704182224141185,1.4558374907428626e-05,0,6,132.42662500124425,794.5597500074655,0.25,5,1.25,RA-MPC (ours),97,300,42,7.7,5.1
True,REACHED,1.5,1.5,59.578291781133736,0.0002373318631918,0,6,171.68295133160427,1030.0977079896256,0.25,5,1.25,RA-MPC (ours),98,300,42,7.7,5.1
True,REACHED,0.5,0.5,12.337122977652658,7.620092577108419,0,2,200.7993125007488,401.5986250014976,0.25,5,1.25,RA-MPC (ours),99,300,42,7.7,5.1
True,REACHED,0.75,0.75,29.9033570160561,1.1491501438634808e-05,0,3,121.19938899801734,363.598166994052,0.25,5,1.25,RA-MPC (ours),100,300,42,7.7,5.1
False,INFEASIBLE_MID,,0.25,16.033607411184352,-0.0109432158544483,1,1,1055.2001039977768,2110.4002079955535,0.25,5,1.25,RA-MPC (ours),101,300,42,7.7,5.1
False,INFEASIBLE_MID,,0.75,18.090236450044063,-3.0113236772449396e-06,1,3,348.0416665006487,1392.1666660025949,0.25,5,1.25,RA-MPC (ours),102,300,42,7.7,5.1
True,REACHED,1.0,1.0,44.14760128595629,0.0019260122501862,0,4,154.27477074990747,617.0990829996299,0.25,5,1.25,RA-MPC (ours),103,300,42,7.7,5.1
False,INFEASIBLE_MID,,0.75,34.855386852467504,-0.0002945812755366,1,3,291.4247707485629,1165.6990829942515,0.25,5,1.25,RA-MPC (ours),104,300,42,7.7,5.1
False,INFEASIBLE_MID,,1.0,21.29634687509282,-0.0001700910989913,1,4,412.7089997986331,2063.544998993166,0.25,5,1.25,RA-MPC (ours),105,300,42,7.7,5.1
True,REACHED,1.0,1.0,39.792289789681384,0.0010907396985916,0,4,110.40550024699768,441.6220009879907,0.25,5,1.25,RA-MPC (ours),106,300,42,7.7,5.1
False,INFEASIBLE_MID,,0.5,13.263731003923764,-4.609288650511833e-05,1,2,1993.2320836621027,5979.696250986308,0.25,5,1.25,RA-MPC (ours),107,300,42,7.7,5.1
False,INFEASIBLE_MID,,0.75,24.615695485839005,-1.7184218473734614e-05,1,3,1676.6479377511132,6706.591751004453,0.25,5,1.25,RA-MPC (ours),108,300,42,7.7,5.1
True,REACHED,0.75,0.75,10.089610245925478,4.108879722631255,0,3,83.21859733162758,249.65579199488275,0.25,5,1.25,RA-MPC (ours),109,300,42,7.7,5.1
True,REACHED,1.5,1.5,54.39496986903797,6.798432586553257e-06,0,6,147.72962483402807,886.3777490041684,0.25,5,1.25,RA-MPC (ours),110,300,42,7.7,5.1
False,INFEASIBLE_MID,,1.0,26.407164379384668,-0.0009095060653475,1,4,1086.6751580062555,5433.375790031278,0.25,5,1.25,RA-MPC (ours),111,300,42,7.7,5.1
False,INFEASIBLE_MID,,0.5,14.928019400199222,-0.0001401737596188,1,2,2092.1823750056014,6276.547125016805,0.25,5,1.25,RA-MPC (ours),112,300,42,7.7,5.1
True,REACHED,0.5,0.5,9.855791338832514,0.051742441264057,0,2,99.41927099134772,198.83854198269543,0.25,5,1.25,RA-MPC (ours),113,300,42,7.7,5.1
True,REACHED,1.5,1.5,54.91275913654858,0.0001339761976422,0,6,157.31662533410903,943.899752004654,0.25,5,1.25,RA-MPC (ours),114,300,42,7.7,5.1
False,INFEASIBLE_MID,,0.5,16.811568512962907,-0.0005019762056902,1,2,1914.982305340042,5744.946916020126,0.25,5,1.25,RA-MPC (ours),115,300,42,7.7,5.1
False,INFEASIBLE_MID,,0.5,24.435677732795924,-0.0308263619158264,1,2,359.0391249987685,1077.1173749963054,0.25,5,1.25,RA-MPC (ours),116,300,42,7.7,5.1
False,INFEASIBLE_MID,,1.0,22.14741465894129,-7.711501886558609e-05,1,4,837.4518333992455,4187.259166996228,0.25,5,1.25,RA-MPC (ours),117,300,42,7.7,5.1
True,REACHED,1.25,1.25,36.19168821421653,0.0018305308794955,0,5,112.68944140174426,563.4472070087213,0.25,5,1.25,RA-MPC (ours),118,300,42,7.7,5.1
False,INFEASIBLE_MID,,0.75,50.57387329650425,-0.0036005825856016,1,3,248.1632812487078,992.6531249948312,0.25,5,1.25,RA-MPC (ours),119,300,42,7.7,5.1
True,REACHED,1.25,1.25,52.78264926638702,0.0001287340528512,0,5,144.7272167977644,723.6360839888221,0.25,5,1.25,RA-MPC (ours),120,300,42,7.7,5.1
True,REACHED,0.5,0.5,7.238442841935744,0.3172458007726358,0,2,91.63289600110149,183.26579200220297,0.25,5,1.25,RA-MPC (ours),121,300,42,7.7,5.1
True,REACHED,1.5,1.5,36.43392404520338,4.868463521418234e-07,0,6,133.70447233561814,802.2268340137089,0.25,5,1.25,RA-MPC (ours),122,300,42,7.7,5.1
True,REACHED,1.5,1.5,37.306675177335535,1.5953876664801785e-05,0,6,137.20259699766757,823.2155819860054,0.25,5,1.25,RA-MPC (ours),123,300,42,7.7,5.1
False,INFEASIBLE_MID,,0.5,14.099851594129388,-0.000256886852575,1,2,334.9961530038854,1004.9884590116562,0.25,5,1.25,RA-MPC (ours),124,300,42,7.7,5.1
False,INFEASIBLE_MID,,0.5,13.963120398320848,-0.0001150377542463,1,2,2130.9896250022575,6392.968875006773,0.25,5,1.25,RA-MPC (ours),125,300,42,7.7,5.1
True,REACHED,1.25,1.25,30.618151295285617,2.127416824544218e-05,0,5,177.985283601447,889.926418007235,0.25,5,1.25,RA-MPC (ours),126,300,42,7.7,5.1
False,INFEASIBLE_MID,,1.0,21.553126902743333,-0.0010352878178481,1,4,223.90699140087236,1119.5349570043618,0.25,5,1.25,RA-MPC (ours),127,300,42,7.7,5.1
False,INFEASIBLE_MID,,0.5,17.181295688725292,-0.0016339447572056,1,2,733.8910696707899,2201.6732090123696,0.25,5,1.25,RA-MPC (ours),128,300,42,7.7,5.1
False,INFEASIBLE_MID,,0.75,30.86714704594288,-0.003464136641684,1,3,297.0400625017646,1188.1602500070585,0.25,5,1.25,RA-MPC (ours),129,300,42,7.7,5.1
True,REACHED,1.25,1.25,56.66192764433656,6.056162639517785,0,5,110.37559160031378,551.8779580015689,0.25,5,1.25,RA-MPC (ours),130,300,42,7.7,5.1
False,INFEASIBLE_MID,,1.0,20.80005727192928,-0.0003763727672803,1,4,206.9781083991984,1034.890541995992,0.25,5,1.25,RA-MPC (ours),131,300,42,7.7,5.1
True,REACHED,1.0,1.0,15.253900251908709,7.200780616841491,0,4,59.33584375452483,237.34337501809932,0.25,5,1.25,RA-MPC (ours),132,300,42,7.7,5.1
True,REACHED,1.25,1.25,39.90088861954718,1.3287454656837828e-05,0,5,121.34645819605794,606.7322909802897,0.25,5,1.25,RA-MPC (ours),133,300,42,7.7,5.1
True,REACHED,1.0,1.0,16.297795510302244,0.936391956223328,0,4,97.12087499792688,388.4834999917075,0.25,5,1.25,RA-MPC (ours),134,300,42,7.7,5.1
True,REACHED,0.5,0.5,12.93482208474625,9.63024134252311,0,2,166.10862499510404,332.2172499902081,0.25,5,1.25,RA-MPC (ours),135,300,42,7.7,5.1
False,INFEASIBLE_MID,,0.5,11.575267610279322,-1.926715075815513e-05,1,2,2470.2481386678605,7410.744416003581,0.25,5,1.25,RA-MPC (ours),136,300,42,7.7,5.1
False,INFEASIBLE_MID,,0.75,17.09711199321278,-2.949906523280805e-05,1,3,1896.5790000038396,7586.316000015358,0.25,5,1.25,RA-MPC (ours),137,300,42,7.7,5.1
False,INFEASIBLE_MID,,1.0,46.18498738471052,-0.0068087447821059,1,4,160.45442500617355,802.2721250308678,0.25,5,1.25,RA-MPC (ours),138,300,42,7.7,5.1
True,REACHED,0.75,0.75,11.567359517512935,5.205687850445236,0,3,94.58745833156476,283.76237499469426,0.25,5,1.25,RA-MPC (ours),139,300,42,7.7,5.1
False,INFEASIBLE_STEP1,,0.0,0.0,4.298763991527994,1,0,822.0275000057882,822.0275000057882,0.25,5,1.25,RA-MPC (ours),140,300,42,7.7,5.1
True,REACHED,0.75,0.75,15.569733058632968,8.99320439207145,0,3,61.3092920005632,183.9278760016896,0.25,5,1.25,RA-MPC (ours),141,300,42,7.7,5.1
True,REACHED,0.75,0.75,15.094188909976967,2.145825228879956,0,3,84.68829166668002,254.06487500004005,0.25,5,1.25,RA-MPC (ours),142,300,42,7.7,5.1
False,INFEASIBLE_MID,,0.75,15.68803428111362,-0.0010573116317836,1,3,490.45247950198245,1961.8099180079296,0.25,5,1.25,RA-MPC (ours),143,300,42,7.7,5.1
True,REACHED,0.5,0.5,9.347210486334872,1.2947264729779853,0,2,97.32897900539685,194.6579580107937,0.25,5,1.25,RA-MPC (ours),144,300,42,7.7,5.1
True,REACHED,0.5,0.5,11.865249143126803,3.6319884641805182,0,2,166.20127100031823,332.40254200063646,0.25,5,1.25,RA-MPC (ours),145,300,42,7.7,5.1
True,REACHED,1.25,1.25,33.52128898665905,1.1518434928203162e-05,0,5,149.61564159893896,748.0782079946948,0.25,5,1.25,RA-MPC (ours),146,300,42,7.7,5.1
False,INFEASIBLE_MID,,0.75,14.489356862113022,-0.0003203995228622,1,3,997.9444689997764,3991.777875999105,0.25,5,1.25,RA-MPC (ours),147,300,42,7.7,5.1
True,REACHED,0.75,0.75,23.998804951558103,8.558623238445655,0,3,169.34226399462204,508.02679198386613,0.25,5,1.25,RA-MPC (ours),148,300,42,7.7,5.1
True,REACHED,1.25,1.25,24.397363081505446,2.83312383057962e-05,0,5,178.99886660161428,894.9943330080714,0.25,5,1.25,RA-MPC (ours),149,300,42,7.7,5.1
True,REACHED,1.25,1.25,43.105807288013814,8.450030229724489e-05,0,5,148.85096680081915,744.2548340040958,0.25,5,1.25,RA-MPC (ours),150,300,42,7.7,5.1
False,INFEASIBLE_MID,,0.75,19.96771585903784,-0.0002986741636956,1,3,295.02212525039795,1180.0885010015918,0.25,5,1.25,RA-MPC (ours),151,300,42,7.7,5.1
False,INFEASIBLE_STEP1,,0.0,0.0,0.4470685619030109,1,0,880.1812089950545,880.1812089950545,0.25,5,1.25,RA-MPC (ours),152,300,42,7.7,5.1
False,INFEASIBLE_MID,,1.0,38.32815934633947,-9.18180362903766e-05,1,4,821.1875749984756,4105.937874992378,0.25,5,1.25,RA-MPC (ours),153,300,42,7.7,5.1
False,INFEASIBLE_MID,,0.5,15.836483279008808,-0.0016278002863059,1,2,689.6853750028337,2069.056125008501,0.25,5,1.25,RA-MPC (ours),154,300,42,7.7,5.1
True,REACHED,1.25,1.25,61.87863849140537,0.0002257981393207,0,5,106.11696699925233,530.5848349962616,0.25,5,1.25,RA-MPC (ours),155,300,42,7.7,5.1
False,INFEASIBLE_MID,,0.5,16.911140359336645,-0.0013929455256828,1,2,243.94138867016105,731.8241660104832,0.25,5,1.25,RA-MPC (ours),156,300,42,7.7,5.1
False,INFEASIBLE_MID,,0.5,18.607471914810887,-0.0047253148782867,1,2,251.47736133173265,754.4320839951979,0.25,5,1.25,RA-MPC (ours),157,300,42,7.7,5.1
False,INFEASIBLE_MID,,0.75,20.918454349214457,-0.0005204301158855,1,3,276.00941650234745,1104.0376660093898,0.25,5,1.25,RA-MPC (ours),158,300,42,7.7,5.1
True,REACHED,1.75,1.75,60.66568507432392,1.1568038486418496e-05,0,7,144.09413714643702,1008.6589600250592,0.25,5,1.25,RA-MPC (ours),159,300,42,7.7,5.1
True,REACHED,1.0,1.0,16.78434975665961,1.0338705831873327,0,4,153.3644272494712,613.4577089978848,0.25,5,1.25,RA-MPC (ours),160,300,42,7.7,5.1
True,REACHED,0.75,0.75,20.217661187822156,7.256614839467462,0,3,116.06397232875072,348.1919169862522,0.25,5,1.25,RA-MPC (ours),161,300,42,7.7,5.1
True,REACHED,0.75,0.75,23.65041076958267,4.22424025063542,0,3,107.41491700173356,322.24475100520067,0.25,5,1.25,RA-MPC (ours),162,300,42,7.7,5.1
True,REACHED,0.5,0.5,16.543151444416303,6.818238322086751,0,2,153.6508540084469,307.3017080168938,0.25,5,1.25,RA-MPC (ours),163,300,42,7.7,5.1
False,INFEASIBLE_MID,,0.5,36.078126091895214,-0.0568118383567171,1,2,257.507402668125,772.522208004375,0.25,5,1.25,RA-MPC (ours),164,300,42,7.7,5.1
True,REACHED,0.75,0.75,12.07112638984396,5.296546304274917,0,3,99.17201433563604,297.51604300690815,0.25,5,1.25,RA-MPC (ours),165,300,42,7.7,5.1
True,REACHED,1.5,1.5,46.98547977168593,1.9358910172597468e-06,0,6,190.578215335942,1143.4692920156522,0.25,5,1.25,RA-MPC (ours),166,300,42,7.7,5.1
True,REACHED,1.5,1.5,59.63656634218884,0.0001937067938833,0,6,157.1190418326296,942.7142509957775,0.25,5,1.25,RA-MPC (ours),167,300,42,7.7,5.1
True,REACHED,0.75,0.75,18.20486295102264,6.966065803074803,0,3,154.4277360080741,463.2832080242224,0.25,5,1.25,RA-MPC (ours),168,300,42,7.7,5.1
True,REACHED,1.5,1.5,38.14026623863147,1.971672235000059e-05,0,6,167.61229866824578,1005.6737920094748,0.25,5,1.25,RA-MPC (ours),169,300,42,7.7,5.1
False,INFEASIBLE_MID,,0.5,10.812458017431345,-3.929527460754154e-05,1,2,960.199472339203,2880.598417017609,0.25,5,1.25,RA-MPC (ours),170,300,42,7.7,5.1
False,INFEASIBLE_MID,,0.75,18.7405311051282,-0.0003459423250045,1,3,314.883083497989,1259.532333991956,0.25,5,1.25,RA-MPC (ours),171,300,42,7.7,5.1
False,INFEASIBLE_MID,,1.0,42.24932515163475,-0.003404954086984,1,4,599.4396249967394,2997.198124983697,0.25,5,1.25,RA-MPC (ours),172,300,42,7.7,5.1
True,REACHED,1.0,1.0,17.09926860550163,9.216615684532352,0,4,114.57753125068848,458.3101250027539,0.25,5,1.25,RA-MPC (ours),173,300,42,7.7,5.1
True,REACHED,1.25,1.25,50.151511857333965,0.0004784356294134,0,5,159.33989160403144,796.6994580201572,0.25,5,1.25,RA-MPC (ours),174,300,42,7.7,5.1
True,REACHED,1.0,1.0,19.629115447877034,8.24980320109182e-06,0,4,142.45368750562193,569.8147500224877,0.25,5,1.25,RA-MPC (ours),175,300,42,7.7,5.1
False,INFEASIBLE_MID,,0.5,26.668094469044764,-0.0109173519490306,1,2,416.6699443303514,1250.0098329910545,0.25,5,1.25,RA-MPC (ours),176,300,42,7.7,5.1
False,INFEASIBLE_MID,,0.5,17.403481512546357,-0.0017007044724112,1,2,1127.7324166682472,3383.197250004742,0.25,5,1.25,RA-MPC (ours),177,300,42,7.7,5.1
True,REACHED,0.75,0.75,19.15944110420389,5.442501121366304,0,3,62.0612083390976,186.1836250172928,0.25,5,1.25,RA-MPC (ours),178,300,42,7.7,5.1
False,INFEASIBLE_MID,,1.0,39.32575283709932,-0.0001440860360424,1,4,1369.008016603766,6845.04008301883,0.25,5,1.25,RA-MPC (ours),179,300,42,7.7,5.1
True,REACHED,1.25,1.25,42.955425717293814,2.05604005066735e-05,0,5,126.11494999728166,630.5747499864083,0.25,5,1.25,RA-MPC (ours),180,300,42,7.7,5.1
False,INFEASIBLE_MID,,0.75,14.56322669890419,-0.0001771659047713,1,3,1616.6761354979826,6466.7045419919305,0.25,5,1.25,RA-MPC (ours),181,300,42,7.7,5.1
True,REACHED,1.0,1.0,38.97886938278195,0.0237397446779415,0,4,131.18077100079972,524.7230840031989,0.25,5,1.25,RA-MPC (ours),182,300,42,7.7,5.1
False,INFEASIBLE_MID,,0.5,12.344909273187252,-0.0001070870548969,1,2,2327.502249662454,6982.506748987362,0.25,5,1.25,RA-MPC (ours),183,300,42,7.7,5.1
True,REACHED,1.5,1.5,38.510442396952904,1.597031273508288e-05,0,6,149.9360974970235,899.6165849821409,0.25,5,1.25,RA-MPC (ours),184,300,42,7.7,5.1
False,INFEASIBLE_MID,,0.75,15.43453778273996,-2.0748791256061156e-05,1,3,663.278520500171,2653.114082000684,0.25,5,1.25,RA-MPC (ours),185,300,42,7.7,5.1
True,REACHED,1.25,1.25,41.58735980079675,3.603396433767186e-05,0,5,182.06111680192407,910.3055840096204,0.25,5,1.25,RA-MPC (ours),186,300,42,7.7,5.1
True,REACHED,0.75,0.75,10.580028297227884,9.491867720320244,0,3,84.28252800755824,252.8475840226747,0.25,5,1.25,RA-MPC (ours),187,300,42,7.7,5.1
True,REACHED,0.5,0.5,7.022846953163938,5.153333074584093,0,2,137.4081244939589,274.8162489879178,0.25,5,1.25,RA-MPC (ours),188,300,42,7.7,5.1
True,REACHED,0.75,0.75,14.118363769893843,9.443770958326708,0,3,116.915736332885,350.74720899865497,0.25,5,1.25,RA-MPC (ours),189,300,42,7.7,5.1
True,REACHED,1.25,1.25,30.273191408307895,7.015039697015404e-06,0,5,178.33346660190728,891.6673330095364,0.25,5,1.25,RA-MPC (ours),190,300,42,7.7,5.1
True,REACHED,0.5,0.5,11.603350998179184,5.249730701954197,0,2,115.38668799767038,230.77337599534076,0.25,5,1.25,RA-MPC (ours),191,300,42,7.7,5.1
True,REACHED,0.5,0.5,9.577300328125864,9.58393829789547,0,2,132.8669995054952,265.7339990109904,0.25,5,1.25,RA-MPC (ours),192,300,42,7.7,5.1
False,INFEASIBLE_MID,,0.75,14.970646352470794,-5.638859139307084e-05,1,3,1841.8522185020263,7367.408874008106,0.25,5,1.25,RA-MPC (ours),193,300,42,7.7,5.1
False,INFEASIBLE_MID,,1.0,21.28862622537093,-8.109557360030958e-05,1,4,717.0667750033317,3585.3338750166586,0.25,5,1.25,RA-MPC (ours),194,300,42,7.7,5.1
False,INFEASIBLE_MID,,0.5,13.348462457547557,-0.0002319106798126,1,2,645.2454723378954,1935.7364170136864,0.25,5,1.25,RA-MPC (ours),195,300,42,7.7,5.1
False,INFEASIBLE_MID,,0.75,20.598641629635715,-0.0011019279335103,1,3,672.0246875011071,2688.0987500044284,0.25,5,1.25,RA-MPC (ours),196,300,42,7.7,5.1
True,REACHED,1.25,1.25,57.23393256164275,0.0006454077318703,0,5,140.34793339960743,701.7396669980371,0.25,5,1.25,RA-MPC (ours),197,300,42,7.7,5.1
True,REACHED,0.5,0.5,6.768002169441741,4.614791199252639,0,2,91.3289580057608,182.6579160115216,0.25,5,1.25,RA-MPC (ours),198,300,42,7.7,5.1
True,REACHED,1.25,1.25,50.958019666056714,1.3948058705580018e-05,0,5,144.93222500022966,724.6611250011483,0.25,5,1.25,RA-MPC (ours),199,300,42,7.7,5.1
False,INFEASIBLE_STEP1,,0.0,0.0,6.893446252044973,1,0,1027.419457997894,1027.419457997894,0.25,5,1.25,RA-MPC (ours),200,300,42,7.7,5.1
True,REACHED,1.0,1.0,42.45554094030013,0.0045251021625046,0,4,119.95850025414256,479.83400101657026,0.25,5,1.25,RA-MPC (ours),201,300,42,7.7,5.1
True,REACHED,0.5,0.5,8.305897440851645,3.51586007330208,0,2,94.38220849551726,188.76441699103452,0.25,5,1.25,RA-MPC (ours),202,300,42,7.7,5.1
True,REACHED,0.75,0.75,16.956322960346636,5.43324989085498,0,3,132.88395833418085,398.6518750025425,0.25,5,1.25,RA-MPC (ours),203,300,42,7.7,5.1
True,REACHED,0.25,0.25,6.943332843015078,4.904673199184427,0,1,118.82858400349504,118.82858400349504,0.25,5,1.25,RA-MPC (ours),204,300,42,7.7,5.1
False,INFEASIBLE_MID,,0.75,19.463095213751604,-8.425714665275223e-06,1,3,1966.1364480052723,7864.54579202109,0.25,5,1.25,RA-MPC (ours),205,300,42,7.7,5.1
True,REACHED,1.25,1.25,48.6460728519242,6.073864709850091e-05,0,5,139.34101679478772,696.7050839739386,0.25,5,1.25,RA-MPC (ours),206,300,42,7.7,5.1
True,REACHED,1.0,1.0,22.928204995667503,0.1131547936758003,0,4,213.07635374978415,852.3054149991367,0.25,5,1.25,RA-MPC (ours),207,300,42,7.7,5.1
False,INFEASIBLE_MID,,0.5,2.430612385499744,-0.0001967010635749,1,2,513.9773333309373,1541.931999992812,0.25,5,1.25,RA-MPC (ours),208,300,42,7.7,5.1
True,REACHED,0.75,0.75,15.320388665687922,4.334919627050061,0,3,67.23761099177257,201.71283297531772,0.25,5,1.25,RA-MPC (ours),209,300,42,7.7,5.1
True,REACHED,1.75,1.75,58.90062263338339,0.0001680245340278,0,7,150.88443442904722,1056.1910410033306,0.25,5,1.25,RA-MPC (ours),210,300,42,7.7,5.1
False,INFEASIBLE_MID,,0.5,26.19865378711166,-0.0015449191712553,1,2,517.8247916628607,1553.474374988582,0.25,5,1.25,RA-MPC (ours),211,300,42,7.7,5.1
False,INFEASIBLE_MID,,0.5,22.74870812696409,-0.0133221152106019,1,2,362.0265000014722,1086.0795000044163,0.25,5,1.25,RA-MPC (ours),212,300,42,7.7,5.1
False,INFEASIBLE_MID,,0.5,26.05252017943316,-0.0013941415841434,1,2,780.2659026686646,2340.7977080059936,0.25,5,1.25,RA-MPC (ours),213,300,42,7.7,5.1
True,REACHED,0.75,0.75,19.51192005970191,0.1635663177568341,0,3,186.98212500506392,560.9463750151917,0.25,5,1.25,RA-MPC (ours),214,300,42,7.7,5.1
False,INFEASIBLE_MID,,1.0,24.59676150352245,-0.0008372314666388,1,4,1487.4266000028,7437.133000014001,0.25,5,1.25,RA-MPC (ours),215,300,42,7.7,5.1
False,INFEASIBLE_MID,,0.75,22.256577854981927,-9.497631292443543e-05,1,3,439.726083248388,1758.904332993552,0.25,5,1.25,RA-MPC (ours),216,300,42,7.7,5.1
True,REACHED,1.0,1.0,23.07577728377582,8.553709363902055e-06,0,4,154.21390649862587,616.8556259945035,0.25,5,1.25,RA-MPC (ours),217,300,42,7.7,5.1
False,INFEASIBLE_MID,,0.5,15.27115088787584,-0.0043411681106535,1,2,392.0937220003301,1176.2811660009902,0.25,5,1.25,RA-MPC (ours),218,300,42,7.7,5.1
False,INFEASIBLE_MID,,1.0,56.03191381383774,-0.007298257346612,1,4,360.14743319537956,1800.7371659768978,0.25,5,1.25,RA-MPC (ours),219,300,42,7.7,5.1
False,INFEASIBLE_MID,,0.75,31.998997057671424,-0.0041207064077011,1,3,753.409666751395,3013.63866700558,0.25,5,1.25,RA-MPC (ours),220,300,42,7.7,5.1
True,REACHED,0.75,0.75,14.390893820080498,7.01083274793965,0,3,74.5393329949972,223.61799898499157,0.25,5,1.25,RA-MPC (ours),221,300,42,7.7,5.1
False,INFEASIBLE_MID,,0.75,21.16742008087345,-0.0015183255835382,1,3,344.7696042494499,1379.0784169977996,0.25,5,1.25,RA-MPC (ours),222,300,42,7.7,5.1
True,REACHED,1.25,1.25,55.96318477320348,4.326163420845454,0,5,155.78538319678046,778.9269159839023,0.25,5,1.25,RA-MPC (ours),223,300,42,7.7,5.1
False,INFEASIBLE_MID,,0.5,16.84923566241907,-0.0012427800367636,1,2,2022.3872636658296,6067.161790997488,0.25,5,1.25,RA-MPC (ours),224,300,42,7.7,5.1
False,INFEASIBLE_MID,,0.5,27.937398962971965,-5.996413193316334e-05,1,2,1740.8093196718255,5222.4279590154765,0.25,5,1.25,RA-MPC (ours),225,300,42,7.7,5.1
True,REACHED,0.75,0.75,17.93649793090852,0.1316195691430525,0,3,147.5714859989239,442.71445799677167,0.25,5,1.25,RA-MPC (ours),226,300,42,7.7,5.1
False,INFEASIBLE_MID,,1.0,20.712311728533905,-9.715544787379162e-06,1,4,1363.989558396861,6819.947791984305,0.25,5,1.25,RA-MPC (ours),227,300,42,7.7,5.1
False,INFEASIBLE_MID,,1.25,50.734640172469945,-0.000755337965197,1,5,248.9940413312676,1493.9642479876056,0.25,5,1.25,RA-MPC (ours),228,300,42,7.7,5.1
True,REACHED,1.0,1.0,17.57883580187018,7.118365494645631,0,4,104.36558349829284,417.46233399317134,0.25,5,1.25,RA-MPC (ours),229,300,42,7.7,5.1
False,INFEASIBLE_MID,,0.75,39.04538013994138,-0.0097855811526277,1,3,286.0318439998082,1144.1273759992328,0.25,5,1.25,RA-MPC (ours),230,300,42,7.7,5.1
True,REACHED,1.0,1.0,27.243131215274293,3.847115794873443e-05,0,4,140.48810399981448,561.9524159992579,0.25,5,1.25,RA-MPC (ours),231,300,42,7.7,5.1
False,INFEASIBLE_MID,,1.25,68.55743747610508,-0.0009428334950863,1,5,1046.7195759993049,6280.317455995828,0.25,5,1.25,RA-MPC (ours),232,300,42,7.7,5.1
True,REACHED,1.5,1.5,57.69554934635277,1.9036429698408425e-05,0,6,214.30609733458064,1285.836584007484,0.25,5,1.25,RA-MPC (ours),233,300,42,7.7,5.1
True,REACHED,0.75,0.75,13.467675912815812,7.277736761496171,0,3,84.66605567082297,253.9981670124689,0.25,5,1.25,RA-MPC (ours),234,300,42,7.7,5.1
False,INFEASIBLE_STEP1,,0.0,0.0,1.5848291803492158,1,0,1253.6654580035247,1253.6654580035247,0.25,5,1.25,RA-MPC (ours),235,300,42,7.7,5.1
True,REACHED,1.75,1.75,46.179930826417795,0.0003465544626368,0,7,207.1232917119882,1449.8630419839174,0.25,5,1.25,RA-MPC (ours),236,300,42,7.7,5.1
False,INFEASIBLE_MID,,1.0,23.80740225552433,-0.0003399743179303,1,4,435.43310000386555,2177.1655000193277,0.25,5,1.25,RA-MPC (ours),237,300,42,7.7,5.1
True,REACHED,1.5,1.5,55.48383939150844,0.0002714181849604,0,6,186.72421499650227,1120.3452899790136,0.25,5,1.25,RA-MPC (ours),238,300,42,7.7,5.1
False,INFEASIBLE_MID,,0.75,17.791940604402054,-0.0003507814974628,1,3,1683.5117710070335,6734.047084028134,0.25,5,1.25,RA-MPC (ours),239,300,42,7.7,5.1
False,INFEASIBLE_MID,,0.75,24.450454101394797,-1.7833214307099194e-06,1,3,1577.470614494814,6309.882457979256,0.25,5,1.25,RA-MPC (ours),240,300,42,7.7,5.1
True,REACHED,0.5,0.5,7.5446838210091025,4.380791141293499,0,2,66.04695849091513,132.09391698183026,0.25,5,1.25,RA-MPC (ours),241,300,42,7.7,5.1
False,INFEASIBLE_MID,,0.75,18.778245427369782,-3.266785768032327e-05,1,3,1466.4544062507048,5865.817625002819,0.25,5,1.25,RA-MPC (ours),242,300,42,7.7,5.1
True,REACHED,1.0,1.0,23.941053850393825,7.199865973980411e-06,0,4,211.50427049724385,846.0170819889754,0.25,5,1.25,RA-MPC (ours),243,300,42,7.7,5.1
False,INFEASIBLE_MID,,0.75,19.068032211713593,-0.0008844899998167,1,3,438.6038332449971,1754.4153329799883,0.25,5,1.25,RA-MPC (ours),244,300,42,7.7,5.1
True,REACHED,1.25,1.25,48.47572726674441,8.570680093686865e-05,0,5,208.7818835978396,1043.909417989198,0.25,5,1.25,RA-MPC (ours),245,300,42,7.7,5.1
True,REACHED,0.25,0.25,5.312747211428236,2.1545505537740537,0,1,220.71562499331776,220.71562499331776,0.25,5,1.25,RA-MPC (ours),246,300,42,7.7,5.1
False,INFEASIBLE_MID,,0.5,25.635825447500547,-0.0336763844370991,1,2,336.9713333328643,1010.9139999985928,0.25,5,1.25,RA-MPC (ours),247,300,42,7.7,5.1
False,INFEASIBLE_MID,,0.75,18.237146622232377,-0.0001201078313566,1,3,673.7888957468385,2695.155582987354,0.25,5,1.25,RA-MPC (ours),248,300,42,7.7,5.1
True,REACHED,0.5,0.5,6.517629156045761,1.0795234063436907,0,2,128.1847505015321,256.3695010030642,0.25,5,1.25,RA-MPC (ours),249,300,42,7.7,5.1
True,REACHED,0.5,0.5,9.231098973750164,3.1439689754400755,0,2,233.87006249686235,467.7401249937247,0.25,5,1.25,RA-MPC (ours),250,300,42,7.7,5.1
False,INFEASIBLE_MID,,0.5,13.341013988246615,-0.0001640854594843,1,2,2264.861902668296,6794.585708004888,0.25,5,1.25,RA-MPC (ours),251,300,42,7.7,5.1
True,REACHED,1.5,1.5,58.76119370452434,-7.712750636563366e-06,0,6,909.036888833119,5454.2213329987135,0.25,5,1.25,RA-MPC (ours),252,300,42,7.7,5.1
False,INFEASIBLE_MID,,0.75,22.85774416577324,-0.0002307313675665,1,3,1617.387854246772,6469.551416987088,0.25,5,1.25,RA-MPC (ours),253,300,42,7.7,5.1
False,INFEASIBLE_MID,,0.5,13.087820052055957,-2.649819810168639e-05,1,2,2178.487333333275,6535.461999999825,0.25,5,1.25,RA-MPC (ours),254,300,42,7.7,5.1
True,REACHED,1.25,1.25,48.6695828229654,6.827688786856875e-05,0,5,201.89030840119813,1009.4515420059906,0.25,5,1.25,RA-MPC (ours),255,300,42,7.7,5.1
False,INFEASIBLE_MID,,0.5,20.10413383111795,-0.0003633002125379,1,2,2343.4506110012685,7030.351833003806,0.25,5,1.25,RA-MPC (ours),256,300,42,7.7,5.1
False,INFEASIBLE_MID,,0.5,13.69390168787234,-0.0007584375845305,1,2,756.1614863370778,2268.4844590112334,0.25,5,1.25,RA-MPC (ours),257,300,42,7.7,5.1
True,REACHED,1.25,1.25,29.064258597536337,3.222321579386574e-05,0,5,215.53734180342872,1077.6867090171436,0.25,5,1.25,RA-MPC (ours),258,300,42,7.7,5.1
True,REACHED,0.75,0.75,25.633519407449217,0.0004677722868898,0,3,175.58266666310374,526.7479999893112,0.25,5,1.25,RA-MPC (ours),259,300,42,7.7,5.1
True,REACHED,0.5,0.5,5.45959553870288,8.71111349187304,0,2,130.81633299589157,261.63266599178314,0.25,5,1.25,RA-MPC (ours),260,300,42,7.7,5.1
True,REACHED,0.75,0.75,10.157365217929348,0.91678420387491,0,3,138.67831933991206,416.0349580197362,0.25,5,1.25,RA-MPC (ours),261,300,42,7.7,5.1
True,REACHED,0.25,0.25,1.8519983799190924,2.3922237773802837,0,1,74.00083300308324,74.00083300308324,0.25,5,1.25,RA-MPC (ours),262,300,42,7.7,5.1
False,INFEASIBLE_MID,,1.0,20.978941583711688,-2.867332938403835e-06,1,4,1257.0167586003663,6285.0837930018315,0.25,5,1.25,RA-MPC (ours),263,300,42,7.7,5.1
True,REACHED,0.75,0.75,17.11112776688851,6.47717787643899,0,3,123.96479166636708,371.8943749991013,0.25,5,1.25,RA-MPC (ours),264,300,42,7.7,5.1
True,REACHED,1.25,1.25,50.12431988042912,0.5402144947637122,0,5,123.568333600997,617.841668004985,0.25,5,1.25,RA-MPC (ours),265,300,42,7.7,5.1
False,INFEASIBLE_MID,,0.5,13.676063306384798,-0.0009071261194334,1,2,1442.897736327723,4328.693208983168,0.25,5,1.25,RA-MPC (ours),266,300,42,7.7,5.1
True,REACHED,0.75,0.75,18.664963554793047,7.89227641409245,0,3,104.3533610063605,313.0600830190815,0.25,5,1.25,RA-MPC (ours),267,300,42,7.7,5.1
True,REACHED,1.0,1.0,18.03659545943561,5.453806305634236,0,4,156.73830200103112,626.9532080041245,0.25,5,1.25,RA-MPC (ours),268,300,42,7.7,5.1
True,REACHED,0.75,0.75,19.440694658169622,0.0251014545187982,0,3,221.19687466571727,663.5906239971519,0.25,5,1.25,RA-MPC (ours),269,300,42,7.7,5.1
False,INFEASIBLE_MID,,0.25,5.7647682810622225,-0.0002671639876947,1,1,860.6008330025361,1721.2016660050722,0.25,5,1.25,RA-MPC (ours),270,300,42,7.7,5.1
True,REACHED,1.0,1.0,15.76280811058949,5.701679006653147,0,4,114.05477074731608,456.2190829892643,0.25,5,1.25,RA-MPC (ours),271,300,42,7.7,5.1
True,REACHED,0.75,0.75,9.832324300512406,3.643898271262952,0,3,66.38448633505807,199.15345900517423,0.25,5,1.25,RA-MPC (ours),272,300,42,7.7,5.1
True,REACHED,0.5,0.5,13.20018696625936,9.402433041360116,0,2,226.1656044938718,452.3312089877436,0.25,5,1.25,RA-MPC (ours),273,300,42,7.7,5.1
False,INFEASIBLE_MID,,0.5,26.012259193977467,-0.0011674592958271,1,2,1069.1678610019153,3207.503583005746,0.25,5,1.25,RA-MPC (ours),274,300,42,7.7,5.1
False,INFEASIBLE_MID,,0.75,46.33800052145509,-0.0136346585444232,1,3,410.658791748574,1642.635166994296,0.25,5,1.25,RA-MPC (ours),275,300,42,7.7,5.1
True,REACHED,0.75,0.75,15.048647534174988,0.0055911926239136,0,3,92.1139583272937,276.3418749818811,0.25,5,1.25,RA-MPC (ours),276,300,42,7.7,5.1
False,INFEASIBLE_MID,,0.5,13.468777635995837,-4.467930846762721e-05,1,2,1386.3363196675589,4159.008959002676,0.25,5,1.25,RA-MPC (ours),277,300,42,7.7,5.1
True,REACHED,1.75,1.75,77.94736955255395,6.801131796804469e-05,0,7,185.49070828469536,1298.4349579928676,0.25,5,1.25,RA-MPC (ours),278,300,42,7.7,5.1
True,REACHED,0.75,0.75,24.99490670972311,1.788817362875275,0,3,117.4090140023812,352.2270420071436,0.25,5,1.25,RA-MPC (ours),279,300,42,7.7,5.1
False,INFEASIBLE_MID,,0.25,16.913686550778422,-0.0056085619019467,1,1,389.5865414961008,779.1730829922017,0.25,5,1.25,RA-MPC (ours),280,300,42,7.7,5.1
True,REACHED,1.0,1.0,16.937987688973863,0.0022812565356217,0,4,121.0703749966342,484.2814999865368,0.25,5,1.25,RA-MPC (ours),281,300,42,7.7,5.1
False,INFEASIBLE_MID,,0.75,17.077467590999845,-1.39017447478528e-05,1,3,987.3520730034217,3949.408292013686,0.25,5,1.25,RA-MPC (ours),282,300,42,7.7,5.1
True,REACHED,0.75,0.75,10.033438386701484,8.627163707058559,0,3,79.57847233531841,238.73541700595524,0.25,5,1.25,RA-MPC (ours),283,300,42,7.7,5.1
False,INFEASIBLE_MID,,0.75,19.977473270916253,-0.000299530293196,1,3,511.4092397489003,2045.6369589956012,0.25,5,1.25,RA-MPC (ours),284,300,42,7.7,5.1
True,REACHED,1.25,1.25,61.08393470942454,2.0418657686813894e-05,0,5,157.4287166033173,787.1435830165865,0.25,5,1.25,RA-MPC (ours),285,300,42,7.7,5.1
True,REACHED,1.25,1.25,45.21176590665779,0.0205670642750351,0,5,96.58788300002924,482.93941500014625,0.25,5,1.25,RA-MPC (ours),286,300,42,7.7,5.1
True,REACHED,0.75,0.75,19.594932706453267,4.887686687270065,0,3,75.24213899644867,225.72641698934603,0.25,5,1.25,RA-MPC (ours),287,300,42,7.7,5.1
False,INFEASIBLE_MID,,0.75,35.931398140364664,-0.0055292681377893,1,3,531.0441147485108,2124.176458994043,0.25,5,1.25,RA-MPC (ours),288,300,42,7.7,5.1
False,INFEASIBLE_MID,,0.75,36.002458898674526,-0.0179305053154282,1,3,204.63743750588037,818.5497500235215,0.25,5,1.25,RA-MPC (ours),289,300,42,7.7,5.1
True,REACHED,0.75,0.75,15.732633067559345,1.897637917679214,0,3,65.58651366018846,196.75954098056536,0.25,5,1.25,RA-MPC (ours),290,300,42,7.7,5.1
True,REACHED,0.75,0.75,26.026662802945037,0.0010785678628896,0,3,151.1819586691369,453.5458760074107,0.25,5,1.25,RA-MPC (ours),291,300,42,7.7,5.1
True,REACHED,0.75,0.75,19.47831735722535,0.0574641047542794,0,3,63.10820833217198,189.32462499651592,0.25,5,1.25,RA-MPC (ours),292,300,42,7.7,5.1
True,REACHED,1.75,1.75,44.01177782652168,7.020052616989093e-05,0,7,138.08605357189663,966.6023750032764,0.25,5,1.25,RA-MPC (ours),293,300,42,7.7,5.1
True,REACHED,0.75,0.75,13.321275906902596,8.515092304183682,0,3,110.03355532981612,330.1006659894483,0.25,5,1.25,RA-MPC (ours),294,300,42,7.7,5.1
False,INFEASIBLE_MID,,1.0,37.161956308203955,-0.0002748613706678,1,4,409.3679082026938,2046.839541013469,0.25,5,1.25,RA-MPC (ours),295,300,42,7.7,5.1
True,REACHED,0.75,0.75,24.360561532448877,4.052709848072466,0,3,90.29790267231874,270.8937080169562,0.25,5,1.25,RA-MPC (ours),296,300,42,7.7,5.1
False,INFEASIBLE_MID,,0.5,17.217962575133456,-1.697098483602069e-05,1,2,721.1528193389919,2163.458458016976,0.25,5,1.25,RA-MPC (ours),297,300,42,7.7,5.1
False,INFEASIBLE_MID,,1.0,65.27258498960798,-0.0002666224569016,1,4,308.7110585998744,1543.555292999372,0.25,5,1.25,RA-MPC (ours),298,300,42,7.7,5.1
True,REACHED,1.25,1.25,23.038077644318253,0.5537253417235597,0,5,85.79252480121795,428.96262400608975,0.25,5,1.25,RA-MPC (ours),299,300,42,7.7,5.1
