success,outcome,time_to_target,sim_duration,control_effort,min_safety_margin,n_infeasible,n_steps,mean_step_ms,total_solve_ms,dt_mpc,N_hor,T_hor_actual,method,cand_id,N_CANDIDATES,seed,u1_max,u2_max
True,REACHED,0.31000000000000016,0.31000000000000016,29507.10768931812,0.05359215271816886,0,62,325.1260792735153,20157.816914957948,0.005,40,0.2,Vanilla MPC,0,150,42,679.2,500.1
True,REACHED,0.29000000000000015,0.29000000000000015,18094.892942536204,1.9623899394360933e-06,0,58,319.08609048219535,18506.99324796733,0.005,40,0.2,Vanilla MPC,1,150,42,679.2,500.1
True,REACHED,0.23000000000000012,0.23000000000000012,3450.7999568546593,2.350279409313316e-06,0,46,354.0748633025467,16287.443711917149,0.005,40,0.2,Vanilla MPC,2,150,42,679.2,500.1
True,REACHED,0.2500000000000001,0.2500000000000001,5527.022783510009,2.620306898710531,0,50,269.82437751983525,13491.218875991763,0.005,40,0.2,Vanilla MPC,3,150,42,679.2,500.1
True,REACHED,0.29000000000000015,0.29000000000000015,17689.21780022671,1.0593460615382355e-06,0,58,324.51990725957296,18822.154621055233,0.005,40,0.2,Vanilla MPC,4,150,42,679.2,500.1
False,INFEASIBLE_STEP1,,0.0,0.0,6.005765507230717,1,0,4122.834915993735,4122.834915993735,0.005,40,0.2,Vanilla MPC,5,150,42,679.2,500.1
True,REACHED,0.13500000000000004,0.13500000000000004,1321.366033367904,0.33168080512526465,0,27,339.01894755534295,9153.51158399426,0.005,40,0.2,Vanilla MPC,6,150,42,679.2,500.1
False,INFEASIBLE_STEP1,,0.0,0.0,2.468290510110826,1,0,4658.0072499928065,4658.0072499928065,0.005,40,0.2,Vanilla MPC,7,150,42,679.2,500.1
True,REACHED,0.29500000000000015,0.29500000000000015,18689.747538838335,1.1903385264133703e-06,0,59,315.3651292024918,18606.542622947018,0.005,40,0.2,Vanilla MPC,8,150,42,679.2,500.1
True,REACHED,0.29000000000000015,0.29000000000000015,15660.932211379224,1.8932977763341796e-06,0,58,311.6782995162668,18077.341371943476,0.005,40,0.2,Vanilla MPC,9,150,42,679.2,500.1
True,REACHED,0.28000000000000014,0.28000000000000014,12461.617134262191,2.2116271729544223e-06,0,56,274.6905237488266,15382.669329934288,0.005,40,0.2,Vanilla MPC,10,150,42,679.2,500.1
True,REACHED,0.2550000000000001,0.2550000000000001,6334.602270738167,1.3368697846810953,0,51,259.87399268670544,13253.573627021979,0.005,40,0.2,Vanilla MPC,11,150,42,679.2,500.1
True,REACHED,0.27000000000000013,0.27000000000000013,9133.818025002072,1.1256510989241413,0,54,280.9535679084042,15171.492667053826,0.005,40,0.2,Vanilla MPC,12,150,42,679.2,500.1
True,REACHED,0.2150000000000001,0.2150000000000001,2755.3937399879137,2.4657798913807483e-06,0,43,305.34229467407704,13129.718670985312,0.005,40,0.2,Vanilla MPC,13,150,42,679.2,500.1
True,REACHED,0.2500000000000001,0.2500000000000001,5579.808865892884,4.1037015321657915,0,50,246.69488157931482,12334.744078965741,0.005,40,0.2,Vanilla MPC,14,150,42,679.2,500.1
True,REACHED,0.18000000000000008,0.18000000000000008,1971.9353973390826,0.33733285239208755,0,36,285.84613663810563,10290.460918971803,0.005,40,0.2,Vanilla MPC,15,150,42,679.2,500.1
True,REACHED,0.27500000000000013,0.27500000000000013,11027.202392179332,1.4756140113620386,0,55,263.24321896536276,14478.377043094952,0.005,40,0.2,Vanilla MPC,16,150,42,679.2,500.1
True,REACHED,0.28000000000000014,0.28000000000000014,11972.21810731041,0.0012791176305615437,0,56,274.13845530385777,15351.753497016034,0.005,40,0.2,Vanilla MPC,17,150,42,679.2,500.1
False,INFEASIBLE_STEP1,,0.0,0.0,6.331525845081824,1,0,2779.8825000063516,2779.8825000063516,0.005,40,0.2,Vanilla MPC,18,150,42,679.2,500.1
True,REACHED,0.2200000000000001,0.2200000000000001,3291.8039325021005,4.605026193092315,0,44,262.642210293548,11556.257252916112,0.005,40,0.2,Vanilla MPC,19,150,42,679.2,500.1
True,REACHED,0.2100000000000001,0.2100000000000001,3231.3298559327663,4.756826137054517,0,42,275.91353771484654,11588.368584023556,0.005,40,0.2,Vanilla MPC,20,150,42,679.2,500.1
True,REACHED,0.24500000000000013,0.24500000000000013,4245.672720473871,4.075502392453245e-06,0,49,305.95273116148525,14991.683826912777,0.005,40,0.2,Vanilla MPC,21,150,42,679.2,500.1
True,REACHED,0.29000000000000015,0.29000000000000015,17164.220835287,7.770070400425766e-07,0,58,304.3612291725806,17652.951292009675,0.005,40,0.2,Vanilla MPC,22,150,42,679.2,500.1
True,REACHED,0.29000000000000015,0.29000000000000015,17593.591736733113,4.490284759128826e-06,0,58,326.09736775941263,18913.647330045933,0.005,40,0.2,Vanilla MPC,23,150,42,679.2,500.1
True,REACHED,0.29000000000000015,0.29000000000000015,15034.75712359181,2.2857767767447967e-07,0,58,333.0817787244651,19318.743166018976,0.005,40,0.2,Vanilla MPC,24,150,42,679.2,500.1
True,REACHED,0.18000000000000008,0.18000000000000008,2183.4484884534522,5.453668698859433,0,36,292.1845601667883,10518.644166004378,0.005,40,0.2,Vanilla MPC,25,150,42,679.2,500.1
True,REACHED,0.30500000000000016,0.30500000000000016,25402.631903640573,0.0030640260166059363,0,61,354.8812889510701,21647.758626015275,0.005,40,0.2,Vanilla MPC,26,150,42,679.2,500.1
True,REACHED,0.28500000000000014,0.28500000000000014,14166.158907908211,1.5935435531133635e-06,0,57,326.7639626661038,18625.545871967915,0.005,40,0.2,Vanilla MPC,27,150,42,679.2,500.1
False,INFEASIBLE_STEP1,,0.0,0.0,0.6518031476315489,1,0,2713.8936250121333,2713.8936250121333,0.005,40,0.2,Vanilla MPC,28,150,42,679.2,500.1
True,REACHED,0.31000000000000016,0.31000000000000016,30887.761019988044,0.05357491897677846,0,62,321.73747308021825,19947.72333097353,0.005,40,0.2,Vanilla MPC,29,150,42,679.2,500.1
True,REACHED,0.30500000000000016,0.30500000000000016,28541.639600305276,0.013636119076675612,0,61,332.4091147223953,20276.955998066114,0.005,40,0.2,Vanilla MPC,30,150,42,679.2,500.1
False,INFEASIBLE_STEP1,,0.0,0.0,3.93893625862001,1,0,5359.991624995018,5359.991624995018,0.005,40,0.2,Vanilla MPC,31,150,42,679.2,500.1
True,REACHED,0.29000000000000015,0.29000000000000015,15876.819224947216,1.0872406406292612e-06,0,58,345.3888339828499,20032.552371005295,0.005,40,0.2,Vanilla MPC,32,150,42,679.2,500.1
True,REACHED,0.29500000000000015,0.29500000000000015,20174.223982861422,8.297822766678564e-07,0,59,351.2094730688397,20721.358911061543,0.005,40,0.2,Vanilla MPC,33,150,42,679.2,500.1
False,INFEASIBLE_STEP1,,0.0,0.0,0.9076143207029546,1,0,5914.107457996579,5914.107457996579,0.005,40,0.2,Vanilla MPC,34,150,42,679.2,500.1
True,REACHED,0.30000000000000016,0.30000000000000016,24789.19005121326,0.0034639363144144397,0,60,331.9766791006259,19918.600746037555,0.005,40,0.2,Vanilla MPC,35,150,42,679.2,500.1
False,INFEASIBLE_STEP1,,0.0,0.0,0.21393171881601347,1,0,5212.003959008143,5212.003959008143,0.005,40,0.2,Vanilla MPC,36,150,42,679.2,500.1
True,REACHED,0.28000000000000014,0.28000000000000014,12382.872475447222,2.7425289150784238e-06,0,56,317.5026317148877,17780.14737603371,0.005,40,0.2,Vanilla MPC,37,150,42,679.2,500.1
True,REACHED,0.2650000000000001,0.2650000000000001,6551.9779671820925,3.186890943140952e-06,0,53,339.6447916042372,18001.17395502457,0.005,40,0.2,Vanilla MPC,38,150,42,679.2,500.1
True,REACHED,0.29000000000000015,0.29000000000000015,18789.234047186845,2.1304213753126078e-06,0,58,309.96902222400894,17978.203288992518,0.005,40,0.2,Vanilla MPC,39,150,42,679.2,500.1
True,REACHED,0.28000000000000014,0.28000000000000014,10917.177734086375,1.3143457646691559e-06,0,56,300.8919463757463,16849.948997041793,0.005,40,0.2,Vanilla MPC,40,150,42,679.2,500.1
True,REACHED,0.30000000000000016,0.30000000000000016,21785.457903438913,2.6464543516624417e-06,0,60,309.9631340167737,18597.788041006424,0.005,40,0.2,Vanilla MPC,41,150,42,679.2,500.1
False,INFEASIBLE_STEP1,,0.0,0.0,6.4023864573850675,1,0,3253.7053749983897,3253.7053749983897,0.005,40,0.2,Vanilla MPC,42,150,42,679.2,500.1
False,INFEASIBLE_STEP1,,0.0,0.0,7.793851896772557,1,0,5629.212041996652,5629.212041996652,0.005,40,0.2,Vanilla MPC,43,150,42,679.2,500.1
False,INFEASIBLE_STEP1,,0.0,0.0,8.907282684096504,1,0,4508.236249996116,4508.236249996116,0.005,40,0.2,Vanilla MPC,44,150,42,679.2,500.1
False,INFEASIBLE_STEP1,,0.0,0.0,4.861647865421469,1,0,7982.347790995846,7982.347790995846,0.005,40,0.2,Vanilla MPC,45,150,42,679.2,500.1
False,INFEASIBLE_STEP1,,0.0,0.0,8.285901132185032,1,0,3638.0092920007883,3638.0092920007883,0.005,40,0.2,Vanilla MPC,46,150,42,679.2,500.1
True,REACHED,0.30500000000000016,0.30500000000000016,25457.577181816665,0.0052600165480587435,0,61,283.91990501488004,17319.11420590768,0.005,40,0.2,Vanilla MPC,47,150,42,679.2,500.1
False,INFEASIBLE_STEP1,,0.0,0.0,2.461849058743562,1,0,6789.316916998359,6789.316916998359,0.005,40,0.2,Vanilla MPC,48,150,42,679.2,500.1
True,REACHED,0.29500000000000015,0.29500000000000015,21233.66808357361,5.719488722633059e-06,0,59,274.0471920003953,16168.784328023321,0.005,40,0.2,Vanilla MPC,49,150,42,679.2,500.1
True,REACHED,0.28000000000000014,0.28000000000000014,12539.449938408297,2.421195924640074e-06,0,56,262.05630280388243,14675.152957017417,0.005,40,0.2,Vanilla MPC,50,150,42,679.2,500.1
False,INFEASIBLE_STEP1,,0.0,0.0,7.284807420628884,1,0,2456.247790993075,2456.247790993075,0.005,40,0.2,Vanilla MPC,51,150,42,679.2,500.1
True,REACHED,0.29500000000000015,0.29500000000000015,19156.0455335606,1.0895368784957782e-06,0,59,275.29046396597613,16242.137373992591,0.005,40,0.2,Vanilla MPC,52,150,42,679.2,500.1
True,REACHED,0.30000000000000016,0.30000000000000016,23358.736591668436,0.000915561749271987,0,60,298.56985356770264,17914.191214062157,0.005,40,0.2,Vanilla MPC,53,150,42,679.2,500.1
True,REACHED,0.31000000000000016,0.31000000000000016,31037.37128293396,0.04707538243936504,0,62,283.66411688611765,17587.175246939296,0.005,40,0.2,Vanilla MPC,54,150,42,679.2,500.1
True,REACHED,0.2550000000000001,0.2550000000000001,5574.206104260508,1.062043301303106e-06,0,51,295.45795598110715,15068.355755036464,0.005,40,0.2,Vanilla MPC,55,150,42,679.2,500.1
True,REACHED,0.19000000000000009,0.19000000000000009,2438.7787821539664,7.527185691756472,0,38,243.1748629984979,9240.64479394292,0.005,40,0.2,Vanilla MPC,56,150,42,679.2,500.1
True,REACHED,0.31000000000000016,0.31000000000000016,31038.478259390162,0.048487549133987784,0,62,305.60465183882644,18947.48841400724,0.005,40,0.2,Vanilla MPC,57,150,42,679.2,500.1
False,INFEASIBLE_STEP1,,0.0,0.0,1.1647065787335578,1,0,5518.375375002506,5518.375375002506,0.005,40,0.2,Vanilla MPC,58,150,42,679.2,500.1
True,REACHED,0.09500000000000001,0.09500000000000001,974.7824393470664,7.119835213414518,0,19,235.75010747222942,4479.252041972359,0.005,40,0.2,Vanilla MPC,59,150,42,679.2,500.1
False,INFEASIBLE_STEP1,,0.0,0.0,8.810351245553678,1,0,2766.1412080051377,2766.1412080051377,0.005,40,0.2,Vanilla MPC,60,150,42,679.2,500.1
True,REACHED,0.30000000000000016,0.30000000000000016,22690.863707896064,0.0005937264200692738,0,60,350.54928958343226,21032.957375005935,0.005,40,0.2,Vanilla MPC,61,150,42,679.2,500.1
False,INFEASIBLE_STEP1,,0.0,0.0,3.8581685277299567,1,0,2944.272959008231,2944.272959008231,0.005,40,0.2,Vanilla MPC,62,150,42,679.2,500.1
True,REACHED,0.30500000000000016,0.30500000000000016,29184.679340919032,0.014697528320501974,0,61,346.49958059007537,21136.4744159946,0.005,40,0.2,Vanilla MPC,63,150,42,679.2,500.1
False,INFEASIBLE_STEP1,,0.0,0.0,4.872357911466046,1,0,5967.163999986951,5967.163999986951,0.005,40,0.2,Vanilla MPC,64,150,42,679.2,500.1
True,REACHED,0.30000000000000016,0.30000000000000016,23502.68297026596,0.0009103095086651081,0,60,341.21356246541836,20472.8137479251,0.005,40,0.2,Vanilla MPC,65,150,42,679.2,500.1
True,REACHED,0.2500000000000001,0.2500000000000001,5714.354645610977,3.3249385485221774,0,50,307.1648624999216,15358.24312499608,0.005,40,0.2,Vanilla MPC,66,150,42,679.2,500.1
False,INFEASIBLE_STEP1,,0.0,0.0,8.719740636402017,1,0,7708.565207998618,7708.565207998618,0.005,40,0.2,Vanilla MPC,67,150,42,679.2,500.1
False,INFEASIBLE_STEP1,,0.0,0.0,6.0375127295075135,1,0,7789.201334002428,7789.201334002428,0.005,40,0.2,Vanilla MPC,68,150,42,679.2,500.1
True,REACHED,0.27000000000000013,0.27000000000000013,9109.805107713766,0.13841281513930426,0,54,307.9491974249659,16629.25666094816,0.005,40,0.2,Vanilla MPC,69,150,42,679.2,500.1
False,INFEASIBLE_STEP1,,0.0,0.0,1.06990496215586,1,0,8097.300541005097,8097.300541005097,0.005,40,0.2,Vanilla MPC,70,150,42,679.2,500.1
True,REACHED,0.30500000000000016,0.30500000000000016,25346.354003839788,0.00622476574826436,0,61,344.14465775494807,20992.824123051832,0.005,40,0.2,Vanilla MPC,71,150,42,679.2,500.1
True,REACHED,0.27000000000000013,0.27000000000000013,8010.2797712814045,9.993914229511347e-07,0,54,355.825314018552,19214.566957001807,0.005,40,0.2,Vanilla MPC,72,150,42,679.2,500.1
False,INFEASIBLE_STEP1,,0.0,0.0,4.942168700638075,1,0,4540.873042002204,4540.873042002204,0.005,40,0.2,Vanilla MPC,73,150,42,679.2,500.1
False,INFEASIBLE_STEP1,,0.0,0.0,3.6688213284376943,1,0,2458.1349159998354,2458.1349159998354,0.005,40,0.2,Vanilla MPC,74,150,42,679.2,500.1
True,REACHED,0.29000000000000015,0.29000000000000015,17051.873034085667,4.82161548553961e-06,0,58,329.6392206024832,19119.074794944027,0.005,40,0.2,Vanilla MPC,75,150,42,679.2,500.1
True,REACHED,0.29500000000000015,0.29500000000000015,19860.764694555815,1.9732440232900217e-06,0,59,334.20753952533096,19718.244831994525,0.005,40,0.2,Vanilla MPC,76,150,42,679.2,500.1
True,REACHED,0.08,0.08,787.057546330108,9.653144240671146,0,16,289.8085129372703,4636.9362069963245,0.005,40,0.2,Vanilla MPC,77,150,42,679.2,500.1
True,REACHED,0.29500000000000015,0.29500000000000015,20578.78474251685,3.8343834951604094e-06,0,59,310.2776044750314,18306.37866402685,0.005,40,0.2,Vanilla MPC,78,150,42,679.2,500.1
True,REACHED,0.31000000000000016,0.31000000000000016,31243.06562443561,0.04512444910794855,0,62,311.9068441456259,19338.224337028805,0.005,40,0.2,Vanilla MPC,79,150,42,679.2,500.1
True,REACHED,0.31000000000000016,0.31000000000000016,30321.665319458894,0.06133918366191082,0,62,322.9525988713102,20023.061130021233,0.005,40,0.2,Vanilla MPC,80,150,42,679.2,500.1
True,REACHED,0.29000000000000015,0.29000000000000015,16955.566561839936,1.1874546128609609e-06,0,58,333.25585281147204,19328.83946306538,0.005,40,0.2,Vanilla MPC,81,150,42,679.2,500.1
True,REACHED,0.28000000000000014,0.28000000000000014,10636.102047231776,7.211471828583171e-07,0,56,318.78154158896774,17851.766328982194,0.005,40,0.2,Vanilla MPC,82,150,42,679.2,500.1
True,REACHED,0.09500000000000001,0.09500000000000001,972.6331657517184,8.464996271062246,0,19,275.9217038945185,5242.512373995851,0.005,40,0.2,Vanilla MPC,83,150,42,679.2,500.1
True,REACHED,0.30000000000000016,0.30000000000000016,24467.120646715095,0.0012396858289243085,0,60,346.2452589682168,20774.715538093005,0.005,40,0.2,Vanilla MPC,84,150,42,679.2,500.1
True,REACHED,0.30500000000000016,0.30500000000000016,26271.390622081446,0.016761711756412723,0,61,342.4450970001015,20889.15091700619,0.005,40,0.2,Vanilla MPC,85,150,42,679.2,500.1
True,REACHED,0.27000000000000013,0.27000000000000013,9416.630779791529,2.59966690485669e-06,0,54,311.1343850377361,16801.256792037748,0.005,40,0.2,Vanilla MPC,86,150,42,679.2,500.1
True,REACHED,0.2000000000000001,0.2000000000000001,2777.928805279581,6.3056460291675425,0,40,293.2354395517905,11729.41758207162,0.005,40,0.2,Vanilla MPC,87,150,42,679.2,500.1
True,REACHED,0.1950000000000001,0.1950000000000001,2339.7437201743805,5.439481300602732,0,39,283.7240471286723,11065.23783801822,0.005,40,0.2,Vanilla MPC,88,150,42,679.2,500.1
True,REACHED,0.29000000000000015,0.29000000000000015,17575.301627394096,4.030610721628136e-06,0,58,295.4244986211616,17134.620920027373,0.005,40,0.2,Vanilla MPC,89,150,42,679.2,500.1
True,REACHED,0.29000000000000015,0.29000000000000015,18082.144494887587,2.0117167132127634e-06,0,58,280.59671337918,16274.60937599244,0.005,40,0.2,Vanilla MPC,90,150,42,679.2,500.1
True,REACHED,0.31000000000000016,0.31000000000000016,31571.554726134545,0.0965327151894364,0,62,301.16629300121735,18672.310166075476,0.005,40,0.2,Vanilla MPC,91,150,42,679.2,500.1
True,REACHED,0.28500000000000014,0.28500000000000014,14224.846177737769,6.815641864221789e-07,0,57,308.8325920163474,17603.457744931802,0.005,40,0.2,Vanilla MPC,92,150,42,679.2,500.1
False,INFEASIBLE_STEP1,,0.0,0.0,8.566338346170125,1,0,6969.362167001236,6969.362167001236,0.005,40,0.2,Vanilla MPC,93,150,42,679.2,500.1
True,REACHED,0.27500000000000013,0.27500000000000013,10595.296630950355,0.741568305317367,0,55,263.94832881765484,14517.158084971015,0.005,40,0.2,Vanilla MPC,94,150,42,679.2,500.1
True,REACHED,0.30000000000000016,0.30000000000000016,24517.93733644609,0.001109048812557134,0,60,290.4153778511197,17424.92267106718,0.005,40,0.2,Vanilla MPC,95,150,42,679.2,500.1
True,REACHED,0.23000000000000012,0.23000000000000012,3545.4060282486375,1.1295290411870393,0,46,264.8188386965953,12181.666580043384,0.005,40,0.2,Vanilla MPC,96,150,42,679.2,500.1
True,REACHED,0.27000000000000013,0.27000000000000013,9504.98150904706,0.22683147168433493,0,54,268.20218896291743,14482.918203997542,0.005,40,0.2,Vanilla MPC,97,150,42,679.2,500.1
True,REACHED,0.24500000000000013,0.24500000000000013,5501.377108899727,5.168681024844497,0,49,237.46421173475065,11635.746375002782,0.005,40,0.2,Vanilla MPC,98,150,42,679.2,500.1
True,REACHED,0.2000000000000001,0.2000000000000001,2577.436253192288,6.9533222205809455,0,40,228.3266603753873,9133.066415015492,0.005,40,0.2,Vanilla MPC,99,150,42,679.2,500.1
False,INFEASIBLE_STEP1,,0.0,0.0,5.467834750689015,1,0,3056.764375010971,3056.764375010971,0.005,40,0.2,Vanilla MPC,100,150,42,679.2,500.1
True,REACHED,0.29000000000000015,0.29000000000000015,18354.50508936173,2.8597949341957474e-06,0,58,364.9926615531701,21169.574370083865,0.005,40,0.2,Vanilla MPC,101,150,42,679.2,500.1
True,REACHED,0.28500000000000014,0.28500000000000014,12581.571156103744,1.2534568405442315e-07,0,57,343.3111777011889,19568.73712896777,0.005,40,0.2,Vanilla MPC,102,150,42,679.2,500.1
True,REACHED,0.23500000000000013,0.23500000000000013,4451.410707933557,6.617237277691484,0,47,302.7448865326191,14229.009667033097,0.005,40,0.2,Vanilla MPC,103,150,42,679.2,500.1
True,REACHED,0.025,0.025,286.1557607060636,4.093382854282701,0,5,353.975283598993,1769.8764179949649,0.005,40,0.2,Vanilla MPC,104,150,42,679.2,500.1
True,REACHED,0.30000000000000016,0.30000000000000016,23864.397856740703,0.0025096082420965615,0,60,347.1466742157645,20828.80045294587,0.005,40,0.2,Vanilla MPC,105,150,42,679.2,500.1
True,REACHED,0.08,0.08,802.4002133681909,12.4062955668356,0,16,324.5207004383701,5192.331207013922,0.005,40,0.2,Vanilla MPC,106,150,42,679.2,500.1
True,REACHED,0.2500000000000001,0.2500000000000001,5958.768844767118,3.2004063120170514,0,50,287.65641831909306,14382.820915954653,0.005,40,0.2,Vanilla MPC,107,150,42,679.2,500.1
False,INFEASIBLE_STEP1,,0.0,0.0,5.869134596412604,1,0,5376.6160829982255,5376.6160829982255,0.005,40,0.2,Vanilla MPC,108,150,42,679.2,500.1
True,REACHED,0.30000000000000016,0.30000000000000016,25175.779378574014,0.0035898277814201407,0,60,343.64823123372236,20618.893874023343,0.005,40,0.2,Vanilla MPC,109,150,42,679.2,500.1
True,REACHED,0.09500000000000001,0.09500000000000001,984.7590405760131,2.0863017391406196,0,19,320.01077205227614,6080.204668993247,0.005,40,0.2,Vanilla MPC,110,150,42,679.2,500.1
False,INFEASIBLE_STEP1,,0.0,0.0,2.212258503216372,1,0,4163.288832991384,4163.288832991384,0.005,40,0.2,Vanilla MPC,111,150,42,679.2,500.1
False,INFEASIBLE_STEP1,,0.0,0.0,6.977318810255641,1,0,4569.468166999286,4569.468166999286,0.005,40,0.2,Vanilla MPC,112,150,42,679.2,500.1
True,REACHED,0.2500000000000001,0.2500000000000001,4721.427889881747,1.910205186916869e-06,0,50,346.2888941797428,17314.44470898714,0.005,40,0.2,Vanilla MPC,113,150,42,679.2,500.1
True,REACHED,0.30000000000000016,0.30000000000000016,22589.090628407823,0.00037527213055810194,0,60,325.8607951664696,19551.647709988174,0.005,40,0.2,Vanilla MPC,114,150,42,679.2,500.1
True,REACHED,0.28500000000000014,0.28500000000000014,13848.197146834807,3.04367793191318e-06,0,57,310.9349342973968,17723.29125495162,0.005,40,0.2,Vanilla MPC,115,150,42,679.2,500.1
True,REACHED,0.27500000000000013,0.27500000000000013,11072.70548424615,2.8127232400976254e-06,0,55,285.2218105814907,15687.199581981986,0.005,40,0.2,Vanilla MPC,116,150,42,679.2,500.1
False,INFEASIBLE_STEP1,,0.0,0.0,5.38321204628278,1,0,5854.728749996866,5854.728749996866,0.005,40,0.2,Vanilla MPC,117,150,42,679.2,500.1
True,REACHED,0.2650000000000001,0.2650000000000001,7811.047988081415,0.9548893164803616,0,53,254.85058022742072,13507.080752053298,0.005,40,0.2,Vanilla MPC,118,150,42,679.2,500.1
False,INFEASIBLE_STEP1,,0.0,0.0,7.601190466813335,1,0,3782.528750001802,3782.528750001802,0.005,40,0.2,Vanilla MPC,119,150,42,679.2,500.1
True,REACHED,0.2200000000000001,0.2200000000000001,3134.9679669576117,0.37896676379368444,0,44,276.65252370339164,12172.711042949231,0.005,40,0.2,Vanilla MPC,120,150,42,679.2,500.1
True,REACHED,0.28000000000000014,0.28000000000000014,12242.496459723265,8.264488773335188e-07,0,56,293.31613394658365,16425.703501008684,0.005,40,0.2,Vanilla MPC,121,150,42,679.2,500.1
True,REACHED,0.05499999999999999,0.05499999999999999,576.3185768666765,3.1558479347366397,0,11,232.30415145305662,2555.345665983623,0.005,40,0.2,Vanilla MPC,122,150,42,679.2,500.1
True,REACHED,0.23000000000000012,0.23000000000000012,4208.8740685946805,2.9246786336997728,0,46,239.11389130554872,10999.23900005524,0.005,40,0.2,Vanilla MPC,123,150,42,679.2,500.1
True,REACHED,0.29500000000000015,0.29500000000000015,21895.879655645065,3.4888771942576113e-06,0,59,303.92672742348975,17931.676917985897,0.005,40,0.2,Vanilla MPC,124,150,42,679.2,500.1
True,REACHED,0.29000000000000015,0.29000000000000015,17427.341293028752,7.000982549243417e-07,0,58,306.7968146893565,17794.215251982678,0.005,40,0.2,Vanilla MPC,125,150,42,679.2,500.1
False,INFEASIBLE_STEP1,,0.0,0.0,5.2065736360211305,1,0,3996.1371250101365,3996.1371250101365,0.005,40,0.2,Vanilla MPC,126,150,42,679.2,500.1
True,REACHED,0.2600000000000001,0.2600000000000001,6673.9546471535905,1.211922958432865e-06,0,52,307.923014442517,16011.996751010884,0.005,40,0.2,Vanilla MPC,127,150,42,679.2,500.1
True,REACHED,0.10000000000000002,0.10000000000000002,1023.8943950879972,9.912769360899146,0,20,219.6237790514715,4392.47558102943,0.005,40,0.2,Vanilla MPC,128,150,42,679.2,500.1
False,INFEASIBLE_STEP1,,0.0,0.0,2.321975465507867,1,0,5784.640207988559,5784.640207988559,0.005,40,0.2,Vanilla MPC,129,150,42,679.2,500.1
True,REACHED,0.2650000000000001,0.2650000000000001,7851.264858059658,0.019892248103706933,0,53,305.9123450193339,16213.354286024696,0.005,40,0.2,Vanilla MPC,130,150,42,679.2,500.1
True,REACHED,0.2650000000000001,0.2650000000000001,8454.986866943915,0.8855535084754358,0,53,283.54591831953684,15027.933670935454,0.005,40,0.2,Vanilla MPC,131,150,42,679.2,500.1
True,REACHED,0.23500000000000013,0.23500000000000013,3688.6190456795152,1.240245010691865e-06,0,47,337.7211470859115,15872.893913037842,0.005,40,0.2,Vanilla MPC,132,150,42,679.2,500.1
False,INFEASIBLE_STEP1,,0.0,0.0,4.576980161796696,1,0,6647.825791995274,6647.825791995274,0.005,40,0.2,Vanilla MPC,133,150,42,679.2,500.1
False,INFEASIBLE_STEP1,,0.0,0.0,5.945018170454648,1,0,3759.7370829898864,3759.7370829898864,0.005,40,0.2,Vanilla MPC,134,150,42,679.2,500.1
True,REACHED,0.30500000000000016,0.30500000000000016,29665.576375402732,0.05462848002917298,0,61,307.3049699183893,18745.60316502175,0.005,40,0.2,Vanilla MPC,135,150,42,679.2,500.1
True,REACHED,0.29000000000000015,0.29000000000000015,18699.818183733092,6.912642120937562e-06,0,58,314.50872553350877,18241.50608094351,0.005,40,0.2,Vanilla MPC,136,150,42,679.2,500.1
False,INFEASIBLE_STEP1,,0.0,0.0,6.378399664402607,1,0,3508.8562500022817,3508.8562500022817,0.005,40,0.2,Vanilla MPC,137,150,42,679.2,500.1
False,INFEASIBLE_STEP1,,0.0,0.0,1.5741215514493554,1,0,5004.372166993562,5004.372166993562,0.005,40,0.2,Vanilla MPC,138,150,42,679.2,500.1
True,REACHED,0.08,0.08,818.5044876166461,1.156406313534724,0,16,302.70554950311634,4843.2887920498615,0.005,40,0.2,Vanilla MPC,139,150,42,679.2,500.1
False,INFEASIBLE_STEP1,,0.0,0.0,3.7681746798407687,1,0,3155.7495829911204,3155.7495829911204,0.005,40,0.2,Vanilla MPC,140,150,42,679.2,500.1
True,REACHED,0.2500000000000001,0.2500000000000001,5223.279319273877,1.353779409216063,0,50,279.89905997994356,13994.952998997178,0.005,40,0.2,Vanilla MPC,141,150,42,679.2,500.1
True,REACHED,0.30000000000000016,0.30000000000000016,22623.823587403975,0.000332934874963442,0,60,287.8800798168716,17272.804789012298,0.005,40,0.2,Vanilla MPC,142,150,42,679.2,500.1
True,REACHED,0.27000000000000013,0.27000000000000013,8178.127772804885,1.6997285818831642e-06,0,54,285.6345840377293,15424.267538037384,0.005,40,0.2,Vanilla MPC,143,150,42,679.2,500.1
True,REACHED,0.28000000000000014,0.28000000000000014,11016.182887461026,1.5763445464500592e-06,0,56,280.81801642968327,15725.808920062263,0.005,40,0.2,Vanilla MPC,144,150,42,679.2,500.1
True,REACHED,0.1950000000000001,0.1950000000000001,2271.1085281328387,0.0017108449103755419,0,39,311.1980053083523,12136.722207025741,0.005,40,0.2,Vanilla MPC,145,150,42,679.2,500.1
True,REACHED,0.2050000000000001,0.2050000000000001,2589.1917352408263,4.786930521073392,0,41,256.234306902071,10505.60658298491,0.005,40,0.2,Vanilla MPC,146,150,42,679.2,500.1
True,REACHED,0.18000000000000008,0.18000000000000008,2049.960824068536,6.233248571869007,0,36,249.65972797144786,8987.750206972123,0.005,40,0.2,Vanilla MPC,147,150,42,679.2,500.1
True,REACHED,0.29000000000000015,0.29000000000000015,17604.290069549417,1.8475963550201868e-06,0,58,247.2740753979326,14341.89637308009,0.005,40,0.2,Vanilla MPC,148,150,42,679.2,500.1
True,REACHED,0.27000000000000013,0.27000000000000013,7488.059534914138,1.8818799745190518e-06,0,54,202.4584853142086,10932.758206967264,0.005,40,0.2,Vanilla MPC,149,150,42,679.2,500.1
True,REACHED,0.6750000000000005,0.6750000000000005,4717.835262384303,1.7754866732389019e-06,0,135,358.3638592439928,48379.120997939026,0.005,40,0.2,RA-MPC (ours),0,150,42,679.2,500.1
True,REACHED,0.6650000000000005,0.6650000000000005,3327.131441722731,1.729839405939515e-06,0,133,394.4471926925988,52461.47662811563,0.005,40,0.2,RA-MPC (ours),1,150,42,679.2,500.1
True,REACHED,0.3650000000000002,0.3650000000000002,1965.5495054891085,1.5416962320102812e-06,0,73,379.388246589184,27695.34200101043,0.005,40,0.2,RA-MPC (ours),2,150,42,679.2,500.1
True,REACHED,0.42000000000000026,0.42000000000000026,2853.4771984011495,1.8615826924417433e-06,0,84,360.10339490392306,30248.685171929537,0.005,40,0.2,RA-MPC (ours),3,150,42,679.2,500.1
True,REACHED,0.6600000000000005,0.6600000000000005,3084.7266556889294,1.7683904829368657e-06,0,132,395.8165012882091,52247.7781700436,0.005,40,0.2,RA-MPC (ours),4,150,42,679.2,500.1
True,REACHED,0.6850000000000005,0.6850000000000005,5553.473248445495,1.4731220350228114e-06,0,137,342.0449632405215,46860.159963951446,0.005,40,0.2,RA-MPC (ours),5,150,42,679.2,500.1
True,REACHED,0.2050000000000001,0.2050000000000001,992.3793816209353,2.620018355159459e-06,0,41,398.0373190243859,16319.530079999822,0.005,40,0.2,RA-MPC (ours),6,150,42,679.2,500.1
True,REACHED,0.6850000000000005,0.6850000000000005,5853.464530382926,1.6486639555779448e-06,0,137,345.73919370073236,47366.269537000335,0.005,40,0.2,RA-MPC (ours),7,150,42,679.2,500.1
True,REACHED,0.6650000000000005,0.6650000000000005,3066.6411388708284,1.737737935769701e-06,0,133,390.91409147461906,51991.57416612434,0.005,40,0.2,RA-MPC (ours),8,150,42,679.2,500.1
True,REACHED,0.6400000000000005,0.6400000000000005,3150.111515464523,1.7507693179652506e-06,0,128,390.2170687265425,49947.78479699744,0.005,40,0.2,RA-MPC (ours),9,150,42,679.2,500.1
True,REACHED,0.5800000000000004,0.5800000000000004,3703.5382294714973,1.7733403474551324e-06,0,116,368.91683549251394,42794.35291713162,0.005,40,0.2,RA-MPC (ours),10,150,42,679.2,500.1
True,REACHED,0.4400000000000003,0.4400000000000003,2999.1273439845,1.826608322375023e-06,0,88,341.8035302736164,30078.710664078244,0.005,40,0.2,RA-MPC (ours),11,150,42,679.2,500.1
True,REACHED,0.5000000000000003,0.5000000000000003,3668.1817970110965,1.8176654208446053e-06,0,100,371.8484799997532,37184.84799997532,0.005,40,0.2,RA-MPC (ours),12,150,42,679.2,500.1
True,REACHED,0.3300000000000002,0.3300000000000002,1693.4957415987567,3.8701652371742057e-07,0,66,368.82843748555223,24342.676874046447,0.005,40,0.2,RA-MPC (ours),13,150,42,679.2,500.1
True,REACHED,0.42000000000000026,0.42000000000000026,2979.99809440899,1.9008399831932365e-06,0,84,313.8195952981602,26360.84600504546,0.005,40,0.2,RA-MPC (ours),14,150,42,679.2,500.1
True,REACHED,0.28000000000000014,0.28000000000000014,1392.1489114690814,2.324377598839078e-06,0,56,342.1538698211017,19160.616709981696,0.005,40,0.2,RA-MPC (ours),15,150,42,679.2,500.1
True,REACHED,0.5400000000000004,0.5400000000000004,4145.8535647061235,1.754899637163021e-06,0,108,335.4125155086944,36224.55167493899,0.005,40,0.2,RA-MPC (ours),16,150,42,679.2,500.1
True,REACHED,0.5650000000000004,0.5650000000000004,4001.7470013208217,1.7972159174206581e-06,0,113,345.22647381385696,39010.591540965834,0.005,40,0.2,RA-MPC (ours),17,150,42,679.2,500.1
False,INFEASIBLE_STEP1,,0.0,0.0,6.331525845081824,1,0,2326.6135419980856,2326.6135419980856,0.005,40,0.2,RA-MPC (ours),18,150,42,679.2,500.1
True,REACHED,0.3500000000000002,0.3500000000000002,2094.997682676594,1.0222876465348918e-06,0,70,308.40900948616246,21588.63066403137,0.005,40,0.2,RA-MPC (ours),19,150,42,679.2,500.1
True,REACHED,0.3300000000000002,0.3300000000000002,2269.947142345237,0.024173619485202025,0,66,275.5675322103233,18187.457125881338,0.005,40,0.2,RA-MPC (ours),20,150,42,679.2,500.1
True,REACHED,0.39000000000000024,0.39000000000000024,2102.753597157062,1.9334301306628277e-06,0,78,326.57406783292595,25472.777290968224,0.005,40,0.2,RA-MPC (ours),21,150,42,679.2,500.1
True,REACHED,0.6550000000000005,0.6550000000000005,2983.006789161244,1.755617249799002e-06,0,131,373.55890302969505,48936.21629689005,0.005,40,0.2,RA-MPC (ours),22,150,42,679.2,500.1
True,REACHED,0.6700000000000005,0.6700000000000005,3948.5686870699133,1.7668425407180166e-06,0,134,348.26062031376085,46666.923122043954,0.005,40,0.2,RA-MPC (ours),23,150,42,679.2,500.1
True,REACHED,0.6300000000000004,0.6300000000000004,2980.3583966117035,1.7457836971601637e-06,0,126,357.2000482776535,45007.20608298434,0.005,40,0.2,RA-MPC (ours),24,150,42,679.2,500.1
True,REACHED,0.2550000000000001,0.2550000000000001,1492.1632557573914,5.453668698859433,0,51,241.0860416655173,12295.388124941383,0.005,40,0.2,RA-MPC (ours),25,150,42,679.2,500.1
False,INFEASIBLE_STEP1,,0.0,0.0,2.1420316705400113,1,0,5017.362250000588,5017.362250000588,0.005,40,0.2,RA-MPC (ours),26,150,42,679.2,500.1
True,REACHED,0.6200000000000004,0.6200000000000004,3247.278176145648,1.77921826605143e-06,0,124,348.1479906116757,43170.350835847785,0.005,40,0.2,RA-MPC (ours),27,150,42,679.2,500.1
False,INFEASIBLE_STEP1,,0.0,0.0,0.6518031476315489,1,0,2177.668916992843,2177.668916992843,0.005,40,0.2,RA-MPC (ours),28,150,42,679.2,500.1
True,REACHED,0.6800000000000005,0.6800000000000005,5157.799833678913,1.2566751603770854e-06,0,136,317.57689705891073,43190.45800001186,0.005,40,0.2,RA-MPC (ours),29,150,42,679.2,500.1
True,REACHED,0.6850000000000005,0.6850000000000005,4823.1761234992255,1.0095218865302513e-06,0,137,316.9793643215187,43426.17291204806,0.005,40,0.2,RA-MPC (ours),30,150,42,679.2,500.1
True,REACHED,0.7500000000000006,0.7500000000000006,11870.59893952638,7.225110589814676e-07,0,150,341.3947891267405,51209.21836901107,0.005,40,0.2,RA-MPC (ours),31,150,42,679.2,500.1
True,REACHED,0.6450000000000005,0.6450000000000005,3113.6645882649977,4.691513986188056e-07,0,129,352.5719143185844,45481.77694709739,0.005,40,0.2,RA-MPC (ours),32,150,42,679.2,500.1
True,REACHED,0.6700000000000005,0.6700000000000005,3216.643394346761,1.778149652409411e-06,0,134,359.1377972755512,48124.464834923856,0.005,40,0.2,RA-MPC (ours),33,150,42,679.2,500.1
False,INFEASIBLE_STEP1,,0.0,0.0,0.9076143207029546,1,0,4367.59812499804,4367.59812499804,0.005,40,0.2,RA-MPC (ours),34,150,42,679.2,500.1
True,REACHED,0.6800000000000005,0.6800000000000005,4037.344772907986,1.6569877736571925e-06,0,136,353.0554259108184,48015.53792387131,0.005,40,0.2,RA-MPC (ours),35,150,42,679.2,500.1
False,INFEASIBLE_STEP1,,0.0,0.0,0.21393171881601347,1,0,6395.556250005029,6395.556250005029,0.005,40,0.2,RA-MPC (ours),36,150,42,679.2,500.1
True,REACHED,0.5800000000000004,0.5800000000000004,3761.5293641826884,1.7491193204932642e-06,0,116,347.38809163800084,40297.0186300081,0.005,40,0.2,RA-MPC (ours),37,150,42,679.2,500.1
True,REACHED,0.4550000000000003,0.4550000000000003,2500.685428462748,1.8591392638711568e-06,0,91,353.6260778248786,32179.973082063952,0.005,40,0.2,RA-MPC (ours),38,150,42,679.2,500.1
True,REACHED,0.6800000000000005,0.6800000000000005,4083.6463350697545,1.7386648476502842e-06,0,136,356.9828235892654,48549.6640081401,0.005,40,0.2,RA-MPC (ours),39,150,42,679.2,500.1
True,REACHED,0.5500000000000004,0.5500000000000004,3203.5516202300273,1.7509838272644629e-06,0,110,352.9354591269194,38822.90050396114,0.005,40,0.2,RA-MPC (ours),40,150,42,679.2,500.1
True,REACHED,0.6750000000000005,0.6750000000000005,3327.0467564562496,1.7331999853098523e-06,0,135,383.7402527999883,51804.93412799842,0.005,40,0.2,RA-MPC (ours),41,150,42,679.2,500.1
False,INFEASIBLE_STEP1,,0.0,0.0,6.4023864573850675,1,0,3123.977916999138,3123.977916999138,0.005,40,0.2,RA-MPC (ours),42,150,42,679.2,500.1
False,INFEASIBLE_STEP1,,0.0,0.0,7.793851896772557,1,0,3391.5600000036648,3391.5600000036648,0.005,40,0.2,RA-MPC (ours),43,150,42,679.2,500.1
True,REACHED,0.6800000000000005,0.6800000000000005,5620.878423287283,5.356328340866412e-07,0,136,338.272187846194,46005.01754708239,0.005,40,0.2,RA-MPC (ours),44,150,42,679.2,500.1
True,REACHED,0.7500000000000006,0.7500000000000006,11306.77122717556,6.529886817929764e-07,0,150,346.07746326742927,51911.61949011439,0.005,40,0.2,RA-MPC (ours),45,150,42,679.2,500.1
False,INFEASIBLE_STEP1,,0.0,0.0,8.285901132185032,1,0,2414.7051660111174,2414.7051660111174,0.005,40,0.2,RA-MPC (ours),46,150,42,679.2,500.1
False,INFEASIBLE_STEP1,,0.0,0.0,6.846793655803688,1,0,6319.447125002625,6319.447125002625,0.005,40,0.2,RA-MPC (ours),47,150,42,679.2,500.1
True,REACHED,0.7500000000000006,0.7500000000000006,12005.69474650635,7.482773263234321e-07,0,150,334.07174804694176,50110.76220704126,0.005,40,0.2,RA-MPC (ours),48,150,42,679.2,500.1
True,REACHED,0.6850000000000005,0.6850000000000005,3814.5746515430606,1.7374409502224353e-06,0,137,350.35052317558757,47998.0216750555,0.005,40,0.2,RA-MPC (ours),49,150,42,679.2,500.1
True,REACHED,0.5850000000000004,0.5850000000000004,3429.9764693434377,1.7899916517905012e-06,0,117,368.4727671623586,43111.31375799596,0.005,40,0.2,RA-MPC (ours),50,150,42,679.2,500.1
False,INFEASIBLE_STEP1,,0.0,0.0,7.284807420628884,1,0,1865.2092090051156,1865.2092090051156,0.005,40,0.2,RA-MPC (ours),51,150,42,679.2,500.1
True,REACHED,0.6700000000000005,0.6700000000000005,3213.9968211421647,1.7319236107482539e-06,0,134,372.4604506120946,49909.700382020674,0.005,40,0.2,RA-MPC (ours),52,150,42,679.2,500.1
False,INFEASIBLE_STEP1,,0.0,0.0,9.934715272600071,1,0,4149.520333012333,4149.520333012333,0.005,40,0.2,RA-MPC (ours),53,150,42,679.2,500.1
False,INFEASIBLE_STEP1,,0.0,0.0,3.3639019517646176,1,0,5047.018541008583,5047.018541008583,0.005,40,0.2,RA-MPC (ours),54,150,42,679.2,500.1
True,REACHED,0.42500000000000027,0.42500000000000027,2504.2469614155357,3.857371684290456e-07,0,85,370.7848293412312,31516.710494004656,0.005,40,0.2,RA-MPC (ours),55,150,42,679.2,500.1
True,REACHED,0.28500000000000014,0.28500000000000014,1694.983722585061,2.5471050460331153,0,57,300.070997105458,17104.046835011104,0.005,40,0.2,RA-MPC (ours),56,150,42,679.2,500.1
False,INFEASIBLE_STEP1,,0.0,0.0,4.227300604598865,1,0,4483.2632089965045,4483.2632089965045,0.005,40,0.2,RA-MPC (ours),57,150,42,679.2,500.1
True,REACHED,0.7500000000000006,0.7500000000000006,12995.719607360665,7.388901721583352e-07,0,150,338.3355991863452,50750.339877951774,0.005,40,0.2,RA-MPC (ours),58,150,42,679.2,500.1
True,REACHED,0.12000000000000004,0.12000000000000004,505.2179786962359,7.119835213414518,0,24,294.6139706255053,7070.735295012128,0.005,40,0.2,RA-MPC (ours),59,150,42,679.2,500.1
True,REACHED,0.6900000000000005,0.6900000000000005,6140.018897529647,1.4370528411689065e-06,0,138,313.0296947619291,43198.09787714621,0.005,40,0.2,RA-MPC (ours),60,150,42,679.2,500.1
False,INFEASIBLE_STEP1,,0.0,0.0,9.006025948902174,1,0,6417.22645900154,6417.22645900154,0.005,40,0.2,RA-MPC (ours),61,150,42,679.2,500.1
False,INFEASIBLE_STEP1,,0.0,0.0,3.8581685277299567,1,0,6384.230750001734,6384.230750001734,0.005,40,0.2,RA-MPC (ours),62,150,42,679.2,500.1
True,REACHED,0.6850000000000005,0.6850000000000005,4958.363577265583,1.7573591790664977e-06,0,137,323.5782907813036,44330.2258370386,0.005,40,0.2,RA-MPC (ours),63,150,42,679.2,500.1
True,REACHED,0.7500000000000006,0.7500000000000006,11486.435583225883,9.536298755108419e-07,0,150,328.55191419357044,49282.78712903557,0.005,40,0.2,RA-MPC (ours),64,150,42,679.2,500.1
True,REACHED,0.6800000000000005,0.6800000000000005,3803.768401598367,1.7710049426966634e-07,0,136,330.4377563968849,44939.53486997634,0.005,40,0.2,RA-MPC (ours),65,150,42,679.2,500.1
True,REACHED,0.42500000000000027,0.42500000000000027,2964.4041065743813,1.8960394960743088e-06,0,85,318.0227765281041,27031.93600488885,0.005,40,0.2,RA-MPC (ours),66,150,42,679.2,500.1
True,REACHED,0.6800000000000005,0.6800000000000005,5610.746076624152,6.222479829176564e-07,0,136,313.07902822770893,42578.74783896841,0.005,40,0.2,RA-MPC (ours),67,150,42,679.2,500.1
False,INFEASIBLE_STEP1,,0.0,0.0,6.0375127295075135,1,0,5958.388250001008,5958.388250001008,0.005,40,0.2,RA-MPC (ours),68,150,42,679.2,500.1
True,REACHED,0.5000000000000003,0.5000000000000003,3526.1747982740453,1.7753759173899653e-06,0,100,353.94987161955214,35394.987161955214,0.005,40,0.2,RA-MPC (ours),69,150,42,679.2,500.1
True,REACHED,0.7500000000000006,0.7500000000000006,13226.591153020792,8.738954431208867e-07,0,150,327.64213837246643,49146.320755869965,0.005,40,0.2,RA-MPC (ours),70,150,42,679.2,500.1
False,INFEASIBLE_STEP1,,0.0,0.0,6.406296236208631,1,0,4671.4392920112,4671.4392920112,0.005,40,0.2,RA-MPC (ours),71,150,42,679.2,500.1
True,REACHED,0.4850000000000003,0.4850000000000003,2760.3600427879946,1.7988247158484683e-06,0,97,364.0574896594116,35313.57649696292,0.005,40,0.2,RA-MPC (ours),72,150,42,679.2,500.1
False,INFEASIBLE_STEP1,,0.0,0.0,4.942168700638075,1,0,4548.861624993151,4548.861624993151,0.005,40,0.2,RA-MPC (ours),73,150,42,679.2,500.1
False,INFEASIBLE_STEP1,,0.0,0.0,3.6688213284376943,1,0,4999.095042003319,4999.095042003319,0.005,40,0.2,RA-MPC (ours),74,150,42,679.2,500.1
True,REACHED,0.6650000000000005,0.6650000000000005,3727.7154186176685,1.7343975002859224e-06,0,133,349.07682983502764,46427.218368058675,0.005,40,0.2,RA-MPC (ours),75,150,42,679.2,500.1
True,REACHED,0.6700000000000005,0.6700000000000005,3227.5531588677195,1.7725843051152879e-06,0,134,366.5585267978048,49118.84259090584,0.005,40,0.2,RA-MPC (ours),76,150,42,679.2,500.1
True,REACHED,0.11500000000000003,0.11500000000000003,513.0502063146706,8.197123818507277,0,23,247.76325365224773,5698.554834001698,0.005,40,0.2,RA-MPC (ours),77,150,42,679.2,500.1
True,REACHED,0.6850000000000005,0.6850000000000005,4040.0434138028572,1.7705450758853658e-06,0,137,340.85733761378293,46697.455253088265,0.005,40,0.2,RA-MPC (ours),78,150,42,679.2,500.1
False,INFEASIBLE_STEP1,,0.0,0.0,1.351399999207688,1,0,6359.564250000403,6359.564250000403,0.005,40,0.2,RA-MPC (ours),79,150,42,679.2,500.1
True,REACHED,0.6800000000000005,0.6800000000000005,5017.493314045525,1.7303481314456803e-06,0,136,339.413485948599,46160.234089009464,0.005,40,0.2,RA-MPC (ours),80,150,42,679.2,500.1
True,REACHED,0.6550000000000005,0.6550000000000005,3252.0562228227473,1.7468902644424134e-06,0,131,361.7199923661413,47385.31899996451,0.005,40,0.2,RA-MPC (ours),81,150,42,679.2,500.1
True,REACHED,0.5500000000000004,0.5500000000000004,2866.5527332696097,1.7855805918287615e-06,0,110,376.65034920897926,41431.53841298772,0.005,40,0.2,RA-MPC (ours),82,150,42,679.2,500.1
True,REACHED,0.12500000000000003,0.12500000000000003,527.1267879895677,8.464996271062246,0,25,299.26855328085367,7481.713832021342,0.005,40,0.2,RA-MPC (ours),83,150,42,679.2,500.1
True,REACHED,0.6850000000000005,0.6850000000000005,4061.238300188896,1.326947288049496e-06,0,137,331.52928525547117,45419.51207999955,0.005,40,0.2,RA-MPC (ours),84,150,42,679.2,500.1
False,INFEASIBLE_STEP1,,0.0,0.0,9.78066176672428,1,0,5391.3583339890465,5391.3583339890465,0.005,40,0.2,RA-MPC (ours),85,150,42,679.2,500.1
True,REACHED,0.5100000000000003,0.5100000000000003,3501.263510078935,7.048466024173194e-07,0,102,373.3741298325613,38084.161242921255,0.005,40,0.2,RA-MPC (ours),86,150,42,679.2,500.1
False,INFEASIBLE_STEP1,,0.0,0.0,6.3056460291675425,1,0,3894.937332996051,3894.937332996051,0.005,40,0.2,RA-MPC (ours),87,150,42,679.2,500.1
True,REACHED,0.30000000000000016,0.30000000000000016,1640.2010818088331,8.280046337461044e-07,0,60,318.3248229329668,19099.48937597801,0.005,40,0.2,RA-MPC (ours),88,150,42,679.2,500.1
True,REACHED,0.6650000000000005,0.6650000000000005,3284.8150775551417,1.3093630020222236e-06,0,133,347.3395209696452,46196.15628896281,0.005,40,0.2,RA-MPC (ours),89,150,42,679.2,500.1
True,REACHED,0.6700000000000005,0.6700000000000005,3634.370459859612,6.46249890934314e-07,0,134,335.434467052722,44948.21858506475,0.005,40,0.2,RA-MPC (ours),90,150,42,679.2,500.1
False,INFEASIBLE_STEP1,,0.0,0.0,9.401847096190563,1,0,1747.7184159943135,1747.7184159943135,0.005,40,0.2,RA-MPC (ours),91,150,42,679.2,500.1
True,REACHED,0.6200000000000004,0.6200000000000004,2954.288115297706,1.7693498755022574e-06,0,124,353.1036552341257,43784.853249031585,0.005,40,0.2,RA-MPC (ours),92,150,42,679.2,500.1
False,INFEASIBLE_STEP1,,0.0,0.0,8.566338346170125,1,0,5193.7562090024585,5193.7562090024585,0.005,40,0.2,RA-MPC (ours),93,150,42,679.2,500.1
True,REACHED,0.5350000000000004,0.5350000000000004,3916.606002519982,1.8012678424383921e-06,0,107,361.87684894433335,38720.82283704367,0.005,40,0.2,RA-MPC (ours),94,150,42,679.2,500.1
False,INFEASIBLE_STEP1,,0.0,0.0,8.992230116796662,1,0,6603.791707995697,6603.791707995697,0.005,40,0.2,RA-MPC (ours),95,150,42,679.2,500.1
True,REACHED,0.3650000000000002,0.3650000000000002,2101.8296455886884,2.0308122241630144e-06,0,73,329.3813453147615,24044.83820797759,0.005,40,0.2,RA-MPC (ours),96,150,42,679.2,500.1
True,REACHED,0.5100000000000003,0.5100000000000003,3614.751981367853,1.7971079309120341e-06,0,102,341.7446617551796,34857.95549902832,0.005,40,0.2,RA-MPC (ours),97,150,42,679.2,500.1
True,REACHED,0.41500000000000026,0.41500000000000026,3022.9918925471998,1.8722554848693562e-06,0,83,319.36690268662187,26507.452922989614,0.005,40,0.2,RA-MPC (ours),98,150,42,679.2,500.1
True,REACHED,0.31000000000000016,0.31000000000000016,1794.9934897137111,7.619384554402586e-07,0,62,291.18904504890276,18053.72079303197,0.005,40,0.2,RA-MPC (ours),99,150,42,679.2,500.1
False,INFEASIBLE_STEP1,,0.0,0.0,5.467834750689015,1,0,5204.599291988416,5204.599291988416,0.005,40,0.2,RA-MPC (ours),100,150,42,679.2,500.1
True,REACHED,0.6650000000000005,0.6650000000000005,3192.205284317991,1.7300917232176971e-06,0,133,335.0259795944912,44558.45528606733,0.005,40,0.2,RA-MPC (ours),101,150,42,679.2,500.1
True,REACHED,0.5900000000000004,0.5900000000000004,2952.5436440751755,1.7578210496083102e-06,0,118,348.7081471952695,41147.561369041796,0.005,40,0.2,RA-MPC (ours),102,150,42,679.2,500.1
True,REACHED,0.38500000000000023,0.38500000000000023,2695.2925020106463,8.661713444269026e-07,0,77,316.42657091108595,24364.845960153616,0.005,40,0.2,RA-MPC (ours),103,150,42,679.2,500.1
True,REACHED,0.025,0.025,106.36025249372648,4.093382854282701,0,5,300.32872499723453,1501.6436249861727,0.005,40,0.2,RA-MPC (ours),104,150,42,679.2,500.1
True,REACHED,0.6800000000000005,0.6800000000000005,3786.191119245832,1.7280148831844144e-06,0,136,333.86156583112415,45405.17295303289,0.005,40,0.2,RA-MPC (ours),105,150,42,679.2,500.1
True,REACHED,0.10500000000000002,0.10500000000000002,441.03149041710003,12.4062955668356,0,21,307.59867061888576,6459.572082996601,0.005,40,0.2,RA-MPC (ours),106,150,42,679.2,500.1
True,REACHED,0.43000000000000027,0.43000000000000027,3030.128217317179,1.6276135355042243e-06,0,86,328.3926467797015,28241.76762305433,0.005,40,0.2,RA-MPC (ours),107,150,42,679.2,500.1
False,INFEASIBLE_STEP1,,0.0,0.0,5.869134596412604,1,0,2476.896082996973,2476.896082996973,0.005,40,0.2,RA-MPC (ours),108,150,42,679.2,500.1
True,REACHED,0.6800000000000005,0.6800000000000005,4102.963332297606,1.7432820165197427e-06,0,136,319.68059065441,43476.56032899977,0.005,40,0.2,RA-MPC (ours),109,150,42,679.2,500.1
True,REACHED,0.12000000000000004,0.12000000000000004,494.60738520170474,2.0863017391406196,0,24,230.1740729605323,5524.177751052775,0.005,40,0.2,RA-MPC (ours),110,150,42,679.2,500.1
False,INFEASIBLE_STEP1,,0.0,0.0,2.212258503216372,1,0,3137.0559589995537,3137.0559589995537,0.005,40,0.2,RA-MPC (ours),111,150,42,679.2,500.1
False,INFEASIBLE_STEP1,,0.0,0.0,6.977318810255641,1,0,4963.755665987264,4963.755665987264,0.005,40,0.2,RA-MPC (ours),112,150,42,679.2,500.1
True,REACHED,0.40500000000000025,0.40500000000000025,2324.117584267312,1.9012069465418335e-06,0,81,338.5245000126478,27420.484501024475,0.005,40,0.2,RA-MPC (ours),113,150,42,679.2,500.1
True,REACHED,0.6750000000000005,0.6750000000000005,3457.2091288924034,1.7336386051169939e-06,0,135,331.58630469622074,44764.1511339898,0.005,40,0.2,RA-MPC (ours),114,150,42,679.2,500.1
True,REACHED,0.6150000000000004,0.6150000000000004,3777.9607842874257,1.7400485372576213e-06,0,123,334.49123851170316,41142.42233693949,0.005,40,0.2,RA-MPC (ours),115,150,42,679.2,500.1
True,REACHED,0.5500000000000004,0.5500000000000004,3743.5461679569594,1.7389702744452507e-06,0,110,338.82067427224354,37270.27416994679,0.005,40,0.2,RA-MPC (ours),116,150,42,679.2,500.1
True,REACHED,0.7500000000000006,0.7500000000000006,12811.77683908466,8.839199381327489e-07,0,150,319.2146319334279,47882.19479001418,0.005,40,0.2,RA-MPC (ours),117,150,42,679.2,500.1
True,REACHED,0.4750000000000003,0.4750000000000003,3347.164975288125,1.8227462561526409e-06,0,95,333.1755171583561,31651.67413004383,0.005,40,0.2,RA-MPC (ours),118,150,42,679.2,500.1
False,INFEASIBLE_STEP1,,0.0,0.0,7.601190466813335,1,0,5521.955250005703,5521.955250005703,0.005,40,0.2,RA-MPC (ours),119,150,42,679.2,500.1
True,REACHED,0.3500000000000002,0.3500000000000002,1917.2740195852277,1.7230063544815266e-06,0,70,325.5434624717704,22788.042373023927,0.005,40,0.2,RA-MPC (ours),120,150,42,679.2,500.1
True,REACHED,0.5850000000000004,0.5850000000000004,2965.185061766626,1.7530173863633536e-06,0,117,338.3065309834718,39581.864125066204,0.005,40,0.2,RA-MPC (ours),121,150,42,679.2,500.1
True,REACHED,0.06999999999999999,0.06999999999999999,256.53059148784257,3.1558479347366397,0,14,318.37199406956125,4457.207916973857,0.005,40,0.2,RA-MPC (ours),122,150,42,679.2,500.1
True,REACHED,0.3650000000000002,0.3650000000000002,2756.1548534231633,7.85287282312197e-07,0,73,265.796569629121,19403.149582925835,0.005,40,0.2,RA-MPC (ours),123,150,42,679.2,500.1
True,REACHED,0.6800000000000005,0.6800000000000005,3574.2609910773954,1.7796206712716867e-06,0,136,329.48124995581406,44809.44999399071,0.005,40,0.2,RA-MPC (ours),124,150,42,679.2,500.1
True,REACHED,0.6600000000000005,0.6600000000000005,3004.0157727038245,1.7329364805362957e-06,0,132,344.25288855995996,45441.381289914716,0.005,40,0.2,RA-MPC (ours),125,150,42,679.2,500.1
False,INFEASIBLE_STEP1,,0.0,0.0,5.2065736360211305,1,0,6594.757458005915,6594.757458005915,0.005,40,0.2,RA-MPC (ours),126,150,42,679.2,500.1
True,REACHED,0.4500000000000003,0.4500000000000003,2848.2499711516402,1.5379125670733629e-06,0,90,332.3327444788043,29909.947003092384,0.005,40,0.2,RA-MPC (ours),127,150,42,679.2,500.1
True,REACHED,0.13000000000000003,0.13000000000000003,566.0408833551645,9.912769360899146,0,26,250.45548730849987,6511.842670020997,0.005,40,0.2,RA-MPC (ours),128,150,42,679.2,500.1
True,REACHED,0.7500000000000006,0.7500000000000006,11993.814514921336,6.354920731865832e-07,0,150,324.0619974998602,48609.29962497903,0.005,40,0.2,RA-MPC (ours),129,150,42,679.2,500.1
True,REACHED,0.4750000000000003,0.4750000000000003,3214.5517614467444,1.7972354875439578e-06,0,95,341.16166056942586,32410.357754095457,0.005,40,0.2,RA-MPC (ours),130,150,42,679.2,500.1
True,REACHED,0.4850000000000003,0.4850000000000003,3477.9272822739936,1.8160968267011413e-06,0,97,358.17631311458416,34743.10237211466,0.005,40,0.2,RA-MPC (ours),131,150,42,679.2,500.1
True,REACHED,0.3700000000000002,0.3700000000000002,2029.9945394517847,2.0058862908456376e-06,0,74,342.70544709500894,25360.203085030662,0.005,40,0.2,RA-MPC (ours),132,150,42,679.2,500.1
False,INFEASIBLE_STEP1,,0.0,0.0,4.576980161796696,1,0,2619.353709000279,2619.353709000279,0.005,40,0.2,RA-MPC (ours),133,150,42,679.2,500.1
False,INFEASIBLE_STEP1,,0.0,0.0,5.945018170454648,1,0,2413.5420419916045,2413.5420419916045,0.005,40,0.2,RA-MPC (ours),134,150,42,679.2,500.1
True,REACHED,0.6800000000000005,0.6800000000000005,4919.945591644583,1.7340544200550312e-06,0,136,309.6435606757415,42111.524251900846,0.005,40,0.2,RA-MPC (ours),135,150,42,679.2,500.1
True,REACHED,0.6700000000000005,0.6700000000000005,3420.0839001215945,1.7292939240576288e-06,0,134,334.20965889585636,44784.094292044756,0.005,40,0.2,RA-MPC (ours),136,150,42,679.2,500.1
False,INFEASIBLE_STEP1,,0.0,0.0,6.378399664402607,1,0,2960.6682080047904,2960.6682080047904,0.005,40,0.2,RA-MPC (ours),137,150,42,679.2,500.1
True,REACHED,0.6900000000000005,0.6900000000000005,5899.108927231607,1.7408484183079054e-06,0,138,299.9634439204954,41394.95526102837,0.005,40,0.2,RA-MPC (ours),138,150,42,679.2,500.1
True,REACHED,0.10000000000000002,0.10000000000000002,380.8822665623611,1.156406313534724,0,20,314.85816050117137,6297.163210023427,0.005,40,0.2,RA-MPC (ours),139,150,42,679.2,500.1
False,INFEASIBLE_STEP1,,0.0,0.0,3.7681746798407687,1,0,6372.7543329878245,6372.7543329878245,0.005,40,0.2,RA-MPC (ours),140,150,42,679.2,500.1
True,REACHED,0.41500000000000026,0.41500000000000026,2681.846038699789,1.8727968651433002e-06,0,83,291.98858884397436,24235.05287404987,0.005,40,0.2,RA-MPC (ours),141,150,42,679.2,500.1
True,REACHED,0.6750000000000005,0.6750000000000005,3468.863870197667,1.7299536914094915e-06,0,135,284.3587142143709,38388.42641894007,0.005,40,0.2,RA-MPC (ours),142,150,42,679.2,500.1
True,REACHED,0.4850000000000003,0.4850000000000003,3171.6842171076983,1.7804865528603386e-06,0,97,307.6298011331243,29840.090709913056,0.005,40,0.2,RA-MPC (ours),143,150,42,679.2,500.1
True,REACHED,0.5550000000000004,0.5550000000000004,2918.0115773250955,1.7557060161266236e-06,0,111,301.7548836217323,33494.79208201228,0.005,40,0.2,RA-MPC (ours),144,150,42,679.2,500.1
True,REACHED,0.30000000000000016,0.30000000000000016,1513.140023557923,2.2530378274154828e-06,0,60,300.8328305664084,18049.969833984505,0.005,40,0.2,RA-MPC (ours),145,150,42,679.2,500.1
True,REACHED,0.31500000000000017,0.31500000000000017,1758.5903591228162,7.961375310117091e-07,0,63,261.05659187351915,16446.565288031707,0.005,40,0.2,RA-MPC (ours),146,150,42,679.2,500.1
True,REACHED,0.27500000000000013,0.27500000000000013,1458.0834612223337,0.17417724227146536,0,55,264.7538916543867,14561.464040991268,0.005,40,0.2,RA-MPC (ours),147,150,42,679.2,500.1
True,REACHED,0.6650000000000005,0.6650000000000005,3497.6706907121265,1.7729461205817643e-06,0,133,204.6721669922091,27221.39820996381,0.005,40,0.2,RA-MPC (ours),148,150,42,679.2,500.1
True,REACHED,0.4750000000000003,0.4750000000000003,2641.2860521803555,1.1295432589264465e-06,0,95,221.07372545241992,21002.00391797989,0.005,40,0.2,RA-MPC (ours),149,150,42,679.2,500.1
True,REACHED,0.3100000000000001,0.3100000000000001,30641.494810258253,0.28036677847499547,0,31,174.5521599025984,5411.11695698055,0.01,20,0.2,Vanilla MPC,0,150,42,679.2,500.1
True,REACHED,0.2900000000000001,0.2900000000000001,18899.83514014751,4.069923333460679e-06,0,29,180.7752874487176,5242.4833360128105,0.01,20,0.2,Vanilla MPC,1,150,42,679.2,500.1
True,REACHED,0.21000000000000005,0.21000000000000005,3903.935430803906,3.122409001576898e-06,0,21,200.6607340465832,4213.875414978247,0.01,20,0.2,Vanilla MPC,2,150,42,679.2,500.1
True,REACHED,0.24000000000000007,0.24000000000000007,6027.998798068287,4.871004530864151,0,24,150.61039066737672,3614.6493760170415,0.01,20,0.2,Vanilla MPC,3,150,42,679.2,500.1
True,REACHED,0.2900000000000001,0.2900000000000001,18455.821240629662,1.6258758197551515e-06,0,29,160.10067962081942,4642.919709003763,0.01,20,0.2,Vanilla MPC,4,150,42,679.2,500.1
False,INFEASIBLE_STEP1,,0.0,0.0,6.005765507230717,1,0,2217.905666999286,2217.905666999286,0.01,20,0.2,Vanilla MPC,5,150,42,679.2,500.1
True,REACHED,0.10999999999999999,0.10999999999999999,1644.3482645023491,1.5689971559541078,0,11,205.0723901814887,2255.7962919963757,0.01,20,0.2,Vanilla MPC,6,150,42,679.2,500.1
False,INFEASIBLE_STEP1,,0.0,0.0,2.468290510110826,1,0,2208.4956249891547,2208.4956249891547,0.01,20,0.2,Vanilla MPC,7,150,42,679.2,500.1
True,REACHED,0.2900000000000001,0.2900000000000001,19484.842403432514,1.4522663303040417e-06,0,29,180.93315227527236,5247.061415982898,0.01,20,0.2,Vanilla MPC,8,150,42,679.2,500.1
True,REACHED,0.2800000000000001,0.2800000000000001,16468.5470392731,2.097901427688953e-06,0,28,179.207800606881,5017.818416992668,0.01,20,0.2,Vanilla MPC,9,150,42,679.2,500.1
True,REACHED,0.2700000000000001,0.2700000000000001,13096.19652252481,0.044118726284301246,0,27,162.45648918535423,4386.325208004564,0.01,20,0.2,Vanilla MPC,10,150,42,679.2,500.1
True,REACHED,0.25000000000000006,0.25000000000000006,6852.9747587921265,3.4968346745798025,0,25,153.8120650005294,3845.301625013235,0.01,20,0.2,Vanilla MPC,11,150,42,679.2,500.1
True,REACHED,0.26000000000000006,0.26000000000000006,9680.850915766621,3.443220900218586,0,26,150.48108657748134,3912.508251014515,0.01,20,0.2,Vanilla MPC,12,150,42,679.2,500.1
True,REACHED,0.20000000000000004,0.20000000000000004,3232.5554165868402,5.533813443037161e-06,0,20,167.51772710267687,3350.3545420535374,0.01,20,0.2,Vanilla MPC,13,150,42,679.2,500.1
True,REACHED,0.24000000000000007,0.24000000000000007,6081.720660883652,6.349447174231084,0,24,143.95238020976345,3454.857125034323,0.01,20,0.2,Vanilla MPC,14,150,42,679.2,500.1
True,REACHED,0.16,0.16,2403.3257932354054,1.9333150662013434,0,16,168.23116924933856,2691.698707989417,0.01,20,0.2,Vanilla MPC,15,150,42,679.2,500.1
True,REACHED,0.2700000000000001,0.2700000000000001,11626.35893022664,1.6578833051841446,0,27,137.0730849642617,3700.973294035066,0.01,20,0.2,Vanilla MPC,16,150,42,679.2,500.1
True,REACHED,0.2700000000000001,0.2700000000000001,12585.64949146328,2.204629695407643,0,27,158.9769736294531,4292.378287995234,0.01,20,0.2,Vanilla MPC,17,150,42,679.2,500.1
False,INFEASIBLE_STEP1,,0.0,0.0,6.331525845081824,1,0,2852.37154099741,2852.37154099741,0.01,20,0.2,Vanilla MPC,18,150,42,679.2,500.1
True,REACHED,0.21000000000000005,0.21000000000000005,3796.28486706106,6.665989278473543,0,21,143.5720397137283,3015.012833988294,0.01,20,0.2,Vanilla MPC,19,150,42,679.2,500.1
True,REACHED,0.20000000000000004,0.20000000000000004,3744.516389133636,4.756826137054517,0,20,151.01213119996828,3020.2426239993656,0.01,20,0.2,Vanilla MPC,20,150,42,679.2,500.1
True,REACHED,0.23000000000000007,0.23000000000000007,4730.358652819341,4.525461941184972e-06,0,23,179.78926995546436,4135.15320897568,0.01,20,0.2,Vanilla MPC,21,150,42,679.2,500.1
True,REACHED,0.2900000000000001,0.2900000000000001,17914.522979056608,1.0891877124663552e-06,0,29,145.20715796669688,4211.00758103421,0.01,20,0.2,Vanilla MPC,22,150,42,679.2,500.1
True,REACHED,0.2800000000000001,0.2800000000000001,18448.55944162714,2.626662361393528e-06,0,28,160.37904178613513,4490.613170011784,0.01,20,0.2,Vanilla MPC,23,150,42,679.2,500.1
True,REACHED,0.2800000000000001,0.2800000000000001,15811.184102372732,1.7029134458113049e-06,0,28,155.61622328615547,4357.254252012353,0.01,20,0.2,Vanilla MPC,24,150,42,679.2,500.1
True,REACHED,0.16,0.16,2648.0573945262404,5.453668698859433,0,16,135.4029323138093,2166.4469170209486,0.01,20,0.2,Vanilla MPC,25,150,42,679.2,500.1
True,REACHED,0.3000000000000001,0.3000000000000001,26256.422917268206,0.04081096612225821,0,30,159.46569293397866,4783.97078801936,0.01,20,0.2,Vanilla MPC,26,150,42,679.2,500.1
True,REACHED,0.2800000000000001,0.2800000000000001,14912.52013640194,3.3742795118030244e-06,0,28,170.03275907128616,4760.917253996013,0.01,20,0.2,Vanilla MPC,27,150,42,679.2,500.1
False,INFEASIBLE_STEP1,,0.0,0.0,0.6518031476315489,1,0,3293.756665996625,3293.756665996625,0.01,20,0.2,Vanilla MPC,28,150,42,679.2,500.1
True,REACHED,0.3100000000000001,0.3100000000000001,31895.712110940014,0.2087068490040096,0,31,162.0317540641296,5022.984375988017,0.01,20,0.2,Vanilla MPC,29,150,42,679.2,500.1
True,REACHED,0.3000000000000001,0.3000000000000001,29455.608276619718,0.1461833588463275,0,30,157.15453903443026,4714.636171032907,0.01,20,0.2,Vanilla MPC,30,150,42,679.2,500.1
False,INFEASIBLE_STEP1,,0.0,0.0,3.93893625862001,1,0,3346.242624989827,3346.242624989827,0.01,20,0.2,Vanilla MPC,31,150,42,679.2,500.1
True,REACHED,0.2800000000000001,0.2800000000000001,16690.33363980865,2.1373746097452795e-06,0,28,170.2925133930486,4768.190375005361,0.01,20,0.2,Vanilla MPC,32,150,42,679.2,500.1
True,REACHED,0.2900000000000001,0.2900000000000001,20997.049656553343,1.5366319576770593e-06,0,29,175.45730603361054,5088.261874974705,0.01,20,0.2,Vanilla MPC,33,150,42,679.2,500.1
False,INFEASIBLE_STEP1,,0.0,0.0,0.9076143207029546,1,0,3346.1417079961393,3346.1417079961393,0.01,20,0.2,Vanilla MPC,34,150,42,679.2,500.1
True,REACHED,0.3000000000000001,0.3000000000000001,25762.629515871704,0.0583242371364463,0,30,166.79461246725018,5003.838374017505,0.01,20,0.2,Vanilla MPC,35,150,42,679.2,500.1
False,INFEASIBLE_STEP1,,0.0,0.0,0.21393171881601347,1,0,1464.821083995048,1464.821083995048,0.01,20,0.2,Vanilla MPC,36,150,42,679.2,500.1
True,REACHED,0.2700000000000001,0.2700000000000001,13010.06148535049,0.4892354844742801,0,27,187.22001226032498,5054.940331028774,0.01,20,0.2,Vanilla MPC,37,150,42,679.2,500.1
True,REACHED,0.25000000000000006,0.25000000000000006,7067.437672397994,3.654026789590148e-06,0,25,201.0074582818197,5025.186457045493,0.01,20,0.2,Vanilla MPC,38,150,42,679.2,500.1
True,REACHED,0.2800000000000001,0.2800000000000001,19689.14136635064,3.2400022433876075e-05,0,28,210.47600742947128,5893.328208025196,0.01,20,0.2,Vanilla MPC,39,150,42,679.2,500.1
True,REACHED,0.2700000000000001,0.2700000000000001,11533.06175182036,2.889525909210988e-06,0,27,214.98961263245695,5804.719541076338,0.01,20,0.2,Vanilla MPC,40,150,42,679.2,500.1
True,REACHED,0.2900000000000001,0.2900000000000001,22577.065774667582,0.004860815032261101,0,29,226.15220548398392,6558.4139590355335,0.01,20,0.2,Vanilla MPC,41,150,42,679.2,500.1
False,INFEASIBLE_STEP1,,0.0,0.0,6.4023864573850675,1,0,5323.765334003838,5323.765334003838,0.01,20,0.2,Vanilla MPC,42,150,42,679.2,500.1
False,INFEASIBLE_STEP1,,0.0,0.0,7.793851896772557,1,0,5111.756582991802,5111.756582991802,0.01,20,0.2,Vanilla MPC,43,150,42,679.2,500.1
False,INFEASIBLE_STEP1,,0.0,0.0,8.907282684096504,1,0,6269.484000004013,6269.484000004013,0.01,20,0.2,Vanilla MPC,44,150,42,679.2,500.1
False,INFEASIBLE_STEP1,,0.0,0.0,4.861647865421469,1,0,6308.005209008115,6308.005209008115,0.01,20,0.2,Vanilla MPC,45,150,42,679.2,500.1
False,INFEASIBLE_STEP1,,0.0,0.0,8.285901132185032,1,0,6004.793250001967,6004.793250001967,0.01,20,0.2,Vanilla MPC,46,150,42,679.2,500.1
True,REACHED,0.3000000000000001,0.3000000000000001,26315.210129869494,0.03404861505212864,0,30,218.2362097320341,6547.086291961023,0.01,20,0.2,Vanilla MPC,47,150,42,679.2,500.1
False,INFEASIBLE_STEP1,,0.0,0.0,2.461849058743562,1,0,5524.158667001757,5524.158667001757,0.01,20,0.2,Vanilla MPC,48,150,42,679.2,500.1
True,REACHED,0.2900000000000001,0.2900000000000001,22138.870786944826,0.005513635825582952,0,29,211.55431762022562,6135.0752109865425,0.01,20,0.2,Vanilla MPC,49,150,42,679.2,500.1
True,REACHED,0.2700000000000001,0.2700000000000001,13201.938443735675,1.557790749728838e-06,0,27,219.32777003827073,5921.84979103331,0.01,20,0.2,Vanilla MPC,50,150,42,679.2,500.1
False,INFEASIBLE_STEP1,,0.0,0.0,7.284807420628884,1,0,4529.247042009956,4529.247042009956,0.01,20,0.2,Vanilla MPC,51,150,42,679.2,500.1
True,REACHED,0.2900000000000001,0.2900000000000001,19977.77121766481,2.166411478654595e-06,0,29,190.93307903275328,5537.059291949845,0.01,20,0.2,Vanilla MPC,52,150,42,679.2,500.1
True,REACHED,0.2900000000000001,0.2900000000000001,24229.215577910527,0.024317094763706137,0,29,196.94597410401408,5711.433249016409,0.01,20,0.2,Vanilla MPC,53,150,42,679.2,500.1
True,REACHED,0.3100000000000001,0.3100000000000001,32082.1553014173,0.18186407104786007,0,31,208.7525926458071,6471.33037202002,0.01,20,0.2,Vanilla MPC,54,150,42,679.2,500.1
True,REACHED,0.24000000000000007,0.24000000000000007,6065.646252900856,4.076462051472163e-06,0,24,201.38043220625454,4833.130372950109,0.01,20,0.2,Vanilla MPC,55,150,42,679.2,500.1
True,REACHED,0.18000000000000002,0.18000000000000002,2963.051354558692,7.527185691756472,0,18,195.9450230529506,3527.0104149531107,0.01,20,0.2,Vanilla MPC,56,150,42,679.2,500.1
True,REACHED,0.3100000000000001,0.3100000000000001,32076.54034758129,0.18984256748041872,0,31,198.15347580644752,6142.757749999873,0.01,20,0.2,Vanilla MPC,57,150,42,679.2,500.1
False,INFEASIBLE_STEP1,,0.0,0.0,1.1647065787335578,1,0,3244.175166997593,3244.175166997593,0.01,20,0.2,Vanilla MPC,58,150,42,679.2,500.1
True,REACHED,0.09,0.09,1311.7242057377991,7.119835213414518,0,9,191.65338422559822,1724.880458030384,0.01,20,0.2,Vanilla MPC,59,150,42,679.2,500.1
False,INFEASIBLE_STEP1,,0.0,0.0,8.810351245553678,1,0,1818.8039579981705,1818.8039579981705,0.01,20,0.2,Vanilla MPC,60,150,42,679.2,500.1
True,REACHED,0.2900000000000001,0.2900000000000001,23534.524727385364,0.006149962018257682,0,29,175.02056172314292,5075.596289971145,0.01,20,0.2,Vanilla MPC,61,150,42,679.2,500.1
False,INFEASIBLE_STEP1,,0.0,0.0,3.8581685277299567,1,0,1877.0788749970961,1877.0788749970961,0.01,20,0.2,Vanilla MPC,62,150,42,679.2,500.1
True,REACHED,0.3000000000000001,0.3000000000000001,30116.0202379199,0.1409859716266979,0,30,163.93802230110546,4918.140669033164,0.01,20,0.2,Vanilla MPC,63,150,42,679.2,500.1
False,INFEASIBLE_STEP1,,0.0,0.0,4.872357911466046,1,0,3877.953957999125,3877.953957999125,0.01,20,0.2,Vanilla MPC,64,150,42,679.2,500.1
True,REACHED,0.3000000000000001,0.3000000000000001,24414.739834122607,0.02416536124868429,0,30,172.56524730085707,5176.957419025712,0.01,20,0.2,Vanilla MPC,65,150,42,679.2,500.1
True,REACHED,0.24000000000000007,0.24000000000000007,6216.711200139942,5.566776476751526,0,24,158.59015108435415,3806.1636260244995,0.01,20,0.2,Vanilla MPC,66,150,42,679.2,500.1
False,INFEASIBLE_STEP1,,0.0,0.0,8.719740636402017,1,0,2005.5714589980198,2005.5714589980198,0.01,20,0.2,Vanilla MPC,67,150,42,679.2,500.1
False,INFEASIBLE_STEP1,,0.0,0.0,6.0375127295075135,1,0,4232.522958001937,4232.522958001937,0.01,20,0.2,Vanilla MPC,68,150,42,679.2,500.1
True,REACHED,0.26000000000000006,0.26000000000000006,9659.222064740876,2.42683593776378,0,26,165.8922339232119,4313.19808200351,0.01,20,0.2,Vanilla MPC,69,150,42,679.2,500.1
False,INFEASIBLE_STEP1,,0.0,0.0,1.06990496215586,1,0,3247.93108299491,3247.93108299491,0.01,20,0.2,Vanilla MPC,70,150,42,679.2,500.1
True,REACHED,0.3000000000000001,0.3000000000000001,26196.530160936676,0.036168368624634795,0,30,178.53364719970463,5356.009415991139,0.01,20,0.2,Vanilla MPC,71,150,42,679.2,500.1
True,REACHED,0.26000000000000006,0.26000000000000006,8556.750003853733,1.9401551245579185e-06,0,26,169.14698407736768,4397.82158601156,0.01,20,0.2,Vanilla MPC,72,150,42,679.2,500.1
False,INFEASIBLE_STEP1,,0.0,0.0,4.942168700638075,1,0,2047.899832992698,2047.899832992698,0.01,20,0.2,Vanilla MPC,73,150,42,679.2,500.1
False,INFEASIBLE_STEP1,,0.0,0.0,3.6688213284376943,1,0,3384.3678340053884,3384.3678340053884,0.01,20,0.2,Vanilla MPC,74,150,42,679.2,500.1
True,REACHED,0.2800000000000001,0.2800000000000001,17899.201838808363,1.0657774645039808e-05,0,28,171.90435121561418,4813.321834037197,0.01,20,0.2,Vanilla MPC,75,150,42,679.2,500.1
True,REACHED,0.2900000000000001,0.2900000000000001,20715.206420024188,0.0005400346237163234,0,29,175.5878059650121,5092.046372985351,0.01,20,0.2,Vanilla MPC,76,150,42,679.2,500.1
True,REACHED,0.07,0.07,1073.5603970287764,10.237145095018379,0,7,170.85159514265666,1195.9611659985967,0.01,20,0.2,Vanilla MPC,77,150,42,679.2,500.1
True,REACHED,0.2900000000000001,0.2900000000000001,21446.624798894212,7.473045075201412e-06,0,29,168.77508327587717,4894.477415000438,0.01,20,0.2,Vanilla MPC,78,150,42,679.2,500.1
True,REACHED,0.3100000000000001,0.3100000000000001,32305.91501688255,0.17385074814581536,0,31,184.20611296953152,5710.389502055477,0.01,20,0.2,Vanilla MPC,79,150,42,679.2,500.1
True,REACHED,0.3100000000000001,0.3100000000000001,31390.41552195472,0.21640558589323966,0,31,189.18981319321546,5864.884208989679,0.01,20,0.2,Vanilla MPC,80,150,42,679.2,500.1
True,REACHED,0.2800000000000001,0.2800000000000001,17798.163488045888,2.1808486092567136e-06,0,28,198.63291374869212,5561.721584963379,0.01,20,0.2,Vanilla MPC,81,150,42,679.2,500.1
True,REACHED,0.2700000000000001,0.2700000000000001,11252.815624550203,1.1254896676859971e-06,0,27,181.05444440960935,4888.469999059453,0.01,20,0.2,Vanilla MPC,82,150,42,679.2,500.1
True,REACHED,0.09,0.09,1315.96832047274,8.464996271062246,0,9,140.53513422065103,1264.8162079858594,0.01,20,0.2,Vanilla MPC,83,150,42,679.2,500.1
True,REACHED,0.3000000000000001,0.3000000000000001,25412.974830451552,0.05374358980444427,0,30,177.2239055329313,5316.717165987939,0.01,20,0.2,Vanilla MPC,84,150,42,679.2,500.1
True,REACHED,0.3000000000000001,0.3000000000000001,27157.65707705555,0.09327436517724053,0,30,171.4546682026897,5143.640046080691,0.01,20,0.2,Vanilla MPC,85,150,42,679.2,500.1
True,REACHED,0.26000000000000006,0.26000000000000006,9962.154904196645,1.784933205123167,0,26,174.15945034848008,4528.145709060482,0.01,20,0.2,Vanilla MPC,86,150,42,679.2,500.1
True,REACHED,0.19000000000000003,0.19000000000000003,3297.4807611379038,6.3056460291675425,0,19,157.63266442043363,2995.020623988239,0.01,20,0.2,Vanilla MPC,87,150,42,679.2,500.1
True,REACHED,0.18000000000000002,0.18000000000000002,2831.187947104399,7.539119253765641,0,18,178.77201638718057,3217.8962949692504,0.01,20,0.2,Vanilla MPC,88,150,42,679.2,500.1
True,REACHED,0.2800000000000001,0.2800000000000001,18384.54736981625,4.445436077915588e-06,0,28,189.36006842964812,5302.081916030147,0.01,20,0.2,Vanilla MPC,89,150,42,679.2,500.1
True,REACHED,0.2800000000000001,0.2800000000000001,18965.706278431117,3.8008760530061636e-06,0,28,186.35802228735494,5218.024624045938,0.01,20,0.2,Vanilla MPC,90,150,42,679.2,500.1
True,REACHED,0.3100000000000001,0.3100000000000001,32783.093165795326,0.2975803322687707,0,31,198.76717745266373,6161.782501032576,0.01,20,0.2,Vanilla MPC,91,150,42,679.2,500.1
True,REACHED,0.2800000000000001,0.2800000000000001,14975.339605291188,1.312508006279245e-06,0,28,202.3002872509616,5664.408043026924,0.01,20,0.2,Vanilla MPC,92,150,42,679.2,500.1
False,INFEASIBLE_STEP1,,0.0,0.0,8.566338346170125,1,0,3619.1021249978803,3619.1021249978803,0.01,20,0.2,Vanilla MPC,93,150,42,679.2,500.1
True,REACHED,0.26000000000000006,0.26000000000000006,11170.199653078087,3.1535203461340666,0,26,163.15815700139726,4242.1120820363285,0.01,20,0.2,Vanilla MPC,94,150,42,679.2,500.1
True,REACHED,0.3000000000000001,0.3000000000000001,25465.00686049219,0.05236148803254004,0,30,188.57467900331054,5657.240370099316,0.01,20,0.2,Vanilla MPC,95,150,42,679.2,500.1
True,REACHED,0.21000000000000005,0.21000000000000005,4005.300413535615,3.5233140808223373,0,21,152.63985118958988,3205.4368749813875,0.01,20,0.2,Vanilla MPC,96,150,42,679.2,500.1
True,REACHED,0.26000000000000006,0.26000000000000006,10064.958789706545,2.5220242490917943,0,26,161.9710866529763,4211.248252977384,0.01,20,0.2,Vanilla MPC,97,150,42,679.2,500.1
True,REACHED,0.23000000000000007,0.23000000000000007,5988.544522667084,7.515690495955479,0,23,161.12324826130845,3705.8347100100946,0.01,20,0.2,Vanilla MPC,98,150,42,679.2,500.1
True,REACHED,0.18000000000000002,0.18000000000000002,3035.574018644306,9.195056624120408,0,18,164.19482644171998,2955.5068759509595,0.01,20,0.2,Vanilla MPC,99,150,42,679.2,500.1
False,INFEASIBLE_STEP1,,0.0,0.0,5.467834750689015,1,0,3249.9769579881104,3249.9769579881104,0.01,20,0.2,Vanilla MPC,100,150,42,679.2,500.1
True,REACHED,0.2900000000000001,0.2900000000000001,19153.33235536723,2.5645436796395416e-06,0,29,207.66714513843783,6022.347209014697,0.01,20,0.2,Vanilla MPC,101,150,42,679.2,500.1
True,REACHED,0.2800000000000001,0.2800000000000001,13265.586283631914,1.4437044431048207e-06,0,28,203.20506699915444,5689.741875976324,0.01,20,0.2,Vanilla MPC,102,150,42,679.2,500.1
True,REACHED,0.22000000000000006,0.22000000000000006,4932.426764954856,8.206406347027354,0,22,183.19634463444925,4030.319581957883,0.01,20,0.2,Vanilla MPC,103,150,42,679.2,500.1
True,REACHED,0.02,0.02,333.8007740187294,4.093382854282701,0,2,167.42304149374831,334.84608298749663,0.01,20,0.2,Vanilla MPC,104,150,42,679.2,500.1
True,REACHED,0.3000000000000001,0.3000000000000001,24819.655321768514,0.030347848060291227,0,30,186.99182786416108,5609.754835924832,0.01,20,0.2,Vanilla MPC,105,150,42,679.2,500.1
True,REACHED,0.07,0.07,1062.8476442338276,12.4062955668356,0,7,189.18749428329258,1324.312459983048,0.01,20,0.2,Vanilla MPC,106,150,42,679.2,500.1
True,REACHED,0.24000000000000007,0.24000000000000007,6462.264439517113,5.42773839816284,0,24,169.2461215837587,4061.9069180102088,0.01,20,0.2,Vanilla MPC,107,150,42,679.2,500.1
False,INFEASIBLE_STEP1,,0.0,0.0,5.869134596412604,1,0,2702.5161659985315,2702.5161659985315,0.01,20,0.2,Vanilla MPC,108,150,42,679.2,500.1
True,REACHED,0.3000000000000001,0.3000000000000001,26127.409478053905,0.07199001703919627,0,30,188.79140003409702,5663.742001022911,0.01,20,0.2,Vanilla MPC,109,150,42,679.2,500.1
True,REACHED,0.09,0.09,1303.7244530693101,2.0863017391406196,0,9,190.99721766542643,1718.974958988838,0.01,20,0.2,Vanilla MPC,110,150,42,679.2,500.1
False,INFEASIBLE_STEP1,,0.0,0.0,2.212258503216372,1,0,4136.787750001531,4136.787750001531,0.01,20,0.2,Vanilla MPC,111,150,42,679.2,500.1
False,INFEASIBLE_STEP1,,0.0,0.0,6.977318810255641,1,0,4146.85016599833,4146.85016599833,0.01,20,0.2,Vanilla MPC,112,150,42,679.2,500.1
True,REACHED,0.23000000000000007,0.23000000000000007,5190.6953637710085,2.80493903836998e-06,0,23,186.61357056407724,4292.112122973776,0.01,20,0.2,Vanilla MPC,113,150,42,679.2,500.1
True,REACHED,0.3000000000000001,0.3000000000000001,23450.98628491604,0.010145842141298544,0,30,177.6622638644767,5329.867915934301,0.01,20,0.2,Vanilla MPC,114,150,42,679.2,500.1
True,REACHED,0.2800000000000001,0.2800000000000001,14551.103131956335,2.2374499408783777e-06,0,28,189.4736934996867,5305.2634179912275,0.01,20,0.2,Vanilla MPC,115,150,42,679.2,500.1
True,REACHED,0.2700000000000001,0.2700000000000001,11664.79883760714,1.5389167369682184,0,27,179.33952155484198,4842.167081980733,0.01,20,0.2,Vanilla MPC,116,150,42,679.2,500.1
False,INFEASIBLE_STEP1,,0.0,0.0,5.38321204628278,1,0,1882.3594160057837,1882.3594160057837,0.01,20,0.2,Vanilla MPC,117,150,42,679.2,500.1
True,REACHED,0.25000000000000006,0.25000000000000006,8331.002098393748,3.349159589739779,0,25,159.55430823843926,3988.8577059609815,0.01,20,0.2,Vanilla MPC,118,150,42,679.2,500.1
False,INFEASIBLE_STEP1,,0.0,0.0,7.601190466813335,1,0,3209.543749995646,3209.543749995646,0.01,20,0.2,Vanilla MPC,119,150,42,679.2,500.1
True,REACHED,0.21000000000000005,0.21000000000000005,3621.0093969653,2.1955437513410683,0,21,157.17274004765343,3300.627541000722,0.01,20,0.2,Vanilla MPC,120,150,42,679.2,500.1
True,REACHED,0.2700000000000001,0.2700000000000001,12909.157630063299,1.0627450262035154e-06,0,27,181.71195370625895,4906.222750068991,0.01,20,0.2,Vanilla MPC,121,150,42,679.2,500.1
True,REACHED,0.060000000000000005,0.060000000000000005,859.0136916606009,3.1558479347366397,0,6,181.84255550052816,1091.055333003169,0.01,20,0.2,Vanilla MPC,122,150,42,679.2,500.1
True,REACHED,0.22000000000000006,0.22000000000000006,4709.926952000686,2.9246786336997728,0,22,171.01380672697402,3762.3037479934283,0.01,20,0.2,Vanilla MPC,123,150,42,679.2,500.1
True,REACHED,0.2900000000000001,0.2900000000000001,22708.573517807246,0.005799406571453503,0,29,182.78799710518294,5300.851916050306,0.01,20,0.2,Vanilla MPC,124,150,42,679.2,500.1
True,REACHED,0.2900000000000001,0.2900000000000001,18179.689636731764,8.277477991924798e-07,0,29,175.67293093327015,5094.5149970648345,0.01,20,0.2,Vanilla MPC,125,150,42,679.2,500.1
False,INFEASIBLE_STEP1,,0.0,0.0,5.2065736360211305,1,0,3138.7198339944007,3138.7198339944007,0.01,20,0.2,Vanilla MPC,126,150,42,679.2,500.1
True,REACHED,0.25000000000000006,0.25000000000000006,7170.33160011169,0.42702323329411485,0,25,164.12601668213028,4103.150417053257,0.01,20,0.2,Vanilla MPC,127,150,42,679.2,500.1
True,REACHED,0.09,0.09,1345.0699138798818,9.912769360899146,0,9,141.83289799742246,1276.496081976802,0.01,20,0.2,Vanilla MPC,128,150,42,679.2,500.1
False,INFEASIBLE_STEP1,,0.0,0.0,2.321975465507867,1,0,1151.1611249879934,1151.1611249879934,0.01,20,0.2,Vanilla MPC,129,150,42,679.2,500.1
True,REACHED,0.26000000000000006,0.26000000000000006,8374.029099022579,1.8754836182138384,0,26,151.97776930793995,3951.4220020064386,0.01,20,0.2,Vanilla MPC,130,150,42,679.2,500.1
True,REACHED,0.26000000000000006,0.26000000000000006,9000.994994236775,3.098594699673848,0,26,129.0851986537186,3356.2151649966836,0.01,20,0.2,Vanilla MPC,131,150,42,679.2,500.1
True,REACHED,0.22000000000000006,0.22000000000000006,4161.875450789127,2.786906954099777e-07,0,22,165.19493936423467,3634.2886660131626,0.01,20,0.2,Vanilla MPC,132,150,42,679.2,500.1
False,INFEASIBLE_STEP1,,0.0,0.0,4.576980161796696,1,0,2306.884458012064,2306.884458012064,0.01,20,0.2,Vanilla MPC,133,150,42,679.2,500.1
False,INFEASIBLE_STEP1,,0.0,0.0,5.945018170454648,1,0,1821.2998329981929,1821.2998329981929,0.01,20,0.2,Vanilla MPC,134,150,42,679.2,500.1
True,REACHED,0.3100000000000001,0.3100000000000001,30798.396418010514,0.20660659310130747,0,31,145.85565458072514,4521.52529200248,0.01,20,0.2,Vanilla MPC,135,150,42,679.2,500.1
True,REACHED,0.2900000000000001,0.2900000000000001,19523.31965403778,3.099025482455886e-06,0,29,153.7808663806886,4459.64512503997,0.01,20,0.2,Vanilla MPC,136,150,42,679.2,500.1
False,INFEASIBLE_STEP1,,0.0,0.0,6.378399664402607,1,0,3528.947667000466,3528.947667000466,0.01,20,0.2,Vanilla MPC,137,150,42,679.2,500.1
False,INFEASIBLE_STEP1,,0.0,0.0,1.5741215514493554,1,0,1417.2740840003826,1417.2740840003826,0.01,20,0.2,Vanilla MPC,138,150,42,679.2,500.1
True,REACHED,0.08,0.08,1127.203800537567,1.156406313534724,0,8,145.00807837612228,1160.0646270089783,0.01,20,0.2,Vanilla MPC,139,150,42,679.2,500.1
False,INFEASIBLE_STEP1,,0.0,0.0,3.7681746798407687,1,0,3321.6595420090016,3321.6595420090016,0.01,20,0.2,Vanilla MPC,140,150,42,679.2,500.1
True,REACHED,0.24000000000000007,0.24000000000000007,5722.037417037201,3.606567553264023,0,24,126.09627775054832,3026.31066601316,0.01,20,0.2,Vanilla MPC,141,150,42,679.2,500.1
True,REACHED,0.3000000000000001,0.3000000000000001,23487.663095945612,0.00955634471588418,0,30,136.68258750112727,4100.477625033818,0.01,20,0.2,Vanilla MPC,142,150,42,679.2,500.1
True,REACHED,0.26000000000000006,0.26000000000000006,8693.655404703448,0.7647479944025442,0,26,125.05347430795574,3251.3903320068493,0.01,20,0.2,Vanilla MPC,143,150,42,679.2,500.1
True,REACHED,0.2700000000000001,0.2700000000000001,11640.79978599575,1.789435440713305e-06,0,27,145.34334877788314,3924.2704170028446,0.01,20,0.2,Vanilla MPC,144,150,42,679.2,500.1
True,REACHED,0.18000000000000002,0.18000000000000002,2722.9763202130002,0.28704600216108567,0,18,146.68839583545275,2640.3911250381498,0.01,20,0.2,Vanilla MPC,145,150,42,679.2,500.1
True,REACHED,0.19000000000000003,0.19000000000000003,3077.8754980922263,6.966055068510519,0,19,128.91314900020677,2449.3498310039286,0.01,20,0.2,Vanilla MPC,146,150,42,679.2,500.1
True,REACHED,0.16,0.16,2508.2274700299663,8.38945953627948,0,16,121.46108868819283,1943.3774190110853,0.01,20,0.2,Vanilla MPC,147,150,42,679.2,500.1
True,REACHED,0.2800000000000001,0.2800000000000001,18479.49563941632,5.327540463895275e-06,0,28,129.6355284643401,3629.794797001523,0.01,20,0.2,Vanilla MPC,148,150,42,679.2,500.1
True,REACHED,0.26000000000000006,0.26000000000000006,8023.14651739195,1.5337821004379748e-06,0,26,107.52022907567712,2795.525955967605,0.01,20,0.2,Vanilla MPC,149,150,42,679.2,500.1
True,REACHED,0.6000000000000003,0.6000000000000003,6585.734866118055,3.292043579961046e-06,0,60,152.28781386613264,9137.268831967958,0.01,20,0.2,RA-MPC (ours),0,150,42,679.2,500.1
True,REACHED,0.5700000000000003,0.5700000000000003,4433.126802294252,3.7194309392418745e-06,0,57,154.80257822951228,8823.7469590822,0.01,20,0.2,RA-MPC (ours),1,150,42,679.2,500.1
True,REACHED,0.3100000000000001,0.3100000000000001,2249.6767831833345,3.4218477118486135e-06,0,31,165.5761035499088,5132.859210047172,0.01,20,0.2,RA-MPC (ours),2,150,42,679.2,500.1
True,REACHED,0.36000000000000015,0.36000000000000015,3310.8234316088856,1.6897181520647564e-06,0,36,158.17508916491838,5694.303209937061,0.01,20,0.2,RA-MPC (ours),3,150,42,679.2,500.1
True,REACHED,0.5600000000000003,0.5600000000000003,4151.208144070667,3.6153459745946748e-06,0,56,164.0123266957484,9184.69029496191,0.01,20,0.2,RA-MPC (ours),4,150,42,679.2,500.1
True,REACHED,0.6100000000000003,0.6100000000000003,7818.513762179742,2.033694258329888e-06,0,61,149.7851700656074,9136.895374002052,0.01,20,0.2,RA-MPC (ours),5,150,42,679.2,500.1
True,REACHED,0.16,0.16,1066.123273399511,0.02510554789389907,0,16,164.11345581309433,2625.8152930095093,0.01,20,0.2,RA-MPC (ours),6,150,42,679.2,500.1
False,INFEASIBLE_STEP1,,0.0,0.0,2.468290510110826,1,0,2181.991374993231,2181.991374993231,0.01,20,0.2,RA-MPC (ours),7,150,42,679.2,500.1
True,REACHED,0.5700000000000003,0.5700000000000003,4162.4579248714645,3.634332426116771e-06,0,57,164.41192842045749,9371.479919966077,0.01,20,0.2,RA-MPC (ours),8,150,42,679.2,500.1
True,REACHED,0.5400000000000003,0.5400000000000003,4169.483070745299,3.6572505432985736e-06,0,54,156.04629096277574,8426.49971198989,0.01,20,0.2,RA-MPC (ours),9,150,42,679.2,500.1
True,REACHED,0.49000000000000027,0.49000000000000027,4654.023124069216,1.548323403710583e-06,0,49,155.81851526595918,7635.107248032,0.01,20,0.2,RA-MPC (ours),10,150,42,679.2,500.1
True,REACHED,0.38000000000000017,0.38000000000000017,3538.649714188753,3.5429589910762616e-06,0,38,141.16247371145474,5364.1740010352805,0.01,20,0.2,RA-MPC (ours),11,150,42,679.2,500.1
True,REACHED,0.4300000000000002,0.4300000000000002,4422.3459880069095,3.137300446098834e-07,0,43,156.3532714424709,6723.190672026249,0.01,20,0.2,RA-MPC (ours),12,150,42,679.2,500.1
True,REACHED,0.2800000000000001,0.2800000000000001,1914.9438747712954,3.8033617624222416e-06,0,28,141.92789585701706,3973.9810839964775,0.01,20,0.2,RA-MPC (ours),13,150,42,679.2,500.1
True,REACHED,0.36000000000000015,0.36000000000000015,3431.36997413017,1.3121966624396464e-06,0,36,155.02626511119564,5580.945544003043,0.01,20,0.2,RA-MPC (ours),14,150,42,679.2,500.1
True,REACHED,0.23000000000000007,0.23000000000000007,1527.237070576954,3.0226755267648286e-06,0,23,165.5996159129047,3808.7911659968086,0.01,20,0.2,RA-MPC (ours),15,150,42,679.2,500.1
True,REACHED,0.46000000000000024,0.46000000000000024,5013.117118796767,2.60806046981088e-06,0,46,163.43585147779262,7518.049167978461,0.01,20,0.2,RA-MPC (ours),16,150,42,679.2,500.1
True,REACHED,0.48000000000000026,0.48000000000000026,4928.616764808859,3.5752644009789947e-06,0,48,166.567792626059,7995.254046050832,0.01,20,0.2,RA-MPC (ours),17,150,42,679.2,500.1
False,INFEASIBLE_STEP1,,0.0,0.0,6.331525845081824,1,0,1385.1867500052322,1385.1867500052322,0.01,20,0.2,RA-MPC (ours),18,150,42,679.2,500.1
True,REACHED,0.3000000000000001,0.3000000000000001,2346.0758836759614,2.1187913894493704e-06,0,30,146.68039720175634,4400.41191605269,0.01,20,0.2,RA-MPC (ours),19,150,42,679.2,500.1
True,REACHED,0.2800000000000001,0.2800000000000001,2372.5704605280853,2.52171207993025,0,28,138.8405357143451,3887.5350000016624,0.01,20,0.2,RA-MPC (ours),20,150,42,679.2,500.1
True,REACHED,0.34000000000000014,0.34000000000000014,2488.0514502069614,3.612829292620745e-06,0,34,180.4544570571606,6135.45153994346,0.01,20,0.2,RA-MPC (ours),21,150,42,679.2,500.1
True,REACHED,0.5600000000000003,0.5600000000000003,4032.332313637373,3.628675690592331e-06,0,56,188.3440096423458,10547.264539971366,0.01,20,0.2,RA-MPC (ours),22,150,42,679.2,500.1
True,REACHED,0.5600000000000003,0.5600000000000003,5065.571581104104,3.622893599342092e-06,0,56,191.20548444620258,10707.507128987345,0.01,20,0.2,RA-MPC (ours),23,150,42,679.2,500.1
True,REACHED,0.5300000000000002,0.5300000000000002,3971.5413084960933,3.7290102046227958e-06,0,53,202.14823109398702,10713.856247981312,0.01,20,0.2,RA-MPC (ours),24,150,42,679.2,500.1
True,REACHED,0.22000000000000006,0.22000000000000006,1602.6398449085007,5.453668698859433,0,22,121.32041486422003,2669.0491270128405,0.01,20,0.2,RA-MPC (ours),25,150,42,679.2,500.1
True,REACHED,0.6000000000000003,0.6000000000000003,5335.1521474707715,3.668591919137043e-06,0,60,218.3142082823906,13098.852496943437,0.01,20,0.2,RA-MPC (ours),26,150,42,679.2,500.1
True,REACHED,0.5200000000000002,0.5200000000000002,4232.622230846759,3.560332157093171e-06,0,52,200.7159415767931,10437.228961993242,0.01,20,0.2,RA-MPC (ours),27,150,42,679.2,500.1
False,INFEASIBLE_STEP1,,0.0,0.0,0.6518031476315489,1,0,2360.484374992666,2360.484374992666,0.01,20,0.2,RA-MPC (ours),28,150,42,679.2,500.1
False,INFEASIBLE_STEP1,,0.0,0.0,6.903769591464142,1,0,3552.392208002857,3552.392208002857,0.01,20,0.2,RA-MPC (ours),29,150,42,679.2,500.1
True,REACHED,0.6100000000000003,0.6100000000000003,6596.355296519191,3.2461950674189666e-06,0,61,181.27153562305526,11057.56367300637,0.01,20,0.2,RA-MPC (ours),30,150,42,679.2,500.1
True,REACHED,0.6900000000000004,0.6900000000000004,16491.995820109652,8.342130772831524e-07,0,69,174.03497456478468,12008.413244970143,0.01,20,0.2,RA-MPC (ours),31,150,42,679.2,500.1
True,REACHED,0.5400000000000003,0.5400000000000003,4130.706153345712,3.6163526431209903e-06,0,54,187.51669672228334,10125.901623003301,0.01,20,0.2,RA-MPC (ours),32,150,42,679.2,500.1
True,REACHED,0.5800000000000003,0.5800000000000003,4378.5170528110175,3.697951042269665e-06,0,58,190.9934999827689,11077.622999000596,0.01,20,0.2,RA-MPC (ours),33,150,42,679.2,500.1
False,INFEASIBLE_STEP1,,0.0,0.0,0.9076143207029546,1,0,2249.2086669954006,2249.2086669954006,0.01,20,0.2,RA-MPC (ours),34,150,42,679.2,500.1
True,REACHED,0.6000000000000003,0.6000000000000003,5522.707965197318,3.3770071183880646e-06,0,60,170.29389164963504,10217.633498978103,0.01,20,0.2,RA-MPC (ours),35,150,42,679.2,500.1
False,INFEASIBLE_STEP1,,0.0,0.0,0.21393171881601347,1,0,3636.2492500047665,3636.2492500047665,0.01,20,0.2,RA-MPC (ours),36,150,42,679.2,500.1
True,REACHED,0.48000000000000026,0.48000000000000026,4700.378938910633,2.945849207236506e-06,0,48,164.11544272887113,7877.541250985814,0.01,20,0.2,RA-MPC (ours),37,150,42,679.2,500.1
True,REACHED,0.3900000000000002,0.3900000000000002,3101.390959200444,3.640335537014039e-06,0,39,168.00402561448908,6552.156998965074,0.01,20,0.2,RA-MPC (ours),38,150,42,679.2,500.1
True,REACHED,0.5700000000000003,0.5700000000000003,5244.758858085111,3.6551891291480842e-06,0,57,164.05725656021102,9351.263623932027,0.01,20,0.2,RA-MPC (ours),39,150,42,679.2,500.1
True,REACHED,0.46000000000000024,0.46000000000000024,4078.6288882471476,3.512881757927744e-06,0,46,159.52428528322818,7338.117123028496,0.01,20,0.2,RA-MPC (ours),40,150,42,679.2,500.1
True,REACHED,0.5900000000000003,0.5900000000000003,4559.280573392267,3.413290849962891e-06,0,59,220.24302396719082,12994.33841406426,0.01,20,0.2,RA-MPC (ours),41,150,42,679.2,500.1
False,INFEASIBLE_STEP1,,0.0,0.0,6.4023864573850675,1,0,1001.537834003102,1001.537834003102,0.01,20,0.2,RA-MPC (ours),42,150,42,679.2,500.1
True,REACHED,0.6400000000000003,0.6400000000000003,10417.447545869882,5.616665887941963e-07,0,64,151.71592906244769,9709.819459996652,0.01,20,0.2,RA-MPC (ours),43,150,42,679.2,500.1
False,INFEASIBLE_STEP1,,0.0,0.0,8.907282684096504,1,0,2367.225249996409,2367.225249996409,0.01,20,0.2,RA-MPC (ours),44,150,42,679.2,500.1
True,REACHED,0.6900000000000004,0.6900000000000004,15806.17701854514,2.3934061665897843e-07,0,69,169.00546675395267,11661.377206022735,0.01,20,0.2,RA-MPC (ours),45,150,42,679.2,500.1
False,INFEASIBLE_STEP1,,0.0,0.0,8.285901132185032,1,0,1711.8419589969562,1711.8419589969562,0.01,20,0.2,RA-MPC (ours),46,150,42,679.2,500.1
True,REACHED,0.6000000000000003,0.6000000000000003,5447.568107947389,3.3064078284184006e-06,0,60,163.0191278833081,9781.147672998486,0.01,20,0.2,RA-MPC (ours),47,150,42,679.2,500.1
True,REACHED,0.6900000000000004,0.6900000000000004,16663.78617233832,6.280089213106521e-07,0,69,161.1151044637444,11116.942207998363,0.01,20,0.2,RA-MPC (ours),48,150,42,679.2,500.1
True,REACHED,0.5900000000000003,0.5900000000000003,5072.596185068234,3.4196760374527457e-06,0,59,171.16245047398448,10098.584577965084,0.01,20,0.2,RA-MPC (ours),49,150,42,679.2,500.1
True,REACHED,0.49000000000000027,0.49000000000000027,4374.414757001058,3.5411080929748096e-06,0,49,168.46649242833504,8254.858128988417,0.01,20,0.2,RA-MPC (ours),50,150,42,679.2,500.1
False,INFEASIBLE_STEP1,,0.0,0.0,7.284807420628884,1,0,3668.6401250044582,3668.6401250044582,0.01,20,0.2,RA-MPC (ours),51,150,42,679.2,500.1
True,REACHED,0.5700000000000003,0.5700000000000003,4335.157513516745,3.720464871292961e-06,0,57,167.98749491301766,9575.287210042006,0.01,20,0.2,RA-MPC (ours),52,150,42,679.2,500.1
True,REACHED,0.5900000000000003,0.5900000000000003,5144.53195802973,3.370768196120366e-06,0,59,163.37773162857786,9639.286166086094,0.01,20,0.2,RA-MPC (ours),53,150,42,679.2,500.1
False,INFEASIBLE_STEP1,,0.0,0.0,3.3639019517646176,1,0,2379.4826660014223,2379.4826660014223,0.01,20,0.2,RA-MPC (ours),54,150,42,679.2,500.1
True,REACHED,0.37000000000000016,0.37000000000000016,3010.7002355253353,3.4582392931525874e-06,0,37,175.92675224295817,6509.289832989452,0.01,20,0.2,RA-MPC (ours),55,150,42,679.2,500.1
True,REACHED,0.24000000000000007,0.24000000000000007,1806.7685078863492,6.086655247948597,0,24,132.50472579117437,3180.113418988185,0.01,20,0.2,RA-MPC (ours),56,150,42,679.2,500.1
True,REACHED,0.6100000000000003,0.6100000000000003,7253.2462201671715,1.982636359088019e-06,0,61,181.12713655745077,11048.755330004496,0.01,20,0.2,RA-MPC (ours),57,150,42,679.2,500.1
True,REACHED,0.6900000000000004,0.6900000000000004,17744.547928054497,3.6072922426910736e-07,0,69,188.22036779665328,12987.205377969076,0.01,20,0.2,RA-MPC (ours),58,150,42,679.2,500.1
True,REACHED,0.10999999999999999,0.10999999999999999,603.3009433368911,7.119835213414518,0,11,129.04211354510733,1419.4632489961805,0.01,20,0.2,RA-MPC (ours),59,150,42,679.2,500.1
False,INFEASIBLE_STEP1,,0.0,0.0,8.810351245553678,1,0,3593.813583996962,3593.813583996962,0.01,20,0.2,RA-MPC (ours),60,150,42,679.2,500.1
True,REACHED,0.5900000000000003,0.5900000000000003,4910.49867322122,3.6657932209749333e-06,0,59,194.8976806955416,11498.963161036954,0.01,20,0.2,RA-MPC (ours),61,150,42,679.2,500.1
True,REACHED,0.6200000000000003,0.6200000000000003,8591.994315701086,1.0255687534765912e-06,0,62,198.59325277479178,12312.78167203709,0.01,20,0.2,RA-MPC (ours),62,150,42,679.2,500.1
False,INFEASIBLE_STEP1,,0.0,0.0,1.2454751355341838,1,0,1768.9272499992512,1768.9272499992512,0.01,20,0.2,RA-MPC (ours),63,150,42,679.2,500.1
True,REACHED,0.6900000000000004,0.6900000000000004,15971.298552572656,1.4155945748939303e-07,0,69,182.6540272327754,12603.127879061503,0.01,20,0.2,RA-MPC (ours),64,150,42,679.2,500.1
True,REACHED,0.6000000000000003,0.6000000000000003,5194.636324460077,3.3856150203348534e-06,0,60,201.218146532968,12073.08879197808,0.01,20,0.2,RA-MPC (ours),65,150,42,679.2,500.1
True,REACHED,0.37000000000000016,0.37000000000000016,3437.471132979926,1.2884981863692246e-06,0,37,186.25586145994808,6891.466874018079,0.01,20,0.2,RA-MPC (ours),66,150,42,679.2,500.1
False,INFEASIBLE_STEP1,,0.0,0.0,8.719740636402017,1,0,2828.5777080018306,2828.5777080018306,0.01,20,0.2,RA-MPC (ours),67,150,42,679.2,500.1
False,INFEASIBLE_STEP1,,0.0,0.0,6.0375127295075135,1,0,1529.1104589996394,1529.1104589996394,0.01,20,0.2,RA-MPC (ours),68,150,42,679.2,500.1
True,REACHED,0.4300000000000002,0.4300000000000002,4286.886864436851,1.9391953021141717e-06,0,43,206.0546491864993,8860.34991501947,0.01,20,0.2,RA-MPC (ours),69,150,42,679.2,500.1
False,INFEASIBLE_STEP1,,0.0,0.0,1.06990496215586,1,0,952.3301250010263,952.3301250010263,0.01,20,0.2,RA-MPC (ours),70,150,42,679.2,500.1
True,REACHED,0.6000000000000003,0.6000000000000003,5405.120377099933,2.990246509071426e-06,0,60,187.57076459975602,11254.245875985362,0.01,20,0.2,RA-MPC (ours),71,150,42,679.2,500.1
True,REACHED,0.4200000000000002,0.4200000000000002,3479.4348819330185,3.6689595876993053e-06,0,42,220.9701528086693,9280.74641796411,0.01,20,0.2,RA-MPC (ours),72,150,42,679.2,500.1
True,REACHED,0.6100000000000003,0.6100000000000003,7598.347947347097,1.6365996202694078e-06,0,61,160.2434733437401,9774.851873968146,0.01,20,0.2,RA-MPC (ours),73,150,42,679.2,500.1
False,INFEASIBLE_STEP1,,0.0,0.0,3.6688213284376943,1,0,2552.547916013282,2552.547916013282,0.01,20,0.2,RA-MPC (ours),74,150,42,679.2,500.1
True,REACHED,0.5500000000000003,0.5500000000000003,4811.661282868087,3.6250574417806547e-06,0,55,160.5770340361315,8831.736871987232,0.01,20,0.2,RA-MPC (ours),75,150,42,679.2,500.1
True,REACHED,0.5800000000000003,0.5800000000000003,4382.187072694733,3.6556579274815704e-06,0,58,169.4101501903035,9825.788711037603,0.01,20,0.2,RA-MPC (ours),76,150,42,679.2,500.1
True,REACHED,0.09999999999999999,0.09999999999999999,619.5875105327682,8.927615875404548,0,10,134.32234590145526,1343.2234590145526,0.01,20,0.2,RA-MPC (ours),77,150,42,679.2,500.1
True,REACHED,0.5900000000000003,0.5900000000000003,5279.994939902177,3.6702054160286934e-06,0,59,165.58621540715941,9769.586709022406,0.01,20,0.2,RA-MPC (ours),78,150,42,679.2,500.1
True,REACHED,0.6100000000000003,0.6100000000000003,7300.214229146107,1.941478361189297e-06,0,61,153.73990300028456,9378.134083017358,0.01,20,0.2,RA-MPC (ours),79,150,42,679.2,500.1
True,REACHED,0.6100000000000003,0.6100000000000003,7011.512693325758,3.5916880882780333e-06,0,61,153.70244390238648,9375.849078045576,0.01,20,0.2,RA-MPC (ours),80,150,42,679.2,500.1
True,REACHED,0.5500000000000003,0.5500000000000003,4309.7828976880555,3.6098434641473887e-06,0,55,171.39990381758915,9426.994709967403,0.01,20,0.2,RA-MPC (ours),81,150,42,679.2,500.1
True,REACHED,0.46000000000000024,0.46000000000000024,3723.676559690308,3.4942475828358965e-06,0,46,175.23883160807284,8060.98625397135,0.01,20,0.2,RA-MPC (ours),82,150,42,679.2,500.1
True,REACHED,0.10999999999999999,0.10999999999999999,611.1932338766169,8.464996271062246,0,11,115.89948090576482,1274.894289963413,0.01,20,0.2,RA-MPC (ours),83,150,42,679.2,500.1
True,REACHED,0.6000000000000003,0.6000000000000003,5518.34656324958,2.9727844452764884e-06,0,60,215.41950838266834,12925.1705029601,0.01,20,0.2,RA-MPC (ours),84,150,42,679.2,500.1
False,INFEASIBLE_STEP1,,0.0,0.0,9.78066176672428,1,0,1872.0072080031969,1872.0072080031969,0.01,20,0.2,RA-MPC (ours),85,150,42,679.2,500.1
True,REACHED,0.4400000000000002,0.4400000000000002,4287.32230236787,3.3367243510440403e-06,0,44,168.92453115889856,7432.679370991536,0.01,20,0.2,RA-MPC (ours),86,150,42,679.2,500.1
True,REACHED,0.26000000000000006,0.26000000000000006,2059.2469406584187,4.398555490868679,0,26,147.7305128484239,3840.9933340590214,0.01,20,0.2,RA-MPC (ours),87,150,42,679.2,500.1
True,REACHED,0.25000000000000006,0.25000000000000006,1724.7450977127808,1.1764767491700923,0,25,143.96444996003993,3599.111249000998,0.01,20,0.2,RA-MPC (ours),88,150,42,679.2,500.1
True,REACHED,0.5600000000000003,0.5600000000000003,4362.6842740964885,3.6217195820142933e-06,0,56,146.69376399979228,8214.850783988368,0.01,20,0.2,RA-MPC (ours),89,150,42,679.2,500.1
True,REACHED,0.5700000000000003,0.5700000000000003,4759.256071773027,3.7151918306221887e-06,0,57,141.7259443855105,8078.378829974099,0.01,20,0.2,RA-MPC (ours),90,150,42,679.2,500.1
False,INFEASIBLE_STEP1,,0.0,0.0,9.401847096190563,1,0,1761.983333999524,1761.983333999524,0.01,20,0.2,RA-MPC (ours),91,150,42,679.2,500.1
True,REACHED,0.5200000000000002,0.5200000000000002,3924.5950628307014,3.581354169668316e-06,0,52,150.54087105762358,7828.1252949964255,0.01,20,0.2,RA-MPC (ours),92,150,42,679.2,500.1
True,REACHED,0.6100000000000003,0.6100000000000003,7429.22745155568,2.098196418387488e-06,0,61,146.35971108390416,8927.942376118153,0.01,20,0.2,RA-MPC (ours),93,150,42,679.2,500.1
True,REACHED,0.45000000000000023,0.45000000000000023,4759.840569045244,3.561934155627e-06,0,45,140.6354472218987,6328.595124985441,0.01,20,0.2,RA-MPC (ours),94,150,42,679.2,500.1
True,REACHED,0.6000000000000003,0.6000000000000003,5538.668622201732,2.9168682527114242e-06,0,60,150.08009378483015,9004.805627089809,0.01,20,0.2,RA-MPC (ours),95,150,42,679.2,500.1
True,REACHED,0.3100000000000001,0.3100000000000001,2382.0241175673505,1.537647595029057e-06,0,31,140.86205109666597,4366.723583996645,0.01,20,0.2,RA-MPC (ours),96,150,42,679.2,500.1
True,REACHED,0.4400000000000002,0.4400000000000002,4402.580638901635,2.6543269537881997e-06,0,44,136.8218626359356,6020.161955981166,0.01,20,0.2,RA-MPC (ours),97,150,42,679.2,500.1
True,REACHED,0.36000000000000015,0.36000000000000015,3465.6853120294904,1.3703600281189665e-06,0,36,134.32412391800122,4835.668461048044,0.01,20,0.2,RA-MPC (ours),98,150,42,679.2,500.1
True,REACHED,0.26000000000000006,0.26000000000000006,1883.5125824254694,1.549739571184329,0,26,108.70222277187098,2826.2577920686454,0.01,20,0.2,RA-MPC (ours),99,150,42,679.2,500.1
False,INFEASIBLE_STEP1,,0.0,0.0,5.467834750689015,1,0,1498.7352499883855,1498.7352499883855,0.01,20,0.2,RA-MPC (ours),100,150,42,679.2,500.1
True,REACHED,0.5700000000000003,0.5700000000000003,4293.614708490324,3.6754063312827157e-06,0,57,174.75988956300026,9961.313705091015,0.01,20,0.2,RA-MPC (ours),101,150,42,679.2,500.1
True,REACHED,0.49000000000000027,0.49000000000000027,3875.1161260965628,3.6661230531365163e-06,0,49,162.74716320527213,7974.610997058335,0.01,20,0.2,RA-MPC (ours),102,150,42,679.2,500.1
True,REACHED,0.3300000000000001,0.3300000000000001,3037.8857800511464,1.500136265875085e-06,0,33,133.39487748673878,4402.0309570623795,0.01,20,0.2,RA-MPC (ours),103,150,42,679.2,500.1
True,REACHED,0.03,0.03,162.02117484254163,4.093382854282701,0,3,119.73377766844351,359.2013330053305,0.01,20,0.2,RA-MPC (ours),104,150,42,679.2,500.1
True,REACHED,0.6000000000000003,0.6000000000000003,5193.59082905952,3.6515135306558477e-06,0,60,181.21931115044086,10873.158669026452,0.01,20,0.2,RA-MPC (ours),105,150,42,679.2,500.1
True,REACHED,0.09,0.09,519.1901626222701,12.4062955668356,0,9,129.57970833586944,1166.2173750228249,0.01,20,0.2,RA-MPC (ours),106,150,42,679.2,500.1
True,REACHED,0.37000000000000016,0.37000000000000016,3523.2419705157845,1.2614083590989367e-06,0,37,150.86087043321615,5581.852206028998,0.01,20,0.2,RA-MPC (ours),107,150,42,679.2,500.1
False,INFEASIBLE_STEP1,,0.0,0.0,5.869134596412604,1,0,1483.5118749906542,1483.5118749906542,0.01,20,0.2,RA-MPC (ours),108,150,42,679.2,500.1
False,INFEASIBLE_STEP1,,0.0,0.0,9.63931396039544,1,0,3536.3257079879986,3536.3257079879986,0.01,20,0.2,RA-MPC (ours),109,150,42,679.2,500.1
True,REACHED,0.10999999999999999,0.10999999999999999,585.2963839425412,2.0863017391406196,0,11,140.32027654254554,1543.523041968001,0.01,20,0.2,RA-MPC (ours),110,150,42,679.2,500.1
False,INFEASIBLE_STEP1,,0.0,0.0,2.212258503216372,1,0,3543.1231670081615,3543.1231670081615,0.01,20,0.2,RA-MPC (ours),111,150,42,679.2,500.1
True,REACHED,0.6200000000000003,0.6200000000000003,8615.225846612453,9.825105049543481e-07,0,62,184.60444146776646,11445.475371001521,0.01,20,0.2,RA-MPC (ours),112,150,42,679.2,500.1
True,REACHED,0.35000000000000014,0.35000000000000014,2742.0352449593124,3.62832150457848e-06,0,35,153.78115834319033,5382.3405420116615,0.01,20,0.2,RA-MPC (ours),113,150,42,679.2,500.1
True,REACHED,0.5900000000000003,0.5900000000000003,4741.9042213023195,3.7433138189157944e-06,0,59,185.58456501686726,10949.489335995167,0.01,20,0.2,RA-MPC (ours),114,150,42,679.2,500.1
True,REACHED,0.5100000000000002,0.5100000000000002,4772.774233008817,3.5557396902419214e-06,0,51,185.80738074339095,9476.176417912939,0.01,20,0.2,RA-MPC (ours),115,150,42,679.2,500.1
True,REACHED,0.46000000000000024,0.46000000000000024,4619.860856922053,3.50459099074385e-06,0,46,180.1319484777354,8286.069629975827,0.01,20,0.2,RA-MPC (ours),116,150,42,679.2,500.1
True,REACHED,0.6900000000000004,0.6900000000000004,17562.06372048445,1.2719297615149117e-08,0,69,161.46412133315133,11141.024371987442,0.01,20,0.2,RA-MPC (ours),117,150,42,679.2,500.1
True,REACHED,0.4100000000000002,0.4100000000000002,4007.685543403571,3.567570127316344e-06,0,41,179.50235668210618,7359.596623966354,0.01,20,0.2,RA-MPC (ours),118,150,42,679.2,500.1
False,INFEASIBLE_STEP1,,0.0,0.0,7.601190466813335,1,0,1901.59287500137,1901.59287500137,0.01,20,0.2,RA-MPC (ours),119,150,42,679.2,500.1
True,REACHED,0.3000000000000001,0.3000000000000001,2165.80377516384,1.5376448967430179e-06,0,30,204.1454235324636,6124.362705973908,0.01,20,0.2,RA-MPC (ours),120,150,42,679.2,500.1
True,REACHED,0.49000000000000027,0.49000000000000027,3880.8880545529555,3.5184459790116307e-06,0,49,184.15093112455406,9023.395625103149,0.01,20,0.2,RA-MPC (ours),121,150,42,679.2,500.1
True,REACHED,0.07,0.07,334.8740582227781,3.1558479347366397,0,7,219.8958391465047,1539.270874025533,0.01,20,0.2,RA-MPC (ours),122,150,42,679.2,500.1
True,REACHED,0.3100000000000001,0.3100000000000001,3037.8272388950368,0.11329880879265453,0,31,139.48243425787246,4323.955461994046,0.01,20,0.2,RA-MPC (ours),123,150,42,679.2,500.1
True,REACHED,0.5900000000000003,0.5900000000000003,4849.149008141416,3.735350292188855e-06,0,59,147.0802986961829,8677.73762307479,0.01,20,0.2,RA-MPC (ours),124,150,42,679.2,500.1
True,REACHED,0.5600000000000003,0.5600000000000003,4056.5334529600887,3.6689182092430883e-06,0,56,154.03654982063537,8626.04678995558,0.01,20,0.2,RA-MPC (ours),125,150,42,679.2,500.1
False,INFEASIBLE_STEP1,,0.0,0.0,5.2065736360211305,1,0,1671.3476250006352,1671.3476250006352,0.01,20,0.2,RA-MPC (ours),126,150,42,679.2,500.1
True,REACHED,0.3900000000000002,0.3900000000000002,3439.2523748146928,3.546473148929863e-06,0,39,137.87197969288218,5377.007208022405,0.01,20,0.2,RA-MPC (ours),127,150,42,679.2,500.1
True,REACHED,0.11999999999999998,0.11999999999999998,678.6438784055177,9.912769360899146,0,12,121.22378475154012,1454.6854170184815,0.01,20,0.2,RA-MPC (ours),128,150,42,679.2,500.1
True,REACHED,0.6900000000000004,0.6900000000000004,16563.741601605016,1.0207901226522154e-06,0,69,133.36630134785926,9202.274793002289,0.01,20,0.2,RA-MPC (ours),129,150,42,679.2,500.1
True,REACHED,0.4100000000000002,0.4100000000000002,3888.9261478516783,3.549297503013804e-06,0,41,127.14915331658942,5213.115285980166,0.01,20,0.2,RA-MPC (ours),130,150,42,679.2,500.1
True,REACHED,0.4200000000000002,0.4200000000000002,4189.285201729085,2.9431713937100312e-06,0,42,130.12918857012187,5465.425919945119,0.01,20,0.2,RA-MPC (ours),131,150,42,679.2,500.1
True,REACHED,0.3200000000000001,0.3200000000000001,2346.0726777718637,3.699375712429287e-06,0,32,127.50951431189606,4080.3044579806738,0.01,20,0.2,RA-MPC (ours),132,150,42,679.2,500.1
False,INFEASIBLE_STEP1,,0.0,0.0,4.576980161796696,1,0,1481.6016250115354,1481.6016250115354,0.01,20,0.2,RA-MPC (ours),133,150,42,679.2,500.1
False,INFEASIBLE_STEP1,,0.0,0.0,5.945018170454648,1,0,1687.1414170018397,1687.1414170018397,0.01,20,0.2,RA-MPC (ours),134,150,42,679.2,500.1
True,REACHED,0.6100000000000003,0.6100000000000003,6844.308280464291,2.373822812984372e-06,0,61,138.13290850747927,8426.107418956235,0.01,20,0.2,RA-MPC (ours),135,150,42,679.2,500.1
True,REACHED,0.5700000000000003,0.5700000000000003,4548.449534246457,3.6421578588630155e-06,0,57,142.35830110530452,8114.423163002357,0.01,20,0.2,RA-MPC (ours),136,150,42,679.2,500.1
False,INFEASIBLE_STEP1,,0.0,0.0,6.378399664402607,1,0,2124.8919580102665,2124.8919580102665,0.01,20,0.2,RA-MPC (ours),137,150,42,679.2,500.1
False,INFEASIBLE_STEP1,,0.0,0.0,1.5741215514493554,1,0,1596.0086659906665,1596.0086659906665,0.01,20,0.2,RA-MPC (ours),138,150,42,679.2,500.1
True,REACHED,0.09,0.09,452.54116405468545,1.156406313534724,0,9,114.35083799814392,1029.1575419832952,0.01,20,0.2,RA-MPC (ours),139,150,42,679.2,500.1
False,INFEASIBLE_STEP1,,0.0,0.0,3.7681746798407687,1,0,1355.679833010072,1355.679833010072,0.01,20,0.2,RA-MPC (ours),140,150,42,679.2,500.1
True,REACHED,0.36000000000000015,0.36000000000000015,3122.938775310224,3.4215433615258917e-06,0,36,133.69767019402286,4813.1161269848235,0.01,20,0.2,RA-MPC (ours),141,150,42,679.2,500.1
True,REACHED,0.5900000000000003,0.5900000000000003,4757.627871215531,3.739261654089887e-06,0,59,160.35792227070857,9461.117413971806,0.01,20,0.2,RA-MPC (ours),142,150,42,679.2,500.1
True,REACHED,0.4200000000000002,0.4200000000000002,3879.2230205473684,1.2927574655208218e-06,0,42,147.24724797581854,6184.384414984379,0.01,20,0.2,RA-MPC (ours),143,150,42,679.2,500.1
True,REACHED,0.47000000000000025,0.47000000000000025,3795.0000715410697,3.64167021515982e-06,0,47,148.34295825393713,6972.119037935045,0.01,20,0.2,RA-MPC (ours),144,150,42,679.2,500.1
True,REACHED,0.25000000000000006,0.25000000000000006,1678.7591402350952,2.2506584063108903e-06,0,25,135.54649496159982,3388.6623740399955,0.01,20,0.2,RA-MPC (ours),145,150,42,679.2,500.1
True,REACHED,0.26000000000000006,0.26000000000000006,1888.6686175474958,0.4074437036070826,0,26,129.6905192295806,3371.953499969095,0.01,20,0.2,RA-MPC (ours),146,150,42,679.2,500.1
True,REACHED,0.23000000000000007,0.23000000000000007,1541.9596291997536,2.581595441090734,0,23,110.78283686821005,2548.005247968831,0.01,20,0.2,RA-MPC (ours),147,150,42,679.2,500.1
True,REACHED,0.5600000000000003,0.5600000000000003,4593.045408070573,3.6179284013115875e-06,0,56,114.25267932151785,6398.150042005,0.01,20,0.2,RA-MPC (ours),148,150,42,679.2,500.1
True,REACHED,0.4100000000000002,0.4100000000000002,3320.559073509381,3.648671917488855e-06,0,41,125.62586792756053,5150.660585029982,0.01,20,0.2,RA-MPC (ours),149,150,42,679.2,500.1
True,REACHED,0.3,0.3,32877.238109066624,0.7540677734903465,0,15,137.7649500684735,2066.4742510271026,0.02,10,0.2,Vanilla MPC,0,150,42,679.2,500.1
True,REACHED,0.27999999999999997,0.27999999999999997,20752.585388950112,0.014351600001905496,0,14,135.7611667855443,1900.6563349976204,0.02,10,0.2,Vanilla MPC,1,150,42,679.2,500.1
True,REACHED,0.19999999999999998,0.19999999999999998,4860.155213142427,2.24438938532699,0,10,127.55632929911371,1275.5632929911371,0.02,10,0.2,Vanilla MPC,2,150,42,679.2,500.1
True,REACHED,0.21999999999999997,0.21999999999999997,7002.355118093799,7.867776114179545,0,11,113.26377281776249,1245.9015009953873,0.02,10,0.2,Vanilla MPC,3,150,42,679.2,500.1
False,INFEASIBLE_MID,,0.19999999999999998,20131.282720216117,-4.700528934975523e-06,1,10,450.6952954556751,4957.648250012426,0.02,10,0.2,Vanilla MPC,4,150,42,679.2,500.1
False,INFEASIBLE_STEP1,,0.0,0.0,6.005765507230717,1,0,2121.6390000045067,2121.6390000045067,0.02,10,0.2,Vanilla MPC,5,150,42,679.2,500.1
True,REACHED,0.1,0.1,2357.5103264432682,2.7920752261547204,0,5,102.16705800266936,510.8352900133468,0.02,10,0.2,Vanilla MPC,6,150,42,679.2,500.1
False,INFEASIBLE_STEP1,,0.0,0.0,2.468290510110826,1,0,2827.4294159928104,2827.4294159928104,0.02,10,0.2,Vanilla MPC,7,150,42,679.2,500.1
False,INFEASIBLE_MID,,0.19999999999999998,20984.98181500708,-1.4383750835733622e-05,1,10,426.5367498182141,4691.904248000355,0.02,10,0.2,Vanilla MPC,8,150,42,679.2,500.1
True,REACHED,0.27999999999999997,0.27999999999999997,18217.4576361069,6.445672454447049e-06,0,14,125.80074099865409,1761.2103739811573,0.02,10,0.2,Vanilla MPC,9,150,42,679.2,500.1
True,REACHED,0.25999999999999995,0.25999999999999995,14482.30509405965,3.1281157491599307,0,13,117.44577577225685,1526.795085039339,0.02,10,0.2,Vanilla MPC,10,150,42,679.2,500.1
True,REACHED,0.23999999999999996,0.23999999999999996,7880.669032247445,6.532080048224568,0,12,108.24457275036063,1298.9348730043275,0.02,10,0.2,Vanilla MPC,11,150,42,679.2,500.1
True,REACHED,0.23999999999999996,0.23999999999999996,10828.97230777296,6.610947231160918,0,12,102.93685783350763,1235.2422940020915,0.02,10,0.2,Vanilla MPC,12,150,42,679.2,500.1
True,REACHED,0.18,0.18,4177.672471375534,1.0724636121020659,0,9,106.1544952212393,955.3904569911538,0.02,10,0.2,Vanilla MPC,13,150,42,679.2,500.1
True,REACHED,0.21999999999999997,0.21999999999999997,7058.392411484868,9.114086211750688,0,11,106.29951517991934,1169.2946669791127,0.02,10,0.2,Vanilla MPC,14,150,42,679.2,500.1
True,REACHED,0.14,0.14,3251.970903646561,4.199994745965778,0,7,123.33805957002498,863.3664169901749,0.02,10,0.2,Vanilla MPC,15,150,42,679.2,500.1
True,REACHED,0.25999999999999995,0.25999999999999995,12848.044325400306,1.6578833051841446,0,13,104.12407369137956,1353.6129579879344,0.02,10,0.2,Vanilla MPC,16,150,42,679.2,500.1
True,REACHED,0.25999999999999995,0.25999999999999995,13900.971933826166,4.8328119640715,0,13,109.25011853956116,1420.251541014295,0.02,10,0.2,Vanilla MPC,17,150,42,679.2,500.1
False,INFEASIBLE_STEP1,,0.0,0.0,6.331525845081824,1,0,2490.4696669982513,2490.4696669982513,0.02,10,0.2,Vanilla MPC,18,150,42,679.2,500.1
True,REACHED,0.18,0.18,4704.1162746435875,9.631972410360682,0,9,92.72503233417713,834.5252910075942,0.02,10,0.2,Vanilla MPC,19,150,42,679.2,500.1
True,REACHED,0.18,0.18,4678.219429704328,4.756826137054517,0,9,88.60744433412846,797.4669990071561,0.02,10,0.2,Vanilla MPC,20,150,42,679.2,500.1
True,REACHED,0.21999999999999997,0.21999999999999997,5731.9877759103865,-1.9616182456161368e-07,0,11,118.59157190801025,1304.5072909881128,0.02,10,0.2,Vanilla MPC,21,150,42,679.2,500.1
False,INFEASIBLE_MID,,0.19999999999999998,19636.666149904486,-7.551033222696901e-06,1,10,423.74894308952867,4661.238373984816,0.02,10,0.2,Vanilla MPC,22,150,42,679.2,500.1
True,REACHED,0.27999999999999997,0.27999999999999997,20305.34234473121,1.830986837190558,0,14,98.75541057096727,1382.5757479935419,0.02,10,0.2,Vanilla MPC,23,150,42,679.2,500.1
True,REACHED,0.27999999999999997,0.27999999999999997,17514.22155040992,2.4963234608321727e-06,0,14,97.75373207022702,1368.5522489831783,0.02,10,0.2,Vanilla MPC,24,150,42,679.2,500.1
True,REACHED,0.16,0.16,3527.9108716992564,5.453668698859433,0,8,76.46209899758105,611.6967919806484,0.02,10,0.2,Vanilla MPC,25,150,42,679.2,500.1
True,REACHED,0.3,0.3,28316.52122859372,0.22179314908887449,0,15,108.84957213226396,1632.7435819839593,0.02,10,0.2,Vanilla MPC,26,150,42,679.2,500.1
True,REACHED,0.25999999999999995,0.25999999999999995,16498.146750073094,1.4400883618037597e-05,0,13,112.52550322835584,1462.831541968626,0.02,10,0.2,Vanilla MPC,27,150,42,679.2,500.1
False,INFEASIBLE_STEP1,,0.0,0.0,0.6518031476315489,1,0,1605.8754580008099,1605.8754580008099,0.02,10,0.2,Vanilla MPC,28,150,42,679.2,500.1
True,REACHED,0.3,0.3,33895.22174453729,0.856984251463885,0,15,130.05176953447517,1950.7765430171276,0.02,10,0.2,Vanilla MPC,29,150,42,679.2,500.1
True,REACHED,0.3,0.3,31547.928281870965,0.7123223395952554,0,15,124.29279180166002,1864.3918770249002,0.02,10,0.2,Vanilla MPC,30,150,42,679.2,500.1
False,INFEASIBLE_STEP1,,0.0,0.0,3.93893625862001,1,0,3052.043749994482,3052.043749994482,0.02,10,0.2,Vanilla MPC,31,150,42,679.2,500.1
True,REACHED,0.27999999999999997,0.27999999999999997,18455.75253965102,4.371296878247222e-06,0,14,115.57286300064463,1618.020082009025,0.02,10,0.2,Vanilla MPC,32,150,42,679.2,500.1
True,REACHED,0.27999999999999997,0.27999999999999997,22553.709911895377,0.041668103488639474,0,14,118.9789048543649,1665.7046679611085,0.02,10,0.2,Vanilla MPC,33,150,42,679.2,500.1
False,INFEASIBLE_STEP1,,0.0,0.0,0.9076143207029546,1,0,2255.9053750010207,2255.9053750010207,0.02,10,0.2,Vanilla MPC,34,150,42,679.2,500.1
True,REACHED,0.3,0.3,27903.94015420025,0.22180733440403344,0,15,132.90180560046187,1993.527084006928,0.02,10,0.2,Vanilla MPC,35,150,42,679.2,500.1
False,INFEASIBLE_STEP1,,0.0,0.0,0.21393171881601347,1,0,833.5662500030594,833.5662500030594,0.02,10,0.2,Vanilla MPC,36,150,42,679.2,500.1
True,REACHED,0.25999999999999995,0.25999999999999995,14383.815721675113,3.5925418969744474,0,13,109.81066023277191,1427.5385830260348,0.02,10,0.2,Vanilla MPC,37,150,42,679.2,500.1
True,REACHED,0.23999999999999996,0.23999999999999996,8150.923430733897,4.742756615883081e-06,0,12,135.61631916672923,1627.3958300007507,0.02,10,0.2,Vanilla MPC,38,150,42,679.2,500.1
True,REACHED,0.27999999999999997,0.27999999999999997,21640.356905406614,2.10336918633951,0,14,126.95817271742271,1777.414418043918,0.02,10,0.2,Vanilla MPC,39,150,42,679.2,500.1
True,REACHED,0.25999999999999995,0.25999999999999995,12848.40174641706,1.264184853866368e-05,0,13,125.09259938423594,1626.2037919950671,0.02,10,0.2,Vanilla MPC,40,150,42,679.2,500.1
True,REACHED,0.27999999999999997,0.27999999999999997,24305.714678811677,0.0454915627916197,0,14,138.58336907183653,1940.1671670057112,0.02,10,0.2,Vanilla MPC,41,150,42,679.2,500.1
False,INFEASIBLE_STEP1,,0.0,0.0,6.4023864573850675,1,0,1321.8094589974498,1321.8094589974498,0.02,10,0.2,Vanilla MPC,42,150,42,679.2,500.1
False,INFEASIBLE_STEP1,,0.0,0.0,7.793851896772557,1,0,4203.304208000191,4203.304208000191,0.02,10,0.2,Vanilla MPC,43,150,42,679.2,500.1
False,INFEASIBLE_STEP1,,0.0,0.0,8.907282684096504,1,0,4482.017834001454,4482.017834001454,0.02,10,0.2,Vanilla MPC,44,150,42,679.2,500.1
False,INFEASIBLE_STEP1,,0.0,0.0,4.861647865421469,1,0,4561.816708010156,4561.816708010156,0.02,10,0.2,Vanilla MPC,45,150,42,679.2,500.1
False,INFEASIBLE_STEP1,,0.0,0.0,8.285901132185032,1,0,4543.888290994801,4543.888290994801,0.02,10,0.2,Vanilla MPC,46,150,42,679.2,500.1
True,REACHED,0.3,0.3,28390.45734402032,0.1910267272168067,0,15,143.39648626725344,2150.9472940088017,0.02,10,0.2,Vanilla MPC,47,150,42,679.2,500.1
False,INFEASIBLE_STEP1,,0.0,0.0,2.461849058743562,1,0,4429.738416001783,4429.738416001783,0.02,10,0.2,Vanilla MPC,48,150,42,679.2,500.1
True,REACHED,0.27999999999999997,0.27999999999999997,23790.864071684962,0.05259150907133581,0,14,169.3962827141929,2371.5479579987004,0.02,10,0.2,Vanilla MPC,49,150,42,679.2,500.1
True,REACHED,0.25999999999999995,0.25999999999999995,14628.917290621368,0.7468047999326703,0,13,132.22284292099246,1718.8969579729019,0.02,10,0.2,Vanilla MPC,50,150,42,679.2,500.1
False,INFEASIBLE_STEP1,,0.0,0.0,7.284807420628884,1,0,3771.694041992305,3771.694041992305,0.02,10,0.2,Vanilla MPC,51,150,42,679.2,500.1
True,REACHED,0.27999999999999997,0.27999999999999997,21540.77421700029,0.03643725897349803,0,14,123.76681842787158,1732.7354579902021,0.02,10,0.2,Vanilla MPC,52,150,42,679.2,500.1
True,REACHED,0.27999999999999997,0.27999999999999997,26095.16392098502,0.15637474909055804,0,14,129.29354457342666,1810.109624027973,0.02,10,0.2,Vanilla MPC,53,150,42,679.2,500.1
True,REACHED,0.3,0.3,33972.84421937056,0.6383284317986515,0,15,134.6841000680191,2020.2615010202862,0.02,10,0.2,Vanilla MPC,54,150,42,679.2,500.1
True,REACHED,0.21999999999999997,0.21999999999999997,7056.050202771949,1.2333540568595982,0,11,138.687568003661,1525.563248040271,0.02,10,0.2,Vanilla MPC,55,150,42,679.2,500.1
True,REACHED,0.16,0.16,3805.4575153446026,7.527185691756472,0,8,118.69223950088781,949.5379160071025,0.02,10,0.2,Vanilla MPC,56,150,42,679.2,500.1
True,REACHED,0.3,0.3,33969.75928740232,0.6754503816808111,0,15,144.7506582674881,2171.2598740123212,0.02,10,0.2,Vanilla MPC,57,150,42,679.2,500.1
False,INFEASIBLE_STEP1,,0.0,0.0,1.1647065787335578,1,0,1619.0542920085136,1619.0542920085136,0.02,10,0.2,Vanilla MPC,58,150,42,679.2,500.1
True,REACHED,0.08,0.08,1770.6304897100372,7.119835213414518,0,4,148.81415625131922,595.2566250052769,0.02,10,0.2,Vanilla MPC,59,150,42,679.2,500.1
False,INFEASIBLE_STEP1,,0.0,0.0,8.810351245553678,1,0,2541.5842910006177,2541.5842910006177,0.02,10,0.2,Vanilla MPC,60,150,42,679.2,500.1
True,REACHED,0.27999999999999997,0.27999999999999997,25348.67516884441,0.16784439300789877,0,14,128.35555950005073,1796.9778330007102,0.02,10,0.2,Vanilla MPC,61,150,42,679.2,500.1
False,INFEASIBLE_STEP1,,0.0,0.0,3.8581685277299567,1,0,3536.11054099747,3536.11054099747,0.02,10,0.2,Vanilla MPC,62,150,42,679.2,500.1
True,REACHED,0.3,0.3,32198.658058477882,0.6818108821345543,0,15,137.93339446710888,2069.0009170066332,0.02,10,0.2,Vanilla MPC,63,150,42,679.2,500.1
False,INFEASIBLE_STEP1,,0.0,0.0,4.872357911466046,1,0,3707.3302080098074,3707.3302080098074,0.02,10,0.2,Vanilla MPC,64,150,42,679.2,500.1
True,REACHED,0.27999999999999997,0.27999999999999997,26258.541379703136,0.15749425871236156,0,14,128.3420147124811,1796.7882059747353,0.02,10,0.2,Vanilla MPC,65,150,42,679.2,500.1
True,REACHED,0.21999999999999997,0.21999999999999997,7191.94415803709,8.516075283152842,0,11,118.3376816360661,1301.714497996727,0.02,10,0.2,Vanilla MPC,66,150,42,679.2,500.1
False,INFEASIBLE_STEP1,,0.0,0.0,8.719740636402017,1,0,1329.8640839930158,1329.8640839930158,0.02,10,0.2,Vanilla MPC,67,150,42,679.2,500.1
False,INFEASIBLE_STEP1,,0.0,0.0,6.0375127295075135,1,0,1605.012625004747,1605.012625004747,0.02,10,0.2,Vanilla MPC,68,150,42,679.2,500.1
True,REACHED,0.23999999999999996,0.23999999999999996,10808.657690097916,5.56981789984157,0,12,112.45595483099653,1349.4714579719584,0.02,10,0.2,Vanilla MPC,69,150,42,679.2,500.1
False,INFEASIBLE_STEP1,,0.0,0.0,1.06990496215586,1,0,1610.0510410033166,1610.0510410033166,0.02,10,0.2,Vanilla MPC,70,150,42,679.2,500.1
True,REACHED,0.3,0.3,28280.414519521793,0.20078611978687277,0,15,108.51268893262993,1627.6903339894488,0.02,10,0.2,Vanilla MPC,71,150,42,679.2,500.1
True,REACHED,0.23999999999999996,0.23999999999999996,9697.66142229849,6.834802450228494e-06,0,12,98.97757266905198,1187.7308720286237,0.02,10,0.2,Vanilla MPC,72,150,42,679.2,500.1
False,INFEASIBLE_STEP1,,0.0,0.0,4.942168700638075,1,0,1058.0742500023916,1058.0742500023916,0.02,10,0.2,Vanilla MPC,73,150,42,679.2,500.1
False,INFEASIBLE_STEP1,,0.0,0.0,3.6688213284376943,1,0,2354.808125004638,2354.808125004638,0.02,10,0.2,Vanilla MPC,74,150,42,679.2,500.1
True,REACHED,0.27999999999999997,0.27999999999999997,19734.34081035965,0.606378136035385,0,14,86.07148506832475,1205.0007909565466,0.02,10,0.2,Vanilla MPC,75,150,42,679.2,500.1
True,REACHED,0.27999999999999997,0.27999999999999997,22236.865355892038,0.03939024847275441,0,14,92.34348514395866,1292.8087920154212,0.02,10,0.2,Vanilla MPC,76,150,42,679.2,500.1
True,REACHED,0.06,0.06,1516.6043734611353,10.732730056043678,0,3,126.93005532491952,380.79016597475857,0.02,10,0.2,Vanilla MPC,77,150,42,679.2,500.1
True,REACHED,0.27999999999999997,0.27999999999999997,23384.007612108588,1.0327535630338893,0,14,86.39334528561449,1209.5068339986028,0.02,10,0.2,Vanilla MPC,78,150,42,679.2,500.1
True,REACHED,0.3,0.3,34203.66299840682,0.5823472877858578,0,15,89.52765559855227,1342.9148339782842,0.02,10,0.2,Vanilla MPC,79,150,42,679.2,500.1
True,REACHED,0.3,0.3,33450.06822939551,0.8918691494365998,0,15,91.63288893566157,1374.4933340349235,0.02,10,0.2,Vanilla MPC,80,150,42,679.2,500.1
True,REACHED,0.27999999999999997,0.27999999999999997,19752.1177871773,0.008708447537262742,0,14,94.51016085742074,1323.1422520038905,0.02,10,0.2,Vanilla MPC,81,150,42,679.2,500.1
True,REACHED,0.25999999999999995,0.25999999999999995,12580.570245499035,5.8008527048514225e-06,0,13,88.315971000926,1148.107623012038,0.02,10,0.2,Vanilla MPC,82,150,42,679.2,500.1
True,REACHED,0.08,0.08,1784.6044068413212,8.464996271062246,0,4,78.50483300353517,314.0193320141407,0.02,10,0.2,Vanilla MPC,83,150,42,679.2,500.1
True,REACHED,0.3,0.3,27436.87720753793,0.21677128003933,0,15,92.21521686801377,1383.2282530202065,0.02,10,0.2,Vanilla MPC,84,150,42,679.2,500.1
True,REACHED,0.3,0.3,29209.755420195375,0.537927878805414,0,15,76.2894305352044,1144.341458028066,0.02,10,0.2,Vanilla MPC,85,150,42,679.2,500.1
True,REACHED,0.25999999999999995,0.25999999999999995,11148.935882858057,4.891415314332402,0,13,77.79832038235887,1011.3781649706652,0.02,10,0.2,Vanilla MPC,86,150,42,679.2,500.1
True,REACHED,0.18,0.18,4240.695429582746,6.3056460291675425,0,9,84.57774533760838,761.1997080384754,0.02,10,0.2,Vanilla MPC,87,150,42,679.2,500.1
True,REACHED,0.16,0.16,3720.0891628649774,9.926971242372147,0,8,82.03446337392961,656.2757069914369,0.02,10,0.2,Vanilla MPC,88,150,42,679.2,500.1
True,REACHED,0.27999999999999997,0.27999999999999997,20309.72689121687,0.013485023236560423,0,14,88.94479449684566,1245.2271229558391,0.02,10,0.2,Vanilla MPC,89,150,42,679.2,500.1
True,REACHED,0.27999999999999997,0.27999999999999997,20995.406167650883,0.04397738931654871,0,14,83.6829017155521,1171.5606240177294,0.02,10,0.2,Vanilla MPC,90,150,42,679.2,500.1
True,REACHED,0.3,0.3,35062.86712094028,1.2272761563287435,0,15,90.887083200505,1363.306248007575,0.02,10,0.2,Vanilla MPC,91,150,42,679.2,500.1
False,INFEASIBLE_MID,,0.18,16542.63377443917,-3.7424164212040978e-06,1,9,295.1808626006823,2951.808626006823,0.02,10,0.2,Vanilla MPC,92,150,42,679.2,500.1
False,INFEASIBLE_STEP1,,0.0,0.0,8.566338346170125,1,0,2170.499041007133,2170.499041007133,0.02,10,0.2,Vanilla MPC,93,150,42,679.2,500.1
True,REACHED,0.25999999999999995,0.25999999999999995,12396.226889964673,5.300507797429201,0,13,82.29363130745836,1069.8172069969587,0.02,10,0.2,Vanilla MPC,94,150,42,679.2,500.1
True,REACHED,0.3,0.3,27489.804640244256,0.23874328696764557,0,15,90.80903873060986,1362.1355809591478,0.02,10,0.2,Vanilla MPC,95,150,42,679.2,500.1
True,REACHED,0.19999999999999998,0.19999999999999998,4973.10449402108,6.231243032547637,0,10,88.49543339892989,884.9543339892989,0.02,10,0.2,Vanilla MPC,96,150,42,679.2,500.1
True,REACHED,0.25999999999999995,0.25999999999999995,11256.149509248602,5.630404276537485,0,13,87.14824046182912,1132.9271260037785,0.02,10,0.2,Vanilla MPC,97,150,42,679.2,500.1
True,REACHED,0.21999999999999997,0.21999999999999997,6996.5661114457,8.040638617497528,0,11,76.69533345192163,843.6486679711379,0.02,10,0.2,Vanilla MPC,98,150,42,679.2,500.1
True,REACHED,0.16,0.16,3949.124074279217,11.310722798998263,0,8,79.35810400158516,634.8648320126813,0.02,10,0.2,Vanilla MPC,99,150,42,679.2,500.1
False,INFEASIBLE_STEP1,,0.0,0.0,5.467834750689015,1,0,694.3351249938132,694.3351249938132,0.02,10,0.2,Vanilla MPC,100,150,42,679.2,500.1
True,REACHED,0.27999999999999997,0.27999999999999997,20845.5767360247,0.03412354082717428,0,14,111.79513385910208,1565.1318740274291,0.02,10,0.2,Vanilla MPC,101,150,42,679.2,500.1
True,REACHED,0.25999999999999995,0.25999999999999995,14746.33788797303,1.4230430629424973e-06,0,13,107.11939092456865,1392.5520820193924,0.02,10,0.2,Vanilla MPC,102,150,42,679.2,500.1
True,REACHED,0.19999999999999998,0.19999999999999998,5885.90052919316,8.206406347027354,0,10,107.35846669995226,1073.5846669995226,0.02,10,0.2,Vanilla MPC,103,150,42,679.2,500.1
True,REACHED,0.02,0.02,505.53716728417794,4.093382854282701,0,1,119.46124999667518,119.46124999667518,0.02,10,0.2,Vanilla MPC,104,150,42,679.2,500.1
True,REACHED,0.3,0.3,26843.538147209456,0.17900113709542786,0,15,110.670830666398,1660.0624599959701,0.02,10,0.2,Vanilla MPC,105,150,42,679.2,500.1
True,REACHED,0.08,0.08,1748.8779612018047,12.4062955668356,0,4,95.08254175307229,380.33016701228917,0.02,10,0.2,Vanilla MPC,106,150,42,679.2,500.1
True,REACHED,0.21999999999999997,0.21999999999999997,7440.948431933208,8.368960988436472,0,11,104.36624245432375,1148.0286669975612,0.02,10,0.2,Vanilla MPC,107,150,42,679.2,500.1
False,INFEASIBLE_STEP1,,0.0,0.0,5.869134596412604,1,0,2467.463166001835,2467.463166001835,0.02,10,0.2,Vanilla MPC,108,150,42,679.2,500.1
True,REACHED,0.3,0.3,28374.798889037163,0.3223550350172104,0,15,120.71370833436958,1810.7056250155438,0.02,10,0.2,Vanilla MPC,109,150,42,679.2,500.1
True,REACHED,0.08,0.08,1735.4812429669719,2.0863017391406196,0,4,127.55331274820492,510.21325099281967,0.02,10,0.2,Vanilla MPC,110,150,42,679.2,500.1
False,INFEASIBLE_STEP1,,0.0,0.0,2.212258503216372,1,0,2515.539959000307,2515.539959000307,0.02,10,0.2,Vanilla MPC,111,150,42,679.2,500.1
False,INFEASIBLE_STEP1,,0.0,0.0,6.977318810255641,1,0,1077.902124990942,1077.902124990942,0.02,10,0.2,Vanilla MPC,112,150,42,679.2,500.1
True,REACHED,0.21999999999999997,0.21999999999999997,6173.021781869549,1.8928658124810216,0,11,98.98514772992877,1088.8366250292165,0.02,10,0.2,Vanilla MPC,113,150,42,679.2,500.1
True,REACHED,0.27999999999999997,0.27999999999999997,25239.467157604307,0.0978513505206493,0,14,129.5927291409628,1814.2982079734793,0.02,10,0.2,Vanilla MPC,114,150,42,679.2,500.1
True,REACHED,0.25999999999999995,0.25999999999999995,16030.978301482908,2.6156285495901592,0,13,109.76521792494728,1426.9478330243146,0.02,10,0.2,Vanilla MPC,115,150,42,679.2,500.1
True,REACHED,0.25999999999999995,0.25999999999999995,12922.556225079117,4.6643206143283145,0,13,114.2434679260567,1485.165083038737,0.02,10,0.2,Vanilla MPC,116,150,42,679.2,500.1
False,INFEASIBLE_STEP1,,0.0,0.0,5.38321204628278,1,0,2345.70370799338,2345.70370799338,0.02,10,0.2,Vanilla MPC,117,150,42,679.2,500.1
True,REACHED,0.23999999999999996,0.23999999999999996,9438.347540535286,6.369302206594673,0,12,109.59775691905331,1315.1730830286397,0.02,10,0.2,Vanilla MPC,118,150,42,679.2,500.1
False,INFEASIBLE_STEP1,,0.0,0.0,7.601190466813335,1,0,1700.8330420067068,1700.8330420067068,0.02,10,0.2,Vanilla MPC,119,150,42,679.2,500.1
True,REACHED,0.18,0.18,4532.189853254135,5.210784905005916,0,9,107.83993055520114,970.5593749968102,0.02,10,0.2,Vanilla MPC,120,150,42,679.2,500.1
True,REACHED,0.25999999999999995,0.25999999999999995,14366.079955926834,2.406599509896523e-06,0,13,125.34120200255599,1629.435626033228,0.02,10,0.2,Vanilla MPC,121,150,42,679.2,500.1
True,REACHED,0.06,0.06,1257.7882408962262,3.1558479347366397,0,3,102.03047233517282,306.09141700551845,0.02,10,0.2,Vanilla MPC,122,150,42,679.2,500.1
True,REACHED,0.19999999999999998,0.19999999999999998,5646.149133184515,2.9246786336997728,0,10,97.82512910023797,978.2512910023797,0.02,10,0.2,Vanilla MPC,123,150,42,679.2,500.1
True,REACHED,0.27999999999999997,0.27999999999999997,24423.975800647735,0.13774165777522107,0,14,115.49258042837859,1616.8961259973003,0.02,10,0.2,Vanilla MPC,124,150,42,679.2,500.1
False,INFEASIBLE_MID,,0.19999999999999998,19862.73181830209,-8.151636377462523e-06,1,10,549.6922689979493,6046.614958977443,0.02,10,0.2,Vanilla MPC,125,150,42,679.2,500.1
False,INFEASIBLE_STEP1,,0.0,0.0,5.2065736360211305,1,0,895.4046250000829,895.4046250000829,0.02,10,0.2,Vanilla MPC,126,150,42,679.2,500.1
True,REACHED,0.23999999999999996,0.23999999999999996,8228.689565063325,3.453972689407413,0,12,119.17218383314321,1430.0662059977185,0.02,10,0.2,Vanilla MPC,127,150,42,679.2,500.1
True,REACHED,0.08,0.08,1835.9668263297808,9.912769360899146,0,4,87.33650025169482,349.34600100677926,0.02,10,0.2,Vanilla MPC,128,150,42,679.2,500.1
False,INFEASIBLE_STEP1,,0.0,0.0,2.321975465507867,1,0,2333.3595840085763,2333.3595840085763,0.02,10,0.2,Vanilla MPC,129,150,42,679.2,500.1
True,REACHED,0.23999999999999996,0.23999999999999996,9472.1981106512,5.026271939532506,0,12,126.2787083311802,1515.3444999741623,0.02,10,0.2,Vanilla MPC,130,150,42,679.2,500.1
True,REACHED,0.23999999999999996,0.23999999999999996,10122.794259478933,6.271322181802365,0,12,117.74004158360185,1412.8804990032222,0.02,10,0.2,Vanilla MPC,131,150,42,679.2,500.1
True,REACHED,0.19999999999999998,0.19999999999999998,5101.081682663892,1.9399441764463194,0,10,115.59349989693146,1155.9349989693146,0.02,10,0.2,Vanilla MPC,132,150,42,679.2,500.1
False,INFEASIBLE_STEP1,,0.0,0.0,4.576980161796696,1,0,2544.2951660079416,2544.2951660079416,0.02,10,0.2,Vanilla MPC,133,150,42,679.2,500.1
False,INFEASIBLE_STEP1,,0.0,0.0,5.945018170454648,1,0,3767.1991249953862,3767.1991249953862,0.02,10,0.2,Vanilla MPC,134,150,42,679.2,500.1
True,REACHED,0.3,0.3,32716.58946171912,0.8334100587124738,0,15,135.1513250003336,2027.269875005004,0.02,10,0.2,Vanilla MPC,135,150,42,679.2,500.1
True,REACHED,0.27999999999999997,0.27999999999999997,21335.970704394316,0.010124360972644908,0,14,132.50993164339368,1855.1390430075116,0.02,10,0.2,Vanilla MPC,136,150,42,679.2,500.1
False,INFEASIBLE_STEP1,,0.0,0.0,6.378399664402607,1,0,3964.395875009359,3964.395875009359,0.02,10,0.2,Vanilla MPC,137,150,42,679.2,500.1
False,INFEASIBLE_STEP1,,0.0,0.0,1.5741215514493554,1,0,1878.449499999988,1878.449499999988,0.02,10,0.2,Vanilla MPC,138,150,42,679.2,500.1
True,REACHED,0.08,0.08,1607.930843045321,1.156406313534724,0,4,158.23641650058562,632.9456660023425,0.02,10,0.2,Vanilla MPC,139,150,42,679.2,500.1
False,INFEASIBLE_STEP1,,0.0,0.0,3.7681746798407687,1,0,3693.335208998178,3693.335208998178,0.02,10,0.2,Vanilla MPC,140,150,42,679.2,500.1
True,REACHED,0.21999999999999997,0.21999999999999997,6694.611141022991,6.65652014181499,0,11,146.54171954713422,1611.9589150184765,0.02,10,0.2,Vanilla MPC,141,150,42,679.2,500.1
True,REACHED,0.27999999999999997,0.27999999999999997,25278.455860705777,0.13497854103394857,0,14,130.49195543135284,1826.8873760389397,0.02,10,0.2,Vanilla MPC,142,150,42,679.2,500.1
True,REACHED,0.23999999999999996,0.23999999999999996,9812.954343389225,3.872687255472904,0,12,122.9912084187769,1475.8945010253228,0.02,10,0.2,Vanilla MPC,143,150,42,679.2,500.1
True,REACHED,0.25999999999999995,0.25999999999999995,12995.37813513184,4.4073424358970215e-06,0,13,94.04532715248374,1222.5892529822886,0.02,10,0.2,Vanilla MPC,144,150,42,679.2,500.1
True,REACHED,0.16,0.16,3636.282667528723,2.844113432227692,0,8,114.39367187631433,915.1493750105146,0.02,10,0.2,Vanilla MPC,145,150,42,679.2,500.1
True,REACHED,0.16,0.16,3945.854352368223,9.750561796678204,0,8,106.27836975072569,850.2269580058055,0.02,10,0.2,Vanilla MPC,146,150,42,679.2,500.1
True,REACHED,0.14,0.14,3337.677570964812,10.393648987025035,0,7,107.12819042756954,749.8973329929868,0.02,10,0.2,Vanilla MPC,147,150,42,679.2,500.1
True,REACHED,0.27999999999999997,0.27999999999999997,20466.53673466672,1.9900834971053882e-05,0,14,63.17854185596973,884.4995859835763,0.02,10,0.2,Vanilla MPC,148,150,42,679.2,500.1
True,REACHED,0.23999999999999996,0.23999999999999996,9143.739501376007,7.526909927335623e-06,0,12,61.767496582130356,741.2099589855643,0.02,10,0.2,Vanilla MPC,149,150,42,679.2,500.1
True,REACHED,0.5400000000000001,0.5400000000000001,9863.712183337107,2.055729133587647e-06,0,27,115.50144748212512,3118.539082017378,0.02,10,0.2,RA-MPC (ours),0,150,42,679.2,500.1
True,REACHED,0.48000000000000015,0.48000000000000015,6616.80288333167,8.697161195669878e-07,0,24,100.09649820979878,2402.315957035171,0.02,10,0.2,RA-MPC (ours),1,150,42,679.2,500.1
True,REACHED,0.25999999999999995,0.25999999999999995,2770.8239068147577,2.9716839637927706e-06,0,13,116.2396186152294,1511.1150419979822,0.02,10,0.2,RA-MPC (ours),2,150,42,679.2,500.1
True,REACHED,0.32,0.32,4165.393200077529,2.229051238700208e-06,0,16,97.74560681216826,1563.9297089946922,0.02,10,0.2,RA-MPC (ours),3,150,42,679.2,500.1
True,REACHED,0.48000000000000015,0.48000000000000015,6289.852189015406,6.295380972076714e-06,0,24,94.56050350005778,2269.4520840013865,0.02,10,0.2,RA-MPC (ours),4,150,42,679.2,500.1
False,INFEASIBLE_STEP1,,0.0,0.0,6.005765507230717,1,0,1495.5198329989798,1495.5198329989798,0.02,10,0.2,RA-MPC (ours),5,150,42,679.2,500.1
True,REACHED,0.14,0.14,1309.2897050106774,0.08663856056550046,0,7,119.62553000401905,837.3787100281334,0.02,10,0.2,RA-MPC (ours),6,150,42,679.2,500.1
True,REACHED,0.5400000000000001,0.5400000000000001,12592.553583679397,1.3387841161005554e-05,0,27,95.28896296170488,2572.801999966032,0.02,10,0.2,RA-MPC (ours),7,150,42,679.2,500.1
True,REACHED,0.48000000000000015,0.48000000000000015,6315.325112678782,6.962872518556651e-06,0,24,102.2647361229853,2454.353666951647,0.02,10,0.2,RA-MPC (ours),8,150,42,679.2,500.1
True,REACHED,0.4400000000000001,0.4400000000000001,6189.45221278759,6.710146543298379e-06,0,22,96.7523086351734,2128.550789973815,0.02,10,0.2,RA-MPC (ours),9,150,42,679.2,500.1
True,REACHED,0.4000000000000001,0.4000000000000001,6443.986227624704,6.290982332401995e-06,0,20,83.48706885080901,1669.7413770161802,0.02,10,0.2,RA-MPC (ours),10,150,42,679.2,500.1
True,REACHED,0.34,0.34,4527.735646230131,2.0445822723758056e-06,0,17,84.16437270609416,1430.7943360036006,0.02,10,0.2,RA-MPC (ours),11,150,42,679.2,500.1
True,REACHED,0.36000000000000004,0.36000000000000004,5806.267449101887,3.284155766891672e-06,0,18,74.28910888928739,1337.203960007173,0.02,10,0.2,RA-MPC (ours),12,150,42,679.2,500.1
True,REACHED,0.23999999999999996,0.23999999999999996,2331.8260142765726,3.061119805636281e-06,0,12,90.70026049933706,1088.4031259920448,0.02,10,0.2,RA-MPC (ours),13,150,42,679.2,500.1
True,REACHED,0.32,0.32,4284.095959005694,2.9546718920414605e-06,0,16,84.15338543727557,1346.4541669964092,0.02,10,0.2,RA-MPC (ours),14,150,42,679.2,500.1
True,REACHED,0.19999999999999998,0.19999999999999998,1847.1188969421553,-5.648865961660476e-07,0,10,76.17958350019762,761.7958350019762,0.02,10,0.2,RA-MPC (ours),15,150,42,679.2,500.1
True,REACHED,0.38000000000000006,0.38000000000000006,6622.692221698825,2.881792763531621e-06,0,19,86.31844089464529,1640.0503769982606,0.02,10,0.2,RA-MPC (ours),16,150,42,679.2,500.1
True,REACHED,0.4000000000000001,0.4000000000000001,6663.120936773944,4.5066088620870914e-06,0,20,91.89563144973363,1837.9126289946726,0.02,10,0.2,RA-MPC (ours),17,150,42,679.2,500.1
True,REACHED,0.5400000000000001,0.5400000000000001,12439.752944456459,1.2917013130220312e-05,0,27,88.8900261839067,2400.030706965481,0.02,10,0.2,RA-MPC (ours),18,150,42,679.2,500.1
True,REACHED,0.25999999999999995,0.25999999999999995,2836.1088308322446,0.023702191537356754,0,13,70.92909299983428,922.0782089978456,0.02,10,0.2,RA-MPC (ours),19,150,42,679.2,500.1
True,REACHED,0.23999999999999996,0.23999999999999996,2763.7960315460923,4.557471931554863,0,12,77.03140975233207,924.3769170279847,0.02,10,0.2,RA-MPC (ours),20,150,42,679.2,500.1
True,REACHED,0.3,0.3,3160.6645038649817,5.8610186233210015e-06,0,15,90.88585006732804,1363.2877510099206,0.02,10,0.2,RA-MPC (ours),21,150,42,679.2,500.1
True,REACHED,0.46000000000000013,0.46000000000000013,6101.427159567827,7.696902066811617e-06,0,23,96.20191678328885,2212.6440860156436,0.02,10,0.2,RA-MPC (ours),22,150,42,679.2,500.1
True,REACHED,0.46000000000000013,0.46000000000000013,7231.362238888722,7.873794389823274e-06,0,23,93.01867943419063,2139.4296269863844,0.02,10,0.2,RA-MPC (ours),23,150,42,679.2,500.1
True,REACHED,0.4400000000000001,0.4400000000000001,5957.972133027425,6.3427651930680895e-06,0,22,98.50905118351379,2167.1991260373034,0.02,10,0.2,RA-MPC (ours),24,150,42,679.2,500.1
True,REACHED,0.19999999999999998,0.19999999999999998,1903.600576474985,5.453668698859433,0,10,99.16466249997029,991.6466249997029,0.02,10,0.2,RA-MPC (ours),25,150,42,679.2,500.1
False,INFEASIBLE_MID,,0.32,7299.712112403146,-1.0622024637640948e-05,1,16,229.66937488372957,3904.379373023403,0.02,10,0.2,RA-MPC (ours),26,150,42,679.2,500.1
True,REACHED,0.4400000000000001,0.4400000000000001,6196.184922264161,6.9611794835111596e-06,0,22,98.31948300085391,2163.028626018786,0.02,10,0.2,RA-MPC (ours),27,150,42,679.2,500.1
False,INFEASIBLE_STEP1,,0.0,0.0,0.6518031476315489,1,0,946.0373339970829,946.0373339970829,0.02,10,0.2,RA-MPC (ours),28,150,42,679.2,500.1
True,REACHED,0.5400000000000001,0.5400000000000001,10732.502022944864,7.166070373543221e-06,0,27,101.60231170367398,2743.2624159991974,0.02,10,0.2,RA-MPC (ours),29,150,42,679.2,500.1
False,INFEASIBLE_MID,,0.36000000000000004,8940.080622278947,-4.807537184348121e-06,1,18,141.10996715776548,2681.0893759975443,0.02,10,0.2,RA-MPC (ours),30,150,42,679.2,500.1
False,INFEASIBLE_MID,,0.5000000000000001,23639.271431785983,-4.335434888069756e-05,1,25,197.7775064985438,5142.215168962139,0.02,10,0.2,RA-MPC (ours),31,150,42,679.2,500.1
True,REACHED,0.46000000000000013,0.46000000000000013,6183.510177797823,3.2131245628619354e-06,0,23,102.61985134718049,2360.2565809851512,0.02,10,0.2,RA-MPC (ours),32,150,42,679.2,500.1
False,INFEASIBLE_MID,,0.27999999999999997,6247.477351047172,-1.017436600747601e-06,1,14,218.2569277336976,3273.8539160054643,0.02,10,0.2,RA-MPC (ours),33,150,42,679.2,500.1
False,INFEASIBLE_MID,,0.4400000000000001,16003.51549874145,-2.769918467393495e-05,1,22,231.92828800086357,5334.350624019862,0.02,10,0.2,RA-MPC (ours),34,150,42,679.2,500.1
False,INFEASIBLE_MID,,0.34,7587.617806742284,-2.822931806534257e-06,1,17,187.65388205550457,3377.769876999082,0.02,10,0.2,RA-MPC (ours),35,150,42,679.2,500.1
False,INFEASIBLE_MID,,0.4400000000000001,15991.971867106986,-3.100500538799622e-05,1,22,233.1038478694846,5361.388500998146,0.02,10,0.2,RA-MPC (ours),36,150,42,679.2,500.1
True,REACHED,0.4000000000000001,0.4000000000000001,6486.62564076456,6.329666868865047e-06,0,20,98.88269799994305,1977.653959998861,0.02,10,0.2,RA-MPC (ours),37,150,42,679.2,500.1
True,REACHED,0.34,0.34,4167.638441098649,6.8530402081989905e-06,0,17,107.40840441105641,1825.942874987959,0.02,10,0.2,RA-MPC (ours),38,150,42,679.2,500.1
True,REACHED,0.48000000000000015,0.48000000000000015,7501.877838639261,6.5496768399953e-06,0,24,115.75697916547749,2778.1674999714596,0.02,10,0.2,RA-MPC (ours),39,150,42,679.2,500.1
True,REACHED,0.4000000000000001,0.4000000000000001,5755.749457320869,6.178945398005453e-06,0,20,117.90147910069209,2358.0295820138417,0.02,10,0.2,RA-MPC (ours),40,150,42,679.2,500.1
True,REACHED,0.5000000000000001,0.5000000000000001,6883.591441834752,4.85315567999578e-06,0,25,124.559274961357,3113.981874033925,0.02,10,0.2,RA-MPC (ours),41,150,42,679.2,500.1
False,INFEASIBLE_MID,,0.46000000000000013,18354.571691149726,-3.0602744260477266e-05,1,23,193.8339825822671,4652.01558197441,0.02,10,0.2,RA-MPC (ours),42,150,42,679.2,500.1
False,INFEASIBLE_MID,,0.4400000000000001,15439.957439094915,-1.0078764226761905e-05,1,22,204.52051100121184,4703.971753027872,0.02,10,0.2,RA-MPC (ours),43,150,42,679.2,500.1
True,REACHED,0.5400000000000001,0.5400000000000001,12087.360167328732,1.1778376503457366e-05,0,27,118.73697681585327,3205.8983740280382,0.02,10,0.2,RA-MPC (ours),44,150,42,679.2,500.1
False,INFEASIBLE_MID,,0.5000000000000001,22850.387228965814,-3.781256292256785e-05,1,25,200.6204550757852,5216.131831970415,0.02,10,0.2,RA-MPC (ours),45,150,42,679.2,500.1
True,REACHED,0.5600000000000002,0.5600000000000002,15958.878324691419,1.1457845207729633e-05,0,28,111.32912953533898,3117.2156269894913,0.02,10,0.2,RA-MPC (ours),46,150,42,679.2,500.1
True,REACHED,0.5200000000000001,0.5200000000000001,8125.742466244548,6.583265356852053e-06,0,26,118.18037350111318,3072.689711028943,0.02,10,0.2,RA-MPC (ours),47,150,42,679.2,500.1
False,INFEASIBLE_MID,,0.5000000000000001,23845.882033614605,-4.4822289037682594e-05,1,25,183.825475885197,4779.462373015122,0.02,10,0.2,RA-MPC (ours),48,150,42,679.2,500.1
True,REACHED,0.5000000000000001,0.5000000000000001,7444.574902673465,-2.903808926646434e-07,0,25,129.00971003982704,3225.242750995676,0.02,10,0.2,RA-MPC (ours),49,150,42,679.2,500.1
True,REACHED,0.4200000000000001,0.4200000000000001,6207.593382223567,6.445035399593735e-06,0,21,110.03149409398681,2310.661375973723,0.02,10,0.2,RA-MPC (ours),50,150,42,679.2,500.1
True,REACHED,0.5600000000000002,0.5600000000000002,16065.189890841211,1.114300088467246e-05,0,28,98.82847024917803,2767.1971669769846,0.02,10,0.2,RA-MPC (ours),51,150,42,679.2,500.1
True,REACHED,0.48000000000000015,0.48000000000000015,6539.802935011262,4.219542450556446e-06,0,24,105.84470491752047,2540.2729180204915,0.02,10,0.2,RA-MPC (ours),52,150,42,679.2,500.1
False,INFEASIBLE_MID,,0.32,7121.547465425455,-6.538908314368541e-06,1,16,254.36943635320537,4324.280418004491,0.02,10,0.2,RA-MPC (ours),53,150,42,679.2,500.1
True,REACHED,0.5400000000000001,0.5400000000000001,10764.763919150953,-4.088855334316577e-07,0,27,131.54107866662176,3551.6091239987873,0.02,10,0.2,RA-MPC (ours),54,150,42,679.2,500.1
True,REACHED,0.32,0.32,3893.5688367828643,4.822665296444484e-06,0,16,104.74610156052222,1675.9376249683555,0.02,10,0.2,RA-MPC (ours),55,150,42,679.2,500.1
True,REACHED,0.21999999999999997,0.21999999999999997,2149.659417314754,6.5943160949521715,0,11,77.19819690894589,849.1801659984048,0.02,10,0.2,RA-MPC (ours),56,150,42,679.2,500.1
False,INFEASIBLE_STEP1,,0.0,0.0,4.227300604598865,1,0,705.8018749958137,705.8018749958137,0.02,10,0.2,RA-MPC (ours),57,150,42,679.2,500.1
False,INFEASIBLE_MID,,0.5000000000000001,25050.33749871589,-4.7074192483620436e-05,1,25,247.31455450147712,6430.178417038405,0.02,10,0.2,RA-MPC (ours),58,150,42,679.2,500.1
True,REACHED,0.1,0.1,776.9084669172801,7.119835213414518,0,5,89.07105840044096,445.3552920022048,0.02,10,0.2,RA-MPC (ours),59,150,42,679.2,500.1
False,INFEASIBLE_MID,,0.4000000000000001,12439.446839056418,-1.7936966917986297e-05,1,20,411.23791261772914,8635.996164972312,0.02,10,0.2,RA-MPC (ours),60,150,42,679.2,500.1
False,INFEASIBLE_MID,,0.3,6836.405240187354,-3.914994323395149e-06,1,15,196.07117462692258,3137.1387940307613,0.02,10,0.2,RA-MPC (ours),61,150,42,679.2,500.1
False,INFEASIBLE_MID,,0.4000000000000001,12143.193433146382,-1.1306459615667563e-05,1,20,318.6098075703263,6690.805958976853,0.02,10,0.2,RA-MPC (ours),62,150,42,679.2,500.1
False,INFEASIBLE_MID,,0.36000000000000004,9163.667504781775,-6.01190262017326e-08,1,18,193.54286405264008,3677.3144170001615,0.02,10,0.2,RA-MPC (ours),63,150,42,679.2,500.1
False,INFEASIBLE_MID,,0.5000000000000001,23017.521374664804,-3.637273792556073e-05,1,25,271.9280206550208,7070.128537030541,0.02,10,0.2,RA-MPC (ours),64,150,42,679.2,500.1
False,INFEASIBLE_MID,,0.32,7162.834585603871,-7.416290573658557e-06,1,16,338.4091570598471,5752.9556700174,0.02,10,0.2,RA-MPC (ours),65,150,42,679.2,500.1
True,REACHED,0.32,0.32,4307.659944607561,1.6627052428219713e-06,0,16,125.50823968740588,2008.131834998494,0.02,10,0.2,RA-MPC (ours),66,150,42,679.2,500.1
True,REACHED,0.5400000000000001,0.5400000000000001,12050.846004682824,1.1614495585732243e-05,0,27,125.50258333363605,3388.5697500081733,0.02,10,0.2,RA-MPC (ours),67,150,42,679.2,500.1
False,INFEASIBLE_MID,,0.4400000000000001,16158.476931337354,-3.100166322411724e-05,1,22,171.70174813414317,3949.140207085293,0.02,10,0.2,RA-MPC (ours),68,150,42,679.2,500.1
True,REACHED,0.36000000000000004,0.36000000000000004,5678.416959212345,4.382267910330029e-06,0,18,136.65573599913236,2459.8032479843823,0.02,10,0.2,RA-MPC (ours),69,150,42,679.2,500.1
False,INFEASIBLE_MID,,0.5000000000000001,25361.11086577591,-4.852867981597342e-05,1,25,195.62074200131553,5086.139292034204,0.02,10,0.2,RA-MPC (ours),70,150,42,679.2,500.1
True,REACHED,0.5200000000000001,0.5200000000000001,8062.966622875256,6.866993231824381e-07,0,26,129.63368757986106,3370.4758770763874,0.02,10,0.2,RA-MPC (ours),71,150,42,679.2,500.1
True,REACHED,0.36000000000000004,0.36000000000000004,4774.832050053683,6.188338016244188e-06,0,18,125.10196761286352,2251.8354170315433,0.02,10,0.2,RA-MPC (ours),72,150,42,679.2,500.1
False,INFEASIBLE_STEP1,,0.0,0.0,4.942168700638075,1,0,2520.45129200269,2520.45129200269,0.02,10,0.2,RA-MPC (ours),73,150,42,679.2,500.1
False,INFEASIBLE_STEP1,,0.0,0.0,3.6688213284376943,1,0,1824.8112089931965,1824.8112089931965,0.02,10,0.2,RA-MPC (ours),74,150,42,679.2,500.1
True,REACHED,0.46000000000000013,0.46000000000000013,6953.564296916289,6.582616332906355e-06,0,23,108.64716117477813,2498.884707019897,0.02,10,0.2,RA-MPC (ours),75,150,42,679.2,500.1
True,REACHED,0.5000000000000001,0.5000000000000001,6670.145027740595,-1.273171417182084e-06,0,25,167.85777168057393,4196.444292014348,0.02,10,0.2,RA-MPC (ours),76,150,42,679.2,500.1
True,REACHED,0.08,0.08,753.2715502836503,9.543855521070018,0,4,98.07284400085337,392.29137600341346,0.02,10,0.2,RA-MPC (ours),77,150,42,679.2,500.1
True,REACHED,0.5000000000000001,0.5000000000000001,7632.150451656339,6.612869063005178e-06,0,25,127.24955167795997,3181.2387919489993,0.02,10,0.2,RA-MPC (ours),78,150,42,679.2,500.1
False,INFEASIBLE_MID,,0.38000000000000006,9991.259782169533,-8.383140450263227e-06,1,19,200.06285619965638,4001.2571239931276,0.02,10,0.2,RA-MPC (ours),79,150,42,679.2,500.1
True,REACHED,0.5400000000000001,0.5400000000000001,10454.406773364291,7.21221251964721e-06,0,27,116.60342751754258,3148.2925429736497,0.02,10,0.2,RA-MPC (ours),80,150,42,679.2,500.1
True,REACHED,0.46000000000000013,0.46000000000000013,6415.77903775628,6.71398601603812e-06,0,23,114.93363221550523,2643.47354095662,0.02,10,0.2,RA-MPC (ours),81,150,42,679.2,500.1
True,REACHED,0.4000000000000001,0.4000000000000001,5390.325563167076,6.142552910759491e-06,0,20,116.35547489786404,2327.109497957281,0.02,10,0.2,RA-MPC (ours),82,150,42,679.2,500.1
True,REACHED,0.1,0.1,787.493889061817,8.464996271062246,0,5,84.83765860146377,424.18829300731886,0.02,10,0.2,RA-MPC (ours),83,150,42,679.2,500.1
True,REACHED,0.5200000000000001,0.5200000000000001,8151.4253145268685,8.493261068664992e-06,0,26,117.85151277021774,3064.139332025661,0.02,10,0.2,RA-MPC (ours),84,150,42,679.2,500.1
True,REACHED,0.5200000000000001,0.5200000000000001,8611.32035240678,7.922484359212945e-06,0,26,106.89822442229622,2779.353834979702,0.02,10,0.2,RA-MPC (ours),85,150,42,679.2,500.1
True,REACHED,0.38000000000000006,0.38000000000000006,5738.972953222623,3.396747866091232e-06,0,19,126.09807252776686,2395.8633780275704,0.02,10,0.2,RA-MPC (ours),86,150,42,679.2,500.1
True,REACHED,0.21999999999999997,0.21999999999999997,2383.9959811875233,6.3056460291675425,0,11,116.06532945403491,1276.718623994384,0.02,10,0.2,RA-MPC (ours),87,150,42,679.2,500.1
True,REACHED,0.21999999999999997,0.21999999999999997,2056.7455964417027,1.7859504444663266,0,11,92.59334863533944,1018.5268349887338,0.02,10,0.2,RA-MPC (ours),88,150,42,679.2,500.1
True,REACHED,0.46000000000000013,0.46000000000000013,6490.620652482561,9.707160373295665e-07,0,23,116.55820300043358,2680.8386690099724,0.02,10,0.2,RA-MPC (ours),89,150,42,679.2,500.1
True,REACHED,0.48000000000000015,0.48000000000000015,6954.531373147385,6.7047322982460855e-06,0,24,106.65917191545304,2559.820125970873,0.02,10,0.2,RA-MPC (ours),90,150,42,679.2,500.1
True,REACHED,0.5400000000000001,0.5400000000000001,10984.668594865354,1.7257165065842628e-06,0,27,122.5704721485575,3309.4027480110526,0.02,10,0.2,RA-MPC (ours),91,150,42,679.2,500.1
True,REACHED,0.4400000000000001,0.4400000000000001,5878.724547949505,6.79877672915552e-06,0,22,114.62061731766549,2521.653580988641,0.02,10,0.2,RA-MPC (ours),92,150,42,679.2,500.1
False,INFEASIBLE_MID,,0.38000000000000006,10255.157409709067,-1.2687095765073764e-05,1,19,253.40026864869287,5068.005372973857,0.02,10,0.2,RA-MPC (ours),93,150,42,679.2,500.1
True,REACHED,0.38000000000000006,0.38000000000000006,6333.891764708218,3.2327951764443696e-06,0,19,109.29705031479611,2076.643955981126,0.02,10,0.2,RA-MPC (ours),94,150,42,679.2,500.1
True,REACHED,0.5200000000000001,0.5200000000000001,8176.1702428305625,8.55561005863592e-06,0,26,126.97702246245731,3301.40258402389,0.02,10,0.2,RA-MPC (ours),95,150,42,679.2,500.1
True,REACHED,0.27999999999999997,0.27999999999999997,2937.946702945373,-8.389602683678277e-07,0,14,137.85411014396232,1929.9575420154724,0.02,10,0.2,RA-MPC (ours),96,150,42,679.2,500.1
True,REACHED,0.38000000000000006,0.38000000000000006,5855.490645553564,5.9378151853195504e-06,0,19,113.8135262613344,2162.4569989653537,0.02,10,0.2,RA-MPC (ours),97,150,42,679.2,500.1
True,REACHED,0.32,0.32,4301.987098812237,-1.0918032842255343e-06,0,16,150.00971612607827,2400.1554580172524,0.02,10,0.2,RA-MPC (ours),98,150,42,679.2,500.1
True,REACHED,0.21999999999999997,0.21999999999999997,2210.031783548496,3.053997595557126,0,11,98.71721590752713,1085.8893749827985,0.02,10,0.2,RA-MPC (ours),99,150,42,679.2,500.1
False,INFEASIBLE_MID,,0.4400000000000001,15953.226678429408,-3.16743762560634e-05,1,22,244.62017217402993,5626.263960002689,0.02,10,0.2,RA-MPC (ours),100,150,42,679.2,500.1
True,REACHED,0.48000000000000015,0.48000000000000015,6463.5939535312355,1.3651434720429734e-06,0,24,111.62327591470482,2678.9586219529156,0.02,10,0.2,RA-MPC (ours),101,150,42,679.2,500.1
True,REACHED,0.4200000000000001,0.4200000000000001,5725.8196461584785,7.015706593449522e-06,0,21,107.8915237643135,2265.7219990505837,0.02,10,0.2,RA-MPC (ours),102,150,42,679.2,500.1
True,REACHED,0.27999999999999997,0.27999999999999997,3688.1232949061587,0.018347047574996722,0,14,94.44083928350925,1322.1717499691295,0.02,10,0.2,RA-MPC (ours),103,150,42,679.2,500.1
True,REACHED,0.04,0.04,297.0088563168049,4.093382854282701,0,2,153.05020800587954,306.1004160117591,0.02,10,0.2,RA-MPC (ours),104,150,42,679.2,500.1
False,INFEASIBLE_MID,,0.32,7157.412371165793,-8.828788281789457e-06,1,16,307.7022721169188,5230.938625987619,0.02,10,0.2,RA-MPC (ours),105,150,42,679.2,500.1
True,REACHED,0.08,0.08,677.8797095230374,12.4062955668356,0,4,118.45690600239323,473.8276240095729,0.02,10,0.2,RA-MPC (ours),106,150,42,679.2,500.1
True,REACHED,0.32,0.32,4434.269787388887,1.8078523726927642e-06,0,16,96.07636199871195,1537.2217919793911,0.02,10,0.2,RA-MPC (ours),107,150,42,679.2,500.1
False,INFEASIBLE_MID,,0.4000000000000001,12239.390798940769,-3.616799864047948e-06,1,20,243.81193271463937,5120.050587007427,0.02,10,0.2,RA-MPC (ours),108,150,42,679.2,500.1
True,REACHED,0.5200000000000001,0.5200000000000001,8310.08075104151,8.349841133181712e-06,0,26,113.15507530805637,2942.0319580094656,0.02,10,0.2,RA-MPC (ours),109,150,42,679.2,500.1
True,REACHED,0.1,0.1,752.7450643311013,2.0863017391406196,0,5,74.22816639882512,371.1408319941256,0.02,10,0.2,RA-MPC (ours),110,150,42,679.2,500.1
False,INFEASIBLE_MID,,0.4200000000000001,13833.528057581058,-2.5150662747108754e-05,1,21,269.68339013480795,5933.0345829657745,0.02,10,0.2,RA-MPC (ours),111,150,42,679.2,500.1
False,INFEASIBLE_MID,,0.4000000000000001,12188.0514443033,-9.680097402764432e-06,1,20,253.0075695720457,5313.1589610129595,0.02,10,0.2,RA-MPC (ours),112,150,42,679.2,500.1
True,REACHED,0.3,0.3,3479.159355227858,2.8413852000142015e-06,0,15,113.86320813326165,1707.9481219989248,0.02,10,0.2,RA-MPC (ours),113,150,42,679.2,500.1
False,INFEASIBLE_MID,,0.3,6637.582789646528,-5.508230062289954e-06,1,15,298.25641156185156,4772.102584989625,0.02,10,0.2,RA-MPC (ours),114,150,42,679.2,500.1
True,REACHED,0.4200000000000001,0.4200000000000001,6691.144005248584,6.288481131377921e-06,0,21,127.11657742606587,2669.4481259473832,0.02,10,0.2,RA-MPC (ours),115,150,42,679.2,500.1
True,REACHED,0.4000000000000001,0.4000000000000001,6277.752052569128,7.145409659514712e-06,0,20,124.76833115142654,2495.3666230285307,0.02,10,0.2,RA-MPC (ours),116,150,42,679.2,500.1
False,INFEASIBLE_MID,,0.5000000000000001,24861.364995404234,-4.7759494309573824e-05,1,25,192.79382211411408,5012.639374966966,0.02,10,0.2,RA-MPC (ours),117,150,42,679.2,500.1
True,REACHED,0.36000000000000004,0.36000000000000004,5217.608762846486,4.607939672496286e-06,0,18,118.35182616778184,2130.332871020073,0.02,10,0.2,RA-MPC (ours),118,150,42,679.2,500.1
False,INFEASIBLE_MID,,0.4000000000000001,11837.767893793072,-1.283436766996715e-05,1,20,164.12466661963012,3446.6179990122328,0.02,10,0.2,RA-MPC (ours),119,150,42,679.2,500.1
True,REACHED,0.25999999999999995,0.25999999999999995,2647.8637783632557,2.49227713844391e-06,0,13,122.17924346175725,1588.3301650028443,0.02,10,0.2,RA-MPC (ours),120,150,42,679.2,500.1
True,REACHED,0.4200000000000001,0.4200000000000001,5703.095746135762,6.291999980589935e-06,0,21,130.51335714269607,2740.7804999966174,0.02,10,0.2,RA-MPC (ours),121,150,42,679.2,500.1
True,REACHED,0.06,0.06,440.01399570853255,3.1558479347366397,0,3,145.63624999815752,436.9087499944726,0.02,10,0.2,RA-MPC (ours),122,150,42,679.2,500.1
True,REACHED,0.27999999999999997,0.27999999999999997,3613.3669730589627,0.608110843989758,0,14,108.51306850028257,1519.182959003956,0.02,10,0.2,RA-MPC (ours),123,150,42,679.2,500.1
False,INFEASIBLE_MID,,0.3,6768.672478880311,-5.3140897779968554e-06,1,15,268.7947213753432,4300.715542005491,0.02,10,0.2,RA-MPC (ours),124,150,42,679.2,500.1
True,REACHED,0.46000000000000013,0.46000000000000013,6136.4334891301705,8.430849884888403e-06,0,23,127.13297647955504,2924.058459029766,0.02,10,0.2,RA-MPC (ours),125,150,42,679.2,500.1
False,INFEASIBLE_STEP1,,0.0,0.0,5.2065736360211305,1,0,970.7412499992643,970.7412499992643,0.02,10,0.2,RA-MPC (ours),126,150,42,679.2,500.1
True,REACHED,0.34,0.34,4492.36139206398,2.8546796890793757e-06,0,17,127.68529917914694,2170.650086045498,0.02,10,0.2,RA-MPC (ours),127,150,42,679.2,500.1
True,REACHED,0.1,0.1,824.7057217589945,9.912769360899146,0,5,117.53580820222851,587.6790410111425,0.02,10,0.2,RA-MPC (ours),128,150,42,679.2,500.1
False,INFEASIBLE_MID,,0.5000000000000001,23693.638616143864,-3.9494813885099234e-05,1,25,174.70465696365304,4542.321081054979,0.02,10,0.2,RA-MPC (ours),129,150,42,679.2,500.1
True,REACHED,0.36000000000000004,0.36000000000000004,5117.6415612608025,2.9521919557851106e-06,0,18,120.73952305541349,2173.3114149974426,0.02,10,0.2,RA-MPC (ours),130,150,42,679.2,500.1
True,REACHED,0.36000000000000004,0.36000000000000004,5487.308540864361,4.1383539741701725e-06,0,18,113.99856944545819,2051.9742500182474,0.02,10,0.2,RA-MPC (ours),131,150,42,679.2,500.1
True,REACHED,0.27999999999999997,0.27999999999999997,2915.6572385384834,3.2448471465329476e-06,0,14,115.62088407143685,1618.6923770001158,0.02,10,0.2,RA-MPC (ours),132,150,42,679.2,500.1
False,INFEASIBLE_MID,,0.4400000000000001,15828.044650950387,-2.610158077942515e-05,1,22,107.83723912976237,2480.2564999845345,0.02,10,0.2,RA-MPC (ours),133,150,42,679.2,500.1
False,INFEASIBLE_MID,,0.4200000000000001,13652.474144914178,-3.947990776964616e-06,1,21,238.49406813546508,5246.869498980232,0.02,10,0.2,RA-MPC (ours),134,150,42,679.2,500.1
True,REACHED,0.5400000000000001,0.5400000000000001,10170.403548941389,7.440201009956127e-06,0,27,100.39115892410607,2710.5612909508636,0.02,10,0.2,RA-MPC (ours),135,150,42,679.2,500.1
True,REACHED,0.48000000000000015,0.48000000000000015,6756.247494885223,5.616922056361773e-06,0,24,97.7571875009744,2346.1725000233855,0.02,10,0.2,RA-MPC (ours),136,150,42,679.2,500.1
False,INFEASIBLE_MID,,0.48000000000000015,20582.702190384236,-4.395042315508135e-05,1,24,199.7807634389028,4994.51908597257,0.02,10,0.2,RA-MPC (ours),137,150,42,679.2,500.1
False,INFEASIBLE_MID,,0.4000000000000001,11758.855736866843,-6.5612590951502625e-06,1,20,238.22368452411388,5002.697375006392,0.02,10,0.2,RA-MPC (ours),138,150,42,679.2,500.1
True,REACHED,0.08,0.08,590.2524510036756,1.156406313534724,0,4,81.52963549946435,326.1185419978574,0.02,10,0.2,RA-MPC (ours),139,150,42,679.2,500.1
True,REACHED,0.5600000000000002,0.5600000000000002,14621.117007794855,1.1875774269753947e-05,0,28,106.19427975221437,2973.4398330620024,0.02,10,0.2,RA-MPC (ours),140,150,42,679.2,500.1
True,REACHED,0.32,0.32,3935.2252855498923,1.8206700111988994e-06,0,16,96.95969287349726,1551.3550859759562,0.02,10,0.2,RA-MPC (ours),141,150,42,679.2,500.1
False,INFEASIBLE_MID,,0.3,6655.187285599262,-5.50427922441088e-06,1,15,282.748151062151,4523.970416994416,0.02,10,0.2,RA-MPC (ours),142,150,42,679.2,500.1
True,REACHED,0.36000000000000004,0.36000000000000004,5155.28784074086,4.691221981545368e-06,0,18,108.74489127955813,1957.4080430320464,0.02,10,0.2,RA-MPC (ours),143,150,42,679.2,500.1
True,REACHED,0.4000000000000001,0.4000000000000001,5490.669904751706,6.4154808505634264e-06,0,20,111.53841039922554,2230.768207984511,0.02,10,0.2,RA-MPC (ours),144,150,42,679.2,500.1
True,REACHED,0.21999999999999997,0.21999999999999997,2034.9580921381958,3.6597699200058287e-06,0,11,134.16190527443013,1475.7809580187313,0.02,10,0.2,RA-MPC (ours),145,150,42,679.2,500.1
True,REACHED,0.21999999999999997,0.21999999999999997,2220.216061536333,1.4990819553998485,0,11,109.96068954806437,1209.567585028708,0.02,10,0.2,RA-MPC (ours),146,150,42,679.2,500.1
True,REACHED,0.19999999999999998,0.19999999999999998,1827.8408630461743,3.4032978867680255,0,10,110.1548251011991,1101.548251011991,0.02,10,0.2,RA-MPC (ours),147,150,42,679.2,500.1
True,REACHED,0.46000000000000013,0.46000000000000013,6742.453515933834,8.515675958165048e-06,0,23,81.42197100096382,1872.705333022168,0.02,10,0.2,RA-MPC (ours),148,150,42,679.2,500.1
True,REACHED,0.36000000000000004,0.36000000000000004,4539.395528426652,6.472837116078267e-06,0,18,69.09230089109366,1243.6614160396857,0.02,10,0.2,RA-MPC (ours),149,150,42,679.2,500.1
True,REACHED,0.28,0.28,37348.460709349296,5.048080369165412,0,7,101.36489885917399,709.5542920142179,0.04,5,0.2,Vanilla MPC,0,150,42,679.2,500.1
True,REACHED,0.28,0.28,25748.746341174363,0.19273093206573222,0,7,82.86280371040837,580.0396259728586,0.04,5,0.2,Vanilla MPC,1,150,42,679.2,500.1
True,REACHED,0.2,0.2,6667.299047522795,4.725869492552584,0,5,92.03915840480477,460.19579202402383,0.04,5,0.2,Vanilla MPC,2,150,42,679.2,500.1
True,REACHED,0.2,0.2,9098.921413135024,10.458627645127411,0,5,99.3941749969963,496.9708749849815,0.04,5,0.2,Vanilla MPC,3,150,42,679.2,500.1
True,REACHED,0.28,0.28,25255.563936489012,0.28499020840969,0,7,84.5689581370347,591.9827069592429,0.04,5,0.2,Vanilla MPC,4,150,42,679.2,500.1
False,INFEASIBLE_STEP1,,0.0,0.0,6.005765507230717,1,0,1129.0762909920886,1129.0762909920886,0.04,5,0.2,Vanilla MPC,5,150,42,679.2,500.1
True,REACHED,0.08,0.08,3201.229995062534,3.645671038604248,0,2,120.5881040004897,241.1762080009794,0.04,5,0.2,Vanilla MPC,6,150,42,679.2,500.1
False,INFEASIBLE_STEP1,,0.0,0.0,2.468290510110826,1,0,678.4729589999188,678.4729589999188,0.04,5,0.2,Vanilla MPC,7,150,42,679.2,500.1
True,REACHED,0.28,0.28,25724.900505178302,0.29572046466255664,0,7,82.76837485651153,579.3786239955807,0.04,5,0.2,Vanilla MPC,8,150,42,679.2,500.1
True,REACHED,0.28,0.28,22294.202954928594,0.1469468181050999,0,7,83.26130342694731,582.8291239886312,0.04,5,0.2,Vanilla MPC,9,150,42,679.2,500.1
True,REACHED,0.24000000000000002,0.24000000000000002,17593.895344849196,6.747527979608328,0,6,74.90348600549623,449.4209160329774,0.04,5,0.2,Vanilla MPC,10,150,42,679.2,500.1
True,REACHED,0.2,0.2,9996.080504145408,9.651021803508545,0,5,75.07128299912438,375.3564149956219,0.04,5,0.2,Vanilla MPC,11,150,42,679.2,500.1
True,REACHED,0.24000000000000002,0.24000000000000002,13191.745917921542,7.392748768801775,0,6,79.14669433618353,474.88016601710115,0.04,5,0.2,Vanilla MPC,12,150,42,679.2,500.1
True,REACHED,0.16,0.16,5716.622093396697,2.803014867385988,0,4,99.0942289972736,396.3769159890944,0.04,5,0.2,Vanilla MPC,13,150,42,679.2,500.1
True,REACHED,0.2,0.2,9142.001681416177,9.114086211750688,0,5,71.02374160313047,355.1187080156524,0.04,5,0.2,Vanilla MPC,14,150,42,679.2,500.1
True,REACHED,0.12,0.12,4451.042767063856,5.904056166851431,0,3,66.57111066548775,199.71333199646324,0.04,5,0.2,Vanilla MPC,15,150,42,679.2,500.1
True,REACHED,0.24000000000000002,0.24000000000000002,15569.954178531712,1.6578833051841446,0,6,81.04302066688736,486.2581240013242,0.04,5,0.2,Vanilla MPC,16,150,42,679.2,500.1
True,REACHED,0.24000000000000002,0.24000000000000002,16853.12232180269,4.8328119640715,0,6,76.47331232874421,458.8398739724653,0.04,5,0.2,Vanilla MPC,17,150,42,679.2,500.1
False,INFEASIBLE_STEP1,,0.0,0.0,6.331525845081824,1,0,637.6865830097813,637.6865830097813,0.04,5,0.2,Vanilla MPC,18,150,42,679.2,500.1
True,REACHED,0.16,0.16,6335.384057081142,11.545979844815518,0,4,91.18167725318926,364.72670901275706,0.04,5,0.2,Vanilla MPC,19,150,42,679.2,500.1
True,REACHED,0.16,0.16,6121.139359484664,4.756826137054517,0,4,70.05235425094725,280.209417003789,0.04,5,0.2,Vanilla MPC,20,150,42,679.2,500.1
True,REACHED,0.2,0.2,7714.50166911579,0.19485605740137757,0,5,87.7251416008221,438.6257080041105,0.04,5,0.2,Vanilla MPC,21,150,42,679.2,500.1
True,REACHED,0.28,0.28,24527.119222929035,0.3089480752288303,0,7,69.85430957034363,488.98016699240543,0.04,5,0.2,Vanilla MPC,22,150,42,679.2,500.1
True,REACHED,0.28,0.28,24591.173581849027,6.061189147398871,0,7,69.27655957198502,484.93591700389516,0.04,5,0.2,Vanilla MPC,23,150,42,679.2,500.1
True,REACHED,0.28,0.28,21486.977888931575,0.15136788306699067,0,7,75.47073214456239,528.2951250119368,0.04,5,0.2,Vanilla MPC,24,150,42,679.2,500.1
True,REACHED,0.16,0.16,4680.504456993574,5.453668698859433,0,4,65.94566674903035,263.7826669961214,0.04,5,0.2,Vanilla MPC,25,150,42,679.2,500.1
True,REACHED,0.28,0.28,31483.36038369584,1.5861016092571099,0,7,89.10399385994035,623.7279570195824,0.04,5,0.2,Vanilla MPC,26,150,42,679.2,500.1
True,REACHED,0.24000000000000002,0.24000000000000002,20087.332036580476,0.9195194336066912,0,6,93.29869433228548,559.7921659937128,0.04,5,0.2,Vanilla MPC,27,150,42,679.2,500.1
False,INFEASIBLE_STEP1,,0.0,0.0,0.6518031476315489,1,0,390.3586669912329,390.3586669912329,0.04,5,0.2,Vanilla MPC,28,150,42,679.2,500.1
True,REACHED,0.28,0.28,37789.94102147248,1.403027858105954,0,7,88.51623814345137,619.6136670041597,0.04,5,0.2,Vanilla MPC,29,150,42,679.2,500.1
True,REACHED,0.28,0.28,34659.95952184026,2.56615442070047,0,7,84.43169056928517,591.0218339849962,0.04,5,0.2,Vanilla MPC,30,150,42,679.2,500.1
False,INFEASIBLE_STEP1,,0.0,0.0,3.93893625862001,1,0,1735.795375003363,1735.795375003363,0.04,5,0.2,Vanilla MPC,31,150,42,679.2,500.1
True,REACHED,0.28,0.28,22578.458457689914,0.17725275675164376,0,7,81.90762485693475,573.3533739985432,0.04,5,0.2,Vanilla MPC,32,150,42,679.2,500.1
True,REACHED,0.28,0.28,26609.35561800704,0.24043298352608566,0,7,84.23107728594914,589.617541001644,0.04,5,0.2,Vanilla MPC,33,150,42,679.2,500.1
False,INFEASIBLE_STEP1,,0.0,0.0,0.9076143207029546,1,0,820.2152500016382,820.2152500016382,0.04,5,0.2,Vanilla MPC,34,150,42,679.2,500.1
True,REACHED,0.28,0.28,30699.081570738217,3.1851559641323597,0,7,101.58492242667957,711.094456986757,0.04,5,0.2,Vanilla MPC,35,150,42,679.2,500.1
False,INFEASIBLE_STEP1,,0.0,0.0,0.21393171881601347,1,0,745.6705840013456,745.6705840013456,0.04,5,0.2,Vanilla MPC,36,150,42,679.2,500.1
True,REACHED,0.24000000000000002,0.24000000000000002,17467.718643564498,7.208879846420747,0,6,106.56604150184042,639.3962490110425,0.04,5,0.2,Vanilla MPC,37,150,42,679.2,500.1
True,REACHED,0.24000000000000002,0.24000000000000002,10274.125180945664,-1.0151156569548903e-05,0,6,248.59559032969022,1491.5735419781413,0.04,5,0.2,Vanilla MPC,38,150,42,679.2,500.1
True,REACHED,0.28,0.28,26151.11403974479,4.809793978303515,0,7,91.32891657437929,639.3024160206551,0.04,5,0.2,Vanilla MPC,39,150,42,679.2,500.1
True,REACHED,0.24000000000000002,0.24000000000000002,15736.336976299053,3.1540763015777635,0,6,97.04456950566964,582.2674170340179,0.04,5,0.2,Vanilla MPC,40,150,42,679.2,500.1
True,REACHED,0.28,0.28,27653.129908340146,0.1832423705546251,0,7,96.65235728607513,676.5665010025259,0.04,5,0.2,Vanilla MPC,41,150,42,679.2,500.1
False,INFEASIBLE_STEP1,,0.0,0.0,6.4023864573850675,1,0,581.1266669916222,581.1266669916222,0.04,5,0.2,Vanilla MPC,42,150,42,679.2,500.1
False,INFEASIBLE_STEP1,,0.0,0.0,7.793851896772557,1,0,777.7345840004273,777.7345840004273,0.04,5,0.2,Vanilla MPC,43,150,42,679.2,500.1
False,INFEASIBLE_STEP1,,0.0,0.0,8.907282684096504,1,0,1297.3695420078002,1297.3695420078002,0.04,5,0.2,Vanilla MPC,44,150,42,679.2,500.1
False,INFEASIBLE_STEP1,,0.0,0.0,4.861647865421469,1,0,4267.9710000084015,4267.9710000084015,0.04,5,0.2,Vanilla MPC,45,150,42,679.2,500.1
False,INFEASIBLE_STEP1,,0.0,0.0,8.285901132185032,1,0,2938.2590420136694,2938.2590420136694,0.04,5,0.2,Vanilla MPC,46,150,42,679.2,500.1
True,REACHED,0.28,0.28,31459.992389127638,1.9743848796584782,0,7,109.706488003472,767.945416024304,0.04,5,0.2,Vanilla MPC,47,150,42,679.2,500.1
False,INFEASIBLE_STEP1,,0.0,0.0,2.461849058743562,1,0,4132.709167010034,4132.709167010034,0.04,5,0.2,Vanilla MPC,48,150,42,679.2,500.1
True,REACHED,0.28,0.28,28565.549624332827,3.8204229506628966,0,7,97.06611886005183,679.4628320203628,0.04,5,0.2,Vanilla MPC,49,150,42,679.2,500.1
True,REACHED,0.24000000000000002,0.24000000000000002,17812.738403078616,4.269374085307298,0,6,95.93504132984283,575.610247979057,0.04,5,0.2,Vanilla MPC,50,150,42,679.2,500.1
False,INFEASIBLE_STEP1,,0.0,0.0,7.284807420628884,1,0,704.5054170012008,704.5054170012008,0.04,5,0.2,Vanilla MPC,51,150,42,679.2,500.1
True,REACHED,0.28,0.28,26253.234548178356,0.24387046609774643,0,7,97.24141071326032,680.6898749928223,0.04,5,0.2,Vanilla MPC,52,150,42,679.2,500.1
True,REACHED,0.28,0.28,29337.781756633693,1.6908922209233133,0,7,110.19128000355393,771.3389600248775,0.04,5,0.2,Vanilla MPC,53,150,42,679.2,500.1
True,REACHED,0.28,0.28,37924.058778582286,1.0848530746276488,0,7,127.4160894286719,891.9126260007033,0.04,5,0.2,Vanilla MPC,54,150,42,679.2,500.1
True,REACHED,0.2,0.2,9173.69380776669,4.104506463586106,0,5,93.17197499913163,465.8598749956582,0.04,5,0.2,Vanilla MPC,55,150,42,679.2,500.1
True,REACHED,0.16,0.16,5087.860058815474,7.527185691756472,0,4,122.15849999483908,488.6339999793563,0.04,5,0.2,Vanilla MPC,56,150,42,679.2,500.1
True,REACHED,0.28,0.28,37926.84547721532,1.1777345706508147,0,7,153.36625600217045,1073.563792015193,0.04,5,0.2,Vanilla MPC,57,150,42,679.2,500.1
False,INFEASIBLE_STEP1,,0.0,0.0,1.1647065787335578,1,0,1415.2305830066325,1415.2305830066325,0.04,5,0.2,Vanilla MPC,58,150,42,679.2,500.1
True,REACHED,0.08,0.08,2562.075732696371,7.119835213414518,0,2,128.85510400519706,257.7102080103941,0.04,5,0.2,Vanilla MPC,59,150,42,679.2,500.1
False,INFEASIBLE_STEP1,,0.0,0.0,8.810351245553678,1,0,4231.9785409927135,4231.9785409927135,0.04,5,0.2,Vanilla MPC,60,150,42,679.2,500.1
True,REACHED,0.28,0.28,28643.00107694495,1.2308724865916378,0,7,97.26902386215183,680.8831670350628,0.04,5,0.2,Vanilla MPC,61,150,42,679.2,500.1
False,INFEASIBLE_STEP1,,0.0,0.0,3.8581685277299567,1,0,4106.703874989762,4106.703874989762,0.04,5,0.2,Vanilla MPC,62,150,42,679.2,500.1
True,REACHED,0.28,0.28,35379.398069097224,0.49256692411655756,0,7,118.32080928434152,828.2456649903907,0.04,5,0.2,Vanilla MPC,63,150,42,679.2,500.1
False,INFEASIBLE_STEP1,,0.0,0.0,4.872357911466046,1,0,2529.500958000426,2529.500958000426,0.04,5,0.2,Vanilla MPC,64,150,42,679.2,500.1
True,REACHED,0.28,0.28,29469.687530491537,1.8698435730255198,0,7,103.93284514222094,727.5299159955466,0.04,5,0.2,Vanilla MPC,65,150,42,679.2,500.1
True,REACHED,0.2,0.2,9305.801067674209,9.785554427157582,0,5,111.62509179848712,558.1254589924356,0.04,5,0.2,Vanilla MPC,66,150,42,679.2,500.1
False,INFEASIBLE_STEP1,,0.0,0.0,8.719740636402017,1,0,2325.0426250015153,2325.0426250015153,0.04,5,0.2,Vanilla MPC,67,150,42,679.2,500.1
False,INFEASIBLE_STEP1,,0.0,0.0,6.0375127295075135,1,0,908.2277080015047,908.2277080015047,0.04,5,0.2,Vanilla MPC,68,150,42,679.2,500.1
True,REACHED,0.24000000000000002,0.24000000000000002,13204.047406703196,8.77714162489166,0,6,80.43861799524166,482.63170797144994,0.04,5,0.2,Vanilla MPC,69,150,42,679.2,500.1
False,INFEASIBLE_STEP1,,0.0,0.0,1.06990496215586,1,0,3754.088000001502,3754.088000001502,0.04,5,0.2,Vanilla MPC,70,150,42,679.2,500.1
True,REACHED,0.28,0.28,31340.910886553564,1.750586867298173,0,7,103.2441131392261,722.7087919745827,0.04,5,0.2,Vanilla MPC,71,150,42,679.2,500.1
True,REACHED,0.24000000000000002,0.24000000000000002,12032.567711226735,0.4278698774938672,0,6,99.10665283435567,594.639917006134,0.04,5,0.2,Vanilla MPC,72,150,42,679.2,500.1
False,INFEASIBLE_STEP1,,0.0,0.0,4.942168700638075,1,0,658.8587090082001,658.8587090082001,0.04,5,0.2,Vanilla MPC,73,150,42,679.2,500.1
False,INFEASIBLE_STEP1,,0.0,0.0,3.6688213284376943,1,0,3224.307875003433,3224.307875003433,0.04,5,0.2,Vanilla MPC,74,150,42,679.2,500.1
True,REACHED,0.28,0.28,23945.844083662745,4.739269811065156,0,7,95.59613699924999,669.1729589947499,0.04,5,0.2,Vanilla MPC,75,150,42,679.2,500.1
True,REACHED,0.28,0.28,26529.74483950703,0.2372541621319968,0,7,101.41013099928387,709.870916994987,0.04,5,0.2,Vanilla MPC,76,150,42,679.2,500.1
True,REACHED,0.08,0.08,2762.773024552623,10.860443491509997,0,2,134.82014599867398,269.64029199734796,0.04,5,0.2,Vanilla MPC,77,150,42,679.2,500.1
True,REACHED,0.28,0.28,28815.819347379984,5.837805315436857,0,7,102.34042271414572,716.38295899902,0.04,5,0.2,Vanilla MPC,78,150,42,679.2,500.1
True,REACHED,0.28,0.28,38247.934110330665,0.7974391480031393,0,7,94.00902957090044,658.063206996303,0.04,5,0.2,Vanilla MPC,79,150,42,679.2,500.1
True,REACHED,0.28,0.28,37454.678599814804,1.6564886798551601,0,7,115.55810128421788,808.9067089895252,0.04,5,0.2,Vanilla MPC,80,150,42,679.2,500.1
True,REACHED,0.28,0.28,24099.026411456667,0.159344793158823,0,7,99.13868428598757,693.970790001913,0.04,5,0.2,Vanilla MPC,81,150,42,679.2,500.1
False,INFEASIBLE_MID,,0.16,15464.204161758636,-4.502934427463856e-05,1,4,820.0827334017958,4100.413667008979,0.04,5,0.2,Vanilla MPC,82,150,42,679.2,500.1
True,REACHED,0.08,0.08,2592.9098995830036,8.464996271062246,0,2,91.1514789913781,182.3029579827562,0.04,5,0.2,Vanilla MPC,83,150,42,679.2,500.1
True,REACHED,0.28,0.28,30476.96994495329,3.288063132243435,0,7,89.9768394280857,629.8378759965999,0.04,5,0.2,Vanilla MPC,84,150,42,679.2,500.1
True,REACHED,0.28,0.28,32264.146620003565,3.6836499423005886,0,7,98.83407742641533,691.8385419849074,0.04,5,0.2,Vanilla MPC,85,150,42,679.2,500.1
True,REACHED,0.24000000000000002,0.24000000000000002,13607.925358446224,8.173716277362288,0,6,89.76843733641242,538.6106240184745,0.04,5,0.2,Vanilla MPC,86,150,42,679.2,500.1
True,REACHED,0.16,0.16,5532.827321917471,6.3056460291675425,0,4,91.34541649837047,365.3816659934819,0.04,5,0.2,Vanilla MPC,87,150,42,679.2,500.1
True,REACHED,0.16,0.16,5085.741544800503,11.404057264453641,0,4,91.61154149478534,366.44616597914137,0.04,5,0.2,Vanilla MPC,88,150,42,679.2,500.1
True,REACHED,0.28,0.28,25000.451453280028,0.17582165633878866,0,7,98.36414885856877,688.5490420099813,0.04,5,0.2,Vanilla MPC,89,150,42,679.2,500.1
True,REACHED,0.28,0.28,25456.897148686832,3.691819207548132,0,7,104.85968443182563,734.0177910227794,0.04,5,0.2,Vanilla MPC,90,150,42,679.2,500.1
True,REACHED,0.32,0.32,40034.12790462878,2.5307682100862454,0,8,119.09321874918533,952.7457499934826,0.04,5,0.2,Vanilla MPC,91,150,42,679.2,500.1
False,INFEASIBLE_MID,,0.16,20207.35864478523,-0.0003694804292937448,1,4,936.0823668015655,4680.411834007828,0.04,5,0.2,Vanilla MPC,92,150,42,679.2,500.1
True,REACHED,0.32,0.32,41372.47281816099,2.051310331041285,0,8,103.69585937587544,829.5668750070035,0.04,5,0.2,Vanilla MPC,93,150,42,679.2,500.1
True,REACHED,0.24000000000000002,0.24000000000000002,15065.889902641069,5.300507797429201,0,6,91.35271550136774,548.1162930082064,0.04,5,0.2,Vanilla MPC,94,150,42,679.2,500.1
True,REACHED,0.28,0.28,30537.79626340898,3.362904189430492,0,7,95.34200585455567,667.3940409818897,0.04,5,0.2,Vanilla MPC,95,150,42,679.2,500.1
True,REACHED,0.2,0.2,6770.983144776258,9.055856593832873,0,5,73.47536660090555,367.3768330045277,0.04,5,0.2,Vanilla MPC,96,150,42,679.2,500.1
True,REACHED,0.24000000000000002,0.24000000000000002,13710.160134229218,8.408212409998661,0,6,94.57288166837922,567.4372900102753,0.04,5,0.2,Vanilla MPC,97,150,42,679.2,500.1
True,REACHED,0.2,0.2,9057.714983556265,8.040638617497528,0,5,88.03242500580382,440.1621250290191,0.04,5,0.2,Vanilla MPC,98,150,42,679.2,500.1
True,REACHED,0.16,0.16,5377.584132573139,11.733933108115215,0,4,94.13984374259599,376.55937497038394,0.04,5,0.2,Vanilla MPC,99,150,42,679.2,500.1
False,INFEASIBLE_STEP1,,0.0,0.0,5.467834750689015,1,0,798.0247080122354,798.0247080122354,0.04,5,0.2,Vanilla MPC,100,150,42,679.2,500.1
True,REACHED,0.28,0.28,25938.39281320729,0.2527124091662074,0,7,87.48271428755417,612.3790000128793,0.04,5,0.2,Vanilla MPC,101,150,42,679.2,500.1
False,INFEASIBLE_MID,,0.16,18026.81239453409,-0.0001662598211495947,1,4,1057.4445002042921,5287.222501021461,0.04,5,0.2,Vanilla MPC,102,150,42,679.2,500.1
True,REACHED,0.2,0.2,7811.13825059341,8.206406347027354,0,5,114.015274803387,570.076374016935,0.04,5,0.2,Vanilla MPC,103,150,42,679.2,500.1
True,REACHED,0.04,0.04,1331.7968520923098,4.093382854282701,0,1,78.75266700284556,78.75266700284556,0.04,5,0.2,Vanilla MPC,104,150,42,679.2,500.1
True,REACHED,0.28,0.28,29738.937770686873,1.6299243055041401,0,7,98.5738811432384,690.0171680026688,0.04,5,0.2,Vanilla MPC,105,150,42,679.2,500.1
True,REACHED,0.08,0.08,2582.609566566471,12.4062955668356,0,2,139.11912499315804,278.2382499863161,0.04,5,0.2,Vanilla MPC,106,150,42,679.2,500.1
True,REACHED,0.2,0.2,9583.915351722402,9.641525621346085,0,5,108.26644159969874,541.3322079984937,0.04,5,0.2,Vanilla MPC,107,150,42,679.2,500.1
False,INFEASIBLE_STEP1,,0.0,0.0,5.869134596412604,1,0,2666.665375014418,2666.665375014418,0.04,5,0.2,Vanilla MPC,108,150,42,679.2,500.1
True,REACHED,0.28,0.28,31085.10338022431,3.476584395373073,0,7,95.07917271652592,665.5542090156814,0.04,5,0.2,Vanilla MPC,109,150,42,679.2,500.1
True,REACHED,0.08,0.08,2480.1667047935343,2.0863017391406196,0,2,126.11391699465457,252.22783398930915,0.04,5,0.2,Vanilla MPC,110,150,42,679.2,500.1
False,INFEASIBLE_STEP1,,0.0,0.0,2.212258503216372,1,0,800.3032910055481,800.3032910055481,0.04,5,0.2,Vanilla MPC,111,150,42,679.2,500.1
False,INFEASIBLE_STEP1,,0.0,0.0,6.977318810255641,1,0,4113.984791998519,4113.984791998519,0.04,5,0.2,Vanilla MPC,112,150,42,679.2,500.1
True,REACHED,0.2,0.2,8198.78641931725,4.743341414459271,0,5,101.18700779567007,505.93503897835035,0.04,5,0.2,Vanilla MPC,113,150,42,679.2,500.1
True,REACHED,0.28,0.28,28429.10697617949,0.625438923816553,0,7,100.14286299493895,701.0000409645727,0.04,5,0.2,Vanilla MPC,114,150,42,679.2,500.1
True,REACHED,0.24000000000000002,0.24000000000000002,19413.223657936214,6.38671635210223,0,6,96.87477066715171,581.2486240029102,0.04,5,0.2,Vanilla MPC,115,150,42,679.2,500.1
True,REACHED,0.24000000000000002,0.24000000000000002,15735.942911575432,7.967655167732039,0,6,114.56623616444024,687.3974169866415,0.04,5,0.2,Vanilla MPC,116,150,42,679.2,500.1
False,INFEASIBLE_STEP1,,0.0,0.0,5.38321204628278,1,0,4139.435707998928,4139.435707998928,0.04,5,0.2,Vanilla MPC,117,150,42,679.2,500.1
True,REACHED,0.24000000000000002,0.24000000000000002,11600.732511692582,9.407333132426032,0,6,87.28950700363687,523.7370420218213,0.04,5,0.2,Vanilla MPC,118,150,42,679.2,500.1
False,INFEASIBLE_STEP1,,0.0,0.0,7.601190466813335,1,0,4146.029958006693,4146.029958006693,0.04,5,0.2,Vanilla MPC,119,150,42,679.2,500.1
True,REACHED,0.16,0.16,6183.242783953655,7.7830684528468375,0,4,94.21631250006612,376.8652500002645,0.04,5,0.2,Vanilla MPC,120,150,42,679.2,500.1
False,INFEASIBLE_MID,,0.16,17575.117983954984,-0.00010855248479657575,1,4,331.31139159959275,1656.5569579979638,0.04,5,0.2,Vanilla MPC,121,150,42,679.2,500.1
True,REACHED,0.08,0.08,2131.336563312611,3.1558479347366397,0,2,95.00866650341777,190.01733300683554,0.04,5,0.2,Vanilla MPC,122,150,42,679.2,500.1
True,REACHED,0.2,0.2,7448.213548535443,2.9246786336997728,0,5,87.94618340325542,439.7309170162771,0.04,5,0.2,Vanilla MPC,123,150,42,679.2,500.1
True,REACHED,0.28,0.28,28137.928873734592,1.0870200569783908,0,7,89.9714522882797,629.800166017958,0.04,5,0.2,Vanilla MPC,124,150,42,679.2,500.1
True,REACHED,0.28,0.28,24919.74865327299,0.3135878118665154,0,7,89.05956542834507,623.4169579984155,0.04,5,0.2,Vanilla MPC,125,150,42,679.2,500.1
False,INFEASIBLE_STEP1,,0.0,0.0,5.2065736360211305,1,0,4082.6038329978473,4082.6038329978473,0.04,5,0.2,Vanilla MPC,126,150,42,679.2,500.1
True,REACHED,0.24000000000000002,0.24000000000000002,10383.946736718526,6.583340001288031,0,6,85.5206874985015,513.124124991009,0.04,5,0.2,Vanilla MPC,127,150,42,679.2,500.1
True,REACHED,0.08,0.08,2682.6480690047647,9.912769360899146,0,2,116.48118749872083,232.96237499744166,0.04,5,0.2,Vanilla MPC,128,150,42,679.2,500.1
False,INFEASIBLE_STEP1,,0.0,0.0,2.321975465507867,1,0,3917.867500000284,3917.867500000284,0.04,5,0.2,Vanilla MPC,129,150,42,679.2,500.1
True,REACHED,0.24000000000000002,0.24000000000000002,11609.267496212024,8.08799890724155,0,6,98.66633333149366,591.997999988962,0.04,5,0.2,Vanilla MPC,130,150,42,679.2,500.1
True,REACHED,0.24000000000000002,0.24000000000000002,12347.15743346756,8.88666308471432,0,6,78.9420208335893,473.65212500153575,0.04,5,0.2,Vanilla MPC,131,150,42,679.2,500.1
True,REACHED,0.2,0.2,6967.090068925798,4.4484507570181755,0,5,95.26600000390317,476.33000001951586,0.04,5,0.2,Vanilla MPC,132,150,42,679.2,500.1
False,INFEASIBLE_STEP1,,0.0,0.0,4.576980161796696,1,0,602.9440840065945,602.9440840065945,0.04,5,0.2,Vanilla MPC,133,150,42,679.2,500.1
False,INFEASIBLE_STEP1,,0.0,0.0,5.945018170454648,1,0,3066.083041994716,3066.083041994716,0.04,5,0.2,Vanilla MPC,134,150,42,679.2,500.1
True,REACHED,0.28,0.28,36394.89886472764,1.742960787695738,0,7,105.67504171090799,739.725291976356,0.04,5,0.2,Vanilla MPC,135,150,42,679.2,500.1
True,REACHED,0.28,0.28,26614.59025809039,1.1904894937495971,0,7,106.83825014192345,747.8677509934641,0.04,5,0.2,Vanilla MPC,136,150,42,679.2,500.1
False,INFEASIBLE_STEP1,,0.0,0.0,6.378399664402607,1,0,823.4184159955475,823.4184159955475,0.04,5,0.2,Vanilla MPC,137,150,42,679.2,500.1
False,INFEASIBLE_STEP1,,0.0,0.0,1.5741215514493554,1,0,2673.5937089979416,2673.5937089979416,0.04,5,0.2,Vanilla MPC,138,150,42,679.2,500.1
True,REACHED,0.08,0.08,2289.6292219488664,1.156406313534724,0,2,81.53147900884505,163.0629580176901,0.04,5,0.2,Vanilla MPC,139,150,42,679.2,500.1
False,INFEASIBLE_STEP1,,0.0,0.0,3.7681746798407687,1,0,2657.4089999921853,2657.4089999921853,0.04,5,0.2,Vanilla MPC,140,150,42,679.2,500.1
True,REACHED,0.2,0.2,8761.055470481046,9.65541841427637,0,5,96.12083339889068,480.6041669944534,0.04,5,0.2,Vanilla MPC,141,150,42,679.2,500.1
True,REACHED,0.28,0.28,28466.898230313764,0.682111149036837,0,7,98.93110114665303,692.5177080265712,0.04,5,0.2,Vanilla MPC,142,150,42,679.2,500.1
True,REACHED,0.24000000000000002,0.24000000000000002,12037.707886384358,6.971506158625644,0,6,114.91873616614612,689.5124169968767,0.04,5,0.2,Vanilla MPC,143,150,42,679.2,500.1
False,INFEASIBLE_MID,,0.16,15951.093541170503,-1.814558980939296e-05,1,4,449.99825000413693,2249.9912500206847,0.04,5,0.2,Vanilla MPC,144,150,42,679.2,500.1
True,REACHED,0.16,0.16,5053.9655267512435,4.596378327900601,0,4,87.20442724734312,348.8177089893725,0.04,5,0.2,Vanilla MPC,145,150,42,679.2,500.1
True,REACHED,0.16,0.16,5410.33356593924,11.2923606626491,0,4,99.61535449838266,398.46141799353063,0.04,5,0.2,Vanilla MPC,146,150,42,679.2,500.1
True,REACHED,0.12,0.12,4506.017282521485,11.672737716845614,0,3,98.30987500511885,294.9296250153566,0.04,5,0.2,Vanilla MPC,147,150,42,679.2,500.1
True,REACHED,0.28,0.28,24864.57287388604,2.5119838311957423,0,7,76.809630716785,537.6674150174949,0.04,5,0.2,Vanilla MPC,148,150,42,679.2,500.1
True,REACHED,0.24000000000000002,0.24000000000000002,11372.184820861727,5.596754397529935e-05,0,6,86.20243749949925,517.2146249969956,0.04,5,0.2,Vanilla MPC,149,150,42,679.2,500.1
False,INFEASIBLE_MID,,0.32,13936.886384866844,-0.0012298172578386612,1,8,598.8354167752227,5389.518750977004,0.04,5,0.2,RA-MPC (ours),0,150,42,679.2,500.1
False,INFEASIBLE_MID,,0.24000000000000002,10047.524642019964,-0.0003394770636777622,1,6,210.69865471716705,1474.8905830201693,0.04,5,0.2,RA-MPC (ours),1,150,42,679.2,500.1
False,INFEASIBLE_MID,,0.16,3625.593323903651,-6.929820700207756e-05,1,4,1107.3194582015276,5536.597291007638,0.04,5,0.2,RA-MPC (ours),2,150,42,679.2,500.1
False,INFEASIBLE_MID,,0.24000000000000002,5624.485593055715,-0.0001386703979804338,1,6,684.7528512839095,4793.269958987366,0.04,5,0.2,RA-MPC (ours),3,150,42,679.2,500.1
False,INFEASIBLE_MID,,0.24000000000000002,9709.768063088735,-0.00043057864551521163,1,6,680.299130858787,4762.093916011509,0.04,5,0.2,RA-MPC (ours),4,150,42,679.2,500.1
False,INFEASIBLE_STEP1,,0.0,0.0,6.005765507230717,1,0,970.2008330059471,970.2008330059471,0.04,5,0.2,RA-MPC (ours),5,150,42,679.2,500.1
True,REACHED,0.12,0.12,1738.3287580369008,-2.838378784986162e-05,0,3,190.65641666626712,571.9692499988014,0.04,5,0.2,RA-MPC (ours),6,150,42,679.2,500.1
False,INFEASIBLE_MID,,0.36,18229.306703059738,-0.0008936850579281952,1,9,479.2886167007964,4792.886167007964,0.04,5,0.2,RA-MPC (ours),7,150,42,679.2,500.1
False,INFEASIBLE_MID,,0.24000000000000002,9754.626857427802,-0.00046789389734414044,1,6,604.1105834280772,4228.774083996541,0.04,5,0.2,RA-MPC (ours),8,150,42,679.2,500.1
False,INFEASIBLE_MID,,0.24000000000000002,9576.10850275895,-0.00022492084853809047,1,6,660.8592381422308,4626.014666995616,0.04,5,0.2,RA-MPC (ours),9,150,42,679.2,500.1
True,REACHED,0.36,0.36,9643.921421127006,4.127425724220757e-05,0,9,118.70456488880639,1068.3410839992575,0.04,5,0.2,RA-MPC (ours),10,150,42,679.2,500.1
False,INFEASIBLE_MID,,0.24000000000000002,6143.656782258081,-8.726617188692387e-05,1,6,705.6412617156249,4939.488832009374,0.04,5,0.2,RA-MPC (ours),11,150,42,679.2,500.1
False,INFEASIBLE_MID,,0.24000000000000002,8080.700605555143,-6.987971364047496e-05,1,6,532.678583287634,3728.7500830134377,0.04,5,0.2,RA-MPC (ours),12,150,42,679.2,500.1
False,INFEASIBLE_MID,,0.12,2860.9927018326334,-3.858662178579664e-05,1,3,1000.1295625006605,4000.518250002642,0.04,5,0.2,RA-MPC (ours),13,150,42,679.2,500.1
False,INFEASIBLE_MID,,0.24000000000000002,5712.929505001966,-0.00023890662824399556,1,6,434.20211286034566,3039.4147900224198,0.04,5,0.2,RA-MPC (ours),14,150,42,679.2,500.1
True,REACHED,0.16,0.16,2369.287943443441,-6.705401809270484e-05,0,4,128.4553852492536,513.8215409970144,0.04,5,0.2,RA-MPC (ours),15,150,42,679.2,500.1
False,INFEASIBLE_MID,,0.24000000000000002,9268.076359818602,-8.6001842948491e-05,1,6,792.3354699991511,5546.348289994057,0.04,5,0.2,RA-MPC (ours),16,150,42,679.2,500.1
True,REACHED,0.36,0.36,9740.977318318903,1.3801123955659023e-05,0,9,96.88910188884216,872.0019169995794,0.04,5,0.2,RA-MPC (ours),17,150,42,679.2,500.1
False,INFEASIBLE_MID,,0.36,17983.466064124328,-0.0008718328212093951,1,9,478.9638249014388,4789.638249014388,0.04,5,0.2,RA-MPC (ours),18,150,42,679.2,500.1
True,REACHED,0.24000000000000002,0.24000000000000002,3776.2165886515054,-0.00014671424529488775,0,6,114.44946566674237,686.6967940004542,0.04,5,0.2,RA-MPC (ours),19,150,42,679.2,500.1
True,REACHED,0.2,0.2,3534.2869443890495,4.756826137054517,0,5,110.04973340313882,550.2486670156941,0.04,5,0.2,RA-MPC (ours),20,150,42,679.2,500.1
False,INFEASIBLE_MID,,0.12,4063.3533100054356,-1.0865170313678618e-05,1,3,1021.689875255106,4086.759501020424,0.04,5,0.2,RA-MPC (ours),21,150,42,679.2,500.1
True,REACHED,0.39999999999999997,0.39999999999999997,10123.433548077399,-0.00041095413627623145,0,10,273.32793780078646,2733.2793780078646,0.04,5,0.2,RA-MPC (ours),22,150,42,679.2,500.1
False,INFEASIBLE_MID,,0.28,10813.83947154552,-3.313985322073165e-05,1,7,681.3067136245081,5450.453708996065,0.04,5,0.2,RA-MPC (ours),23,150,42,679.2,500.1
False,INFEASIBLE_MID,,0.2,9252.3488400123,-0.00015868395854212736,1,5,738.784333334479,4432.706000006874,0.04,5,0.2,RA-MPC (ours),24,150,42,679.2,500.1
True,REACHED,0.16,0.16,2402.804439912652,5.453668698859433,0,4,90.96270825102692,363.8508330041077,0.04,5,0.2,RA-MPC (ours),25,150,42,679.2,500.1
False,INFEASIBLE_MID,,0.32,11701.544667061538,-0.0008377640996393154,1,8,472.982152889017,4256.839376001153,0.04,5,0.2,RA-MPC (ours),26,150,42,679.2,500.1
False,INFEASIBLE_MID,,0.24000000000000002,9414.709914917827,-8.124303917611542e-05,1,6,621.9505118601124,4353.653583020787,0.04,5,0.2,RA-MPC (ours),27,150,42,679.2,500.1
False,INFEASIBLE_MID,,0.36,21690.163739656855,-0.0013472842564805632,1,9,508.57779149810085,5085.7779149810085,0.04,5,0.2,RA-MPC (ours),28,150,42,679.2,500.1
False,INFEASIBLE_MID,,0.36,15624.891190018754,-0.00051105943699703,1,9,475.07167929870775,4750.7167929870775,0.04,5,0.2,RA-MPC (ours),29,150,42,679.2,500.1
False,INFEASIBLE_MID,,0.32,13838.697951731083,-0.0008657531668934126,1,8,288.77015733451117,2598.9314160106005,0.04,5,0.2,RA-MPC (ours),30,150,42,679.2,500.1
False,INFEASIBLE_MID,,0.43999999999999995,39297.67230072842,-0.002212297344730274,1,11,148.64475000285893,1783.7370000343071,0.04,5,0.2,RA-MPC (ours),31,150,42,679.2,500.1
False,INFEASIBLE_MID,,0.24000000000000002,9551.858223294033,-0.0002557055890584081,1,6,669.3054282846527,4685.13799799257,0.04,5,0.2,RA-MPC (ours),32,150,42,679.2,500.1
False,INFEASIBLE_MID,,0.24000000000000002,10043.58480799971,-0.000497589922558106,1,6,293.98958328446105,2057.9270829912275,0.04,5,0.2,RA-MPC (ours),33,150,42,679.2,500.1
False,INFEASIBLE_MID,,0.39999999999999997,26979.36012585239,-0.0007073646174422521,1,10,443.28457190766295,4876.1302909842925,0.04,5,0.2,RA-MPC (ours),34,150,42,679.2,500.1
False,INFEASIBLE_MID,,0.32,12008.37057726929,-0.0005882859525829787,1,8,431.60880577731103,3884.479251995799,0.04,5,0.2,RA-MPC (ours),35,150,42,679.2,500.1
False,INFEASIBLE_MID,,0.39999999999999997,27459.147039914576,-0.0009723822725540288,1,10,358.5626664531777,3944.1893309849547,0.04,5,0.2,RA-MPC (ours),36,150,42,679.2,500.1
True,REACHED,0.36,0.36,9680.71474632356,4.6162767660007376e-05,0,9,116.13989355585848,1045.2590420027263,0.04,5,0.2,RA-MPC (ours),37,150,42,679.2,500.1
True,REACHED,0.32,0.32,5873.182213006582,5.5565106613642e-06,0,8,107.26682250060549,858.1345800048439,0.04,5,0.2,RA-MPC (ours),38,150,42,679.2,500.1
False,INFEASIBLE_MID,,0.28,11095.845805368239,-7.000593546990785e-05,1,7,573.5421769986715,4588.337415989372,0.04,5,0.2,RA-MPC (ours),39,150,42,679.2,500.1
True,REACHED,0.36,0.36,8644.248532289474,-8.868537072714844e-06,0,9,112.23349078015114,1010.1014170213602,0.04,5,0.2,RA-MPC (ours),40,150,42,679.2,500.1
False,INFEASIBLE_MID,,0.28,10363.73869964386,-0.0007823600929803831,1,7,529.0990572520968,4232.792458016775,0.04,5,0.2,RA-MPC (ours),41,150,42,679.2,500.1
False,INFEASIBLE_MID,,0.39999999999999997,32088.491372126675,-0.0018688139679809979,1,10,329.6761668157573,3626.4378349733306,0.04,5,0.2,RA-MPC (ours),42,150,42,679.2,500.1
False,INFEASIBLE_MID,,0.39999999999999997,25779.75703437447,-0.0005576825829436416,1,10,244.23497727548238,2686.584750030306,0.04,5,0.2,RA-MPC (ours),43,150,42,679.2,500.1
False,INFEASIBLE_MID,,0.36,17455.56918395304,-0.0008104904084724751,1,9,616.8643500990584,6168.643500990584,0.04,5,0.2,RA-MPC (ours),44,150,42,679.2,500.1
False,INFEASIBLE_MID,,0.43999999999999995,37936.803569600306,-0.0020292494637832448,1,11,178.83716325134932,2146.045959016192,0.04,5,0.2,RA-MPC (ours),45,150,42,679.2,500.1
False,INFEASIBLE_MID,,0.39999999999999997,24710.71938674803,-0.0004474640762524018,1,10,286.51593936427327,3151.675333007006,0.04,5,0.2,RA-MPC (ours),46,150,42,679.2,500.1
False,INFEASIBLE_MID,,0.32,11898.571044129478,-0.000812280766444573,1,8,581.7663473329352,5235.897125996416,0.04,5,0.2,RA-MPC (ours),47,150,42,679.2,500.1
False,INFEASIBLE_MID,,0.43999999999999995,39636.752590110256,-0.002266111731971776,1,11,171.5064061669788,2058.0768740037456,0.04,5,0.2,RA-MPC (ours),48,150,42,679.2,500.1
False,INFEASIBLE_MID,,0.28,11023.566848995712,-0.0004168861051141448,1,7,582.3664423787704,4658.931539030164,0.04,5,0.2,RA-MPC (ours),49,150,42,679.2,500.1
True,REACHED,0.36,0.36,9397.270698384162,3.222588163787066e-05,0,9,110.32059711255391,992.8853740129853,0.04,5,0.2,RA-MPC (ours),50,150,42,679.2,500.1
False,INFEASIBLE_MID,,0.39999999999999997,24944.020207452224,-0.00047920467963535884,1,10,373.057666544231,4103.634331986541,0.04,5,0.2,RA-MPC (ours),51,150,42,679.2,500.1
False,INFEASIBLE_MID,,0.24000000000000002,9975.797207157402,-0.0004545616240623218,1,6,685.310464142406,4797.173248996842,0.04,5,0.2,RA-MPC (ours),52,150,42,679.2,500.1
False,INFEASIBLE_MID,,0.28,11200.348218494119,-0.0007352591908080797,1,7,618.379312372781,4947.034498982248,0.04,5,0.2,RA-MPC (ours),53,150,42,679.2,500.1
False,INFEASIBLE_MID,,0.36,15678.89095053832,-0.0004843919148047604,1,9,316.55442510236753,3165.5442510236753,0.04,5,0.2,RA-MPC (ours),54,150,42,679.2,500.1
False,INFEASIBLE_MID,,0.16,5279.391325236003,-6.8679639241509e-05,1,4,505.4509252018761,2527.2546260093804,0.04,5,0.2,RA-MPC (ours),55,150,42,679.2,500.1
True,REACHED,0.2,0.2,2803.380755845548,5.891619901947886,0,5,103.31219199870247,516.5609599935124,0.04,5,0.2,RA-MPC (ours),56,150,42,679.2,500.1
False,INFEASIBLE_MID,,0.36,15695.623515532823,-0.000493352959512805,1,9,511.87376260058954,5118.737626005895,0.04,5,0.2,RA-MPC (ours),57,150,42,679.2,500.1
False,INFEASIBLE_MID,,0.43999999999999995,41342.01587606881,-0.002386455281380151,1,11,267.4595903311759,3209.515083974111,0.04,5,0.2,RA-MPC (ours),58,150,42,679.2,500.1
True,REACHED,0.12,0.12,1254.9076328949118,7.119835213414518,0,3,114.48681933203868,343.460457996116,0.04,5,0.2,RA-MPC (ours),59,150,42,679.2,500.1
False,INFEASIBLE_MID,,0.36,19673.861038361367,-0.0011375026056654747,1,9,521.543195702543,5215.43195702543,0.04,5,0.2,RA-MPC (ours),60,150,42,679.2,500.1
False,INFEASIBLE_MID,,0.28,10836.303299840576,-0.0007683968854603762,1,7,577.3142917514633,4618.5143340117065,0.04,5,0.2,RA-MPC (ours),61,150,42,679.2,500.1
False,INFEASIBLE_MID,,0.36,19103.55819081492,-0.0010428390057484194,1,9,487.7698209020309,4877.698209020309,0.04,5,0.2,RA-MPC (ours),62,150,42,679.2,500.1
False,INFEASIBLE_MID,,0.32,14172.412454520963,-0.0008835856278288645,1,8,495.8561066677147,4462.704960009432,0.04,5,0.2,RA-MPC (ours),63,150,42,679.2,500.1
False,INFEASIBLE_MID,,0.43999999999999995,38012.10588236717,-0.001992445086230532,1,11,383.79083674832754,4605.49004097993,0.04,5,0.2,RA-MPC (ours),64,150,42,679.2,500.1
False,INFEASIBLE_MID,,0.28,11257.982885231628,-0.0007301990263801628,1,7,532.5962554998114,4260.770043998491,0.04,5,0.2,RA-MPC (ours),65,150,42,679.2,500.1
False,INFEASIBLE_MID,,0.24000000000000002,5802.988942517079,-0.00018228685241261644,1,6,399.52448214379336,2796.6713750065537,0.04,5,0.2,RA-MPC (ours),66,150,42,679.2,500.1
False,INFEASIBLE_MID,,0.36,17406.928734635367,-0.000799185159699789,1,9,384.4468124982086,3844.468124982086,0.04,5,0.2,RA-MPC (ours),67,150,42,679.2,500.1
False,INFEASIBLE_MID,,0.39999999999999997,27700.084298222824,-0.0010357957245172855,1,10,402.37303408899936,4426.103374978993,0.04,5,0.2,RA-MPC (ours),68,150,42,679.2,500.1
False,INFEASIBLE_MID,,0.24000000000000002,7934.4469511158995,-2.515871181785201e-05,1,6,590.8386787133558,4135.87075099349,0.04,5,0.2,RA-MPC (ours),69,150,42,679.2,500.1
False,INFEASIBLE_MID,,0.43999999999999995,41784.49939737704,-0.0024362700284061845,1,11,185.91272233485748,2230.95266801829,0.04,5,0.2,RA-MPC (ours),70,150,42,679.2,500.1
False,INFEASIBLE_MID,,0.32,11836.344919550009,-0.0008059299265088526,1,8,460.57558777748557,4145.18028999737,0.04,5,0.2,RA-MPC (ours),71,150,42,679.2,500.1
True,REACHED,0.32,0.32,6906.650253310743,-9.30645593300028e-06,0,8,101.2025000036374,809.6200000290992,0.04,5,0.2,RA-MPC (ours),72,150,42,679.2,500.1
False,INFEASIBLE_MID,,0.36,16492.165615750055,-0.0006104801831501305,1,9,464.4458167022094,4644.458167022094,0.04,5,0.2,RA-MPC (ours),73,150,42,679.2,500.1
False,INFEASIBLE_MID,,0.39999999999999997,24808.84744363861,-0.00048044429258098376,1,10,428.64798109010076,4715.127791991108,0.04,5,0.2,RA-MPC (ours),74,150,42,679.2,500.1
False,INFEASIBLE_MID,,0.24000000000000002,10436.791898858173,-0.00010262861568399728,1,6,280.71710128071055,1965.0197089649737,0.04,5,0.2,RA-MPC (ours),75,150,42,679.2,500.1
False,INFEASIBLE_MID,,0.24000000000000002,10045.58584754664,-0.0004730248857498509,1,6,218.34167856806224,1528.3917499764357,0.04,5,0.2,RA-MPC (ours),76,150,42,679.2,500.1
True,REACHED,0.08,0.08,1136.094001664822,9.064616262732754,0,2,139.70841700211167,279.41683400422335,0.04,5,0.2,RA-MPC (ours),77,150,42,679.2,500.1
False,INFEASIBLE_MID,,0.28,11241.44547350379,-0.0002499047652086972,1,7,275.83600525213114,2206.688042017049,0.04,5,0.2,RA-MPC (ours),78,150,42,679.2,500.1
False,INFEASIBLE_MID,,0.36,15747.109006943188,-0.0004770400447799972,1,9,461.50738329888554,4615.073832988855,0.04,5,0.2,RA-MPC (ours),79,150,42,679.2,500.1
False,INFEASIBLE_MID,,0.32,14799.638736633522,-0.0011060808776406361,1,8,501.2548287777463,4511.293458999717,0.04,5,0.2,RA-MPC (ours),80,150,42,679.2,500.1
False,INFEASIBLE_MID,,0.24000000000000002,9821.774730826142,-0.00028298523238667883,1,6,355.1847438544168,2486.2932069809176,0.04,5,0.2,RA-MPC (ours),81,150,42,679.2,500.1
False,INFEASIBLE_MID,,0.2,8001.78815796499,-8.924652193975646e-05,1,5,711.5642708304222,4269.385624982533,0.04,5,0.2,RA-MPC (ours),82,150,42,679.2,500.1
True,REACHED,0.12,0.12,1269.4223322685032,8.464996271062246,0,3,103.02580533607397,309.0774160082219,0.04,5,0.2,RA-MPC (ours),83,150,42,679.2,500.1
False,INFEASIBLE_MID,,0.32,11992.420313756593,-0.0005081139387357325,1,8,515.0013699991783,4635.012329992605,0.04,5,0.2,RA-MPC (ours),84,150,42,679.2,500.1
False,INFEASIBLE_MID,,0.32,12462.278236646936,-0.0008285825446350259,1,8,541.3904722243185,4872.514250018867,0.04,5,0.2,RA-MPC (ours),85,150,42,679.2,500.1
False,INFEASIBLE_MID,,0.24000000000000002,8049.290116254973,-3.4789097114185097e-07,1,6,207.5923392860984,1453.1463750026887,0.04,5,0.2,RA-MPC (ours),86,150,42,679.2,500.1
True,REACHED,0.2,0.2,3115.5074984020375,6.076495583990141,0,5,96.85208320443053,484.26041602215264,0.04,5,0.2,RA-MPC (ours),87,150,42,679.2,500.1
True,REACHED,0.2,0.2,2771.9300661191946,1.140512441653689,0,5,90.61105839791708,453.0552919895854,0.04,5,0.2,RA-MPC (ours),88,150,42,679.2,500.1
False,INFEASIBLE_MID,,0.24000000000000002,9924.914407434142,-0.0003211098381665778,1,6,526.8493214306155,3687.945250014309,0.04,5,0.2,RA-MPC (ours),89,150,42,679.2,500.1
False,INFEASIBLE_MID,,0.24000000000000002,10446.786360357435,-0.00016733390108036872,1,6,559.0708808574293,3913.4961660020053,0.04,5,0.2,RA-MPC (ours),90,150,42,679.2,500.1
False,INFEASIBLE_MID,,0.36,15927.618451181956,-0.000602848744179596,1,9,480.85430430073757,4808.543043007376,0.04,5,0.2,RA-MPC (ours),91,150,42,679.2,500.1
False,INFEASIBLE_MID,,0.2,9099.242253675746,-0.00017763510051693743,1,5,606.5019931726662,3639.0119590359973,0.04,5,0.2,RA-MPC (ours),92,150,42,679.2,500.1
False,INFEASIBLE_MID,,0.36,16171.539777632157,-0.0006567146933385004,1,9,474.54000399884535,4745.4000399884535,0.04,5,0.2,RA-MPC (ours),93,150,42,679.2,500.1
False,INFEASIBLE_MID,,0.24000000000000002,8919.538806510522,-3.875752725157611e-05,1,6,185.94793457097174,1301.6355419968022,0.04,5,0.2,RA-MPC (ours),94,150,42,679.2,500.1
False,INFEASIBLE_MID,,0.32,12021.278345605191,-0.0005076393845371285,1,8,514.3106297764461,4628.795667988015,0.04,5,0.2,RA-MPC (ours),95,150,42,679.2,500.1
False,INFEASIBLE_MID,,0.2,3823.881888560318,-0.00012216310500257066,1,5,669.2992503303685,4015.795501982211,0.04,5,0.2,RA-MPC (ours),96,150,42,679.2,500.1
False,INFEASIBLE_MID,,0.24000000000000002,8195.718937627418,-2.3070180441564503e-05,1,6,628.5470477139045,4399.829333997332,0.04,5,0.2,RA-MPC (ours),97,150,42,679.2,500.1
False,INFEASIBLE_MID,,0.24000000000000002,5674.344968426926,-0.00028732424638810983,1,6,607.9220655727632,4255.454459009343,0.04,5,0.2,RA-MPC (ours),98,150,42,679.2,500.1
True,REACHED,0.2,0.2,2950.075267203973,2.398969364162565,0,5,105.20420819811989,526.0210409905994,0.04,5,0.2,RA-MPC (ours),99,150,42,679.2,500.1
False,INFEASIBLE_MID,,0.39999999999999997,27109.689759232042,-0.0008899675815090546,1,10,422.97235972496725,4652.69595697464,0.04,5,0.2,RA-MPC (ours),100,150,42,679.2,500.1
False,INFEASIBLE_MID,,0.24000000000000002,9887.26634623962,-0.0004275687206458656,1,6,622.8302677170307,4359.811874019215,0.04,5,0.2,RA-MPC (ours),101,150,42,679.2,500.1
False,INFEASIBLE_MID,,0.2,8721.570152523891,-0.00011534328302609254,1,5,225.81376416201238,1354.8825849720743,0.04,5,0.2,RA-MPC (ours),102,150,42,679.2,500.1
True,REACHED,0.24000000000000002,0.24000000000000002,4834.468161216551,0.20796487510155082,0,6,112.37859050015686,674.2715430009412,0.04,5,0.2,RA-MPC (ours),103,150,42,679.2,500.1
True,REACHED,0.04,0.04,501.49852490789897,4.093382854282701,0,1,131.95358400116675,131.95358400116675,0.04,5,0.2,RA-MPC (ours),104,150,42,679.2,500.1
False,INFEASIBLE_MID,,0.28,11255.461061470274,-0.0007929250701064205,1,7,576.3351096229599,4610.680876983679,0.04,5,0.2,RA-MPC (ours),105,150,42,679.2,500.1
True,REACHED,0.08,0.08,1034.6444045889853,12.4062955668356,0,2,132.615270500537,265.230541001074,0.04,5,0.2,RA-MPC (ours),106,150,42,679.2,500.1
False,INFEASIBLE_MID,,0.24000000000000002,5988.149506309253,-0.0001756323673713922,1,6,654.5104464229163,4581.573124960414,0.04,5,0.2,RA-MPC (ours),107,150,42,679.2,500.1
False,INFEASIBLE_MID,,0.36,19298.382896299474,-0.0010714639574338491,1,9,238.4583083970938,2384.583083970938,0.04,5,0.2,RA-MPC (ours),108,150,42,679.2,500.1
False,INFEASIBLE_MID,,0.32,12154.275496926139,-0.0006289278224489436,1,8,560.3058797811779,5042.752918030601,0.04,5,0.2,RA-MPC (ours),109,150,42,679.2,500.1
True,REACHED,0.12,0.12,1221.7319052216674,2.0863017391406196,0,3,81.48731966502964,244.46195899508893,0.04,5,0.2,RA-MPC (ours),110,150,42,679.2,500.1
False,INFEASIBLE_MID,,0.36,22058.24896672467,-0.0013372817933809955,1,9,489.8259291003342,4898.259291003342,0.04,5,0.2,RA-MPC (ours),111,150,42,679.2,500.1
False,INFEASIBLE_MID,,0.36,19196.582750229347,-0.0010668746112436622,1,9,456.5533665998373,4565.533665998373,0.04,5,0.2,RA-MPC (ours),112,150,42,679.2,500.1
False,INFEASIBLE_MID,,0.16,4636.789485652724,-8.350147659363927e-05,1,4,877.0265749975806,4385.132874987903,0.04,5,0.2,RA-MPC (ours),113,150,42,679.2,500.1
False,INFEASIBLE_MID,,0.28,10594.249842905681,-0.0008394217623965972,1,7,335.9772604981117,2687.8180839848937,0.04,5,0.2,RA-MPC (ours),114,150,42,679.2,500.1
True,REACHED,0.36,0.36,10176.51003809441,3.421964792238441e-05,0,9,104.78292599954229,943.0463339958806,0.04,5,0.2,RA-MPC (ours),115,150,42,679.2,500.1
True,REACHED,0.36,0.36,9151.338382706714,1.7786314357337574e-05,0,9,101.34858811215963,912.1372930094367,0.04,5,0.2,RA-MPC (ours),116,150,42,679.2,500.1
False,INFEASIBLE_MID,,0.43999999999999995,41051.59760583744,-0.002394692605591331,1,11,255.92292699972555,3071.0751239967067,0.04,5,0.2,RA-MPC (ours),117,150,42,679.2,500.1
False,INFEASIBLE_MID,,0.24000000000000002,7172.070534149915,-7.055655048660014e-05,1,6,732.6357204271646,5128.450042990153,0.04,5,0.2,RA-MPC (ours),118,150,42,679.2,500.1
False,INFEASIBLE_MID,,0.36,18516.199723844144,-0.0009688340179216937,1,9,505.98339599819155,5059.8339599819155,0.04,5,0.2,RA-MPC (ours),119,150,42,679.2,500.1
False,INFEASIBLE_MID,,0.2,3492.614782611878,-9.019121387154883e-05,1,5,742.5931390025653,4455.558834015392,0.04,5,0.2,RA-MPC (ours),120,150,42,679.2,500.1
False,INFEASIBLE_MID,,0.2,8632.492464810297,-9.543903145114996e-05,1,5,704.8538819993458,4229.123291996075,0.04,5,0.2,RA-MPC (ours),121,150,42,679.2,500.1
True,REACHED,0.08,0.08,812.6635685301057,3.1558479347366397,0,2,98.85814600420417,197.71629200840835,0.04,5,0.2,RA-MPC (ours),122,150,42,679.2,500.1
True,REACHED,0.24000000000000002,0.24000000000000002,4718.530552974017,1.3940458835748792,0,6,105.34424300082416,632.065458004945,0.04,5,0.2,RA-MPC (ours),123,150,42,679.2,500.1
False,INFEASIBLE_MID,,0.28,10742.920385383137,-0.0006469602179066669,1,7,248.05467200167186,1984.437376013375,0.04,5,0.2,RA-MPC (ours),124,150,42,679.2,500.1
False,INFEASIBLE_MID,,0.24000000000000002,9583.27570481385,-0.00043561101009714776,1,6,648.0442798575885,4536.30995900312,0.04,5,0.2,RA-MPC (ours),125,150,42,679.2,500.1
False,INFEASIBLE_MID,,0.39999999999999997,24409.606200353202,-0.00043671277450307855,1,10,445.172833362118,4896.901166983298,0.04,5,0.2,RA-MPC (ours),126,150,42,679.2,500.1
False,INFEASIBLE_MID,,0.2,6178.027039351082,-7.147520630823578e-05,1,5,735.2081389981322,4411.248833988793,0.04,5,0.2,RA-MPC (ours),127,150,42,679.2,500.1
True,REACHED,0.12,0.12,1321.928601722244,9.912769360899146,0,3,109.03758366475813,327.1127509942744,0.04,5,0.2,RA-MPC (ours),128,150,42,679.2,500.1
False,INFEASIBLE_MID,,0.43999999999999995,39150.79353313888,-0.002128619944747001,1,11,254.86285083388793,3058.354210006655,0.04,5,0.2,RA-MPC (ours),129,150,42,679.2,500.1
False,INFEASIBLE_MID,,0.24000000000000002,7079.018592573915,-2.0984449703220776e-05,1,6,748.96572628599,5242.7600840019295,0.04,5,0.2,RA-MPC (ours),130,150,42,679.2,500.1
False,INFEASIBLE_MID,,0.24000000000000002,7601.869381649724,-5.957093886443943e-05,1,6,646.2549405717125,4523.784584001987,0.04,5,0.2,RA-MPC (ours),131,150,42,679.2,500.1
False,INFEASIBLE_MID,,0.16,3827.9840995549703,-6.32856573297147e-05,1,4,881.6757415945176,4408.378707972588,0.04,5,0.2,RA-MPC (ours),132,150,42,679.2,500.1
False,INFEASIBLE_MID,,0.39999999999999997,26616.967572232046,-0.0006625083802269671,1,10,387.45073854542255,4261.958123999648,0.04,5,0.2,RA-MPC (ours),133,150,42,679.2,500.1
False,INFEASIBLE_MID,,0.36,21660.493942725898,-0.0013076896871542232,1,9,295.4575792013202,2954.575792013202,0.04,5,0.2,RA-MPC (ours),134,150,42,679.2,500.1
False,INFEASIBLE_MID,,0.32,14437.778202081668,-0.0010627327402286113,1,8,526.0215742245135,4734.194168020622,0.04,5,0.2,RA-MPC (ours),135,150,42,679.2,500.1
False,INFEASIBLE_MID,,0.24000000000000002,10236.36954031615,-0.00031256001780732845,1,6,737.2309225736119,5160.616458015284,0.04,5,0.2,RA-MPC (ours),136,150,42,679.2,500.1
False,INFEASIBLE_MID,,0.43999999999999995,35011.98473518418,-0.0011675993634856496,1,11,404.9853299984534,4859.823959981441,0.04,5,0.2,RA-MPC (ours),137,150,42,679.2,500.1
False,INFEASIBLE_MID,,0.36,18371.98960098984,-0.0009146422719457092,1,9,468.34714569704374,4683.471456970437,0.04,5,0.2,RA-MPC (ours),138,150,42,679.2,500.1
True,REACHED,0.08,0.08,913.3715011056441,1.156406313534724,0,2,117.95493699901272,235.90987399802543,0.04,5,0.2,RA-MPC (ours),139,150,42,679.2,500.1
False,INFEASIBLE_MID,,0.36,21391.155741229337,-0.001316157243094196,1,9,289.6968583998387,2896.9685839983867,0.04,5,0.2,RA-MPC (ours),140,150,42,679.2,500.1
False,INFEASIBLE_MID,,0.24000000000000002,5292.616931685257,-8.585669735339252e-05,1,6,553.8848151398789,3877.1937059791526,0.04,5,0.2,RA-MPC (ours),141,150,42,679.2,500.1
False,INFEASIBLE_MID,,0.28,10613.83596344886,-0.0008373157287877575,1,7,505.83046337669657,4046.6437070135726,0.04,5,0.2,RA-MPC (ours),142,150,42,679.2,500.1
False,INFEASIBLE_MID,,0.2,7163.761516190228,-8.264464914731207e-05,1,5,679.3927151666139,4076.3562909996836,0.04,5,0.2,RA-MPC (ours),143,150,42,679.2,500.1
False,INFEASIBLE_MID,,0.2,8197.99737881626,-5.929044630192948e-05,1,5,518.9566249997976,3113.7397499987856,0.04,5,0.2,RA-MPC (ours),144,150,42,679.2,500.1
False,INFEASIBLE_MID,,0.16,2622.626663454185,-4.861221910701374e-05,1,4,600.2103081991663,3001.0515409958316,0.04,5,0.2,RA-MPC (ours),145,150,42,679.2,500.1
True,REACHED,0.2,0.2,2993.535382239049,0.9986363754898786,0,5,106.2395831948379,531.1979159741895,0.04,5,0.2,RA-MPC (ours),146,150,42,679.2,500.1
True,REACHED,0.16,0.16,2335.5880216894566,4.490653391314228,0,4,107.18212525534909,428.72850102139637,0.04,5,0.2,RA-MPC (ours),147,150,42,679.2,500.1
False,INFEASIBLE_MID,,0.24000000000000002,10221.985366049681,-0.00022382011699306759,1,6,194.73408328485675,1363.1385829939973,0.04,5,0.2,RA-MPC (ours),148,150,42,679.2,500.1
True,REACHED,0.32,0.32,6513.713110025514,-1.4008836854983997e-05,0,8,104.3941876214376,835.1535009715008,0.04,5,0.2,RA-MPC (ours),149,150,42,679.2,500.1
