slack_weight,sample_idx,x1,x2,x3,x4,x5,slack1,slack2
5e-05,1,-1.31174599887491,2.4805210746738,-0.239788632064246,0.188396704926908,1.16877507579889,95.0657912681784,0.011355744314202
5e-05,2,-1.30599369034217,2.7224430807328,0.409304146406049,-0.41627586689109,1.41644939039064,0.0113840681827396,0.0113949346127821
5e-05,3,-2.52790066194371,2.76488450166602,-0.208483071848808,-0.0281570251623863,0.236983839722309,0.0113723637805092,0.0111373779210253
5e-05,4,-1.43665640403064,2.64498810868677,-0.462252683032567,-0.348389362069524,1.20833170465612,0.011404151504343,0.0113668319848374
5e-05,5,-1.06249904566088,2.42851400344641,0.15579627989972,-0.116277825280546,1.36601495778553,0.011394500790635,0.011327609636676
5e-05,6,-1.32103058190807,2.76553411249921,-0.237119298010674,0.265432216744772,1.44450353059114,0.0113409937192889,0.0113767677282286
5e-05,7,-1.70943378931667,2.6199678085075,-0.427031667074312,-0.308706825797893,0.91053401919083,0.0113926205310607,0.0113680777907307
5e-05,10,-0.882843134184752,2.48032504041287,-0.189852778909198,-0.266151630914522,1.59748190622812,0.011377112366521,0.0113680314137649
5e-05,11,-1.43990343174956,2.57201484351658,-0.190518420805133,-0.432326463342017,1.13211141176702,0.0114024326988067,0.011396163066526
5e-05,12,-2.05275232790298,2.73706170863463,-0.27650568574416,-0.266852696381913,0.684309380731651,0.0113901879756579,0.0113701523811224
5e-05,13,-2.02670711920039,2.75764007300655,0.475604968589112,-0.24825553571747,0.730932953806155,0.0113919939000953,0.0113747310485515
5e-05,15,-2.56852780698915,2.77780953772779,0.10102587748869,-0.284133602340511,0.209281730738638,152.32294592449,0.0114057752581135
5e-05,16,-2.39503766786455,2.72637299927317,0.0239931674646672,0.047967796793928,0.331335331408624,0.0113141476394046,0.0112353758592814
5e-05,17,-0.776203558130274,2.35349840953592,0.120278817100843,-0.443052051301552,1.57729485140565,0.011398600746436,0.011394729625901
5e-05,18,-1.58745869495817,2.52930096758236,-0.409681439700927,0.153943672179926,0.941842272624187,0.0113943150425748,0.0113767668177898
5e-05,22,-1.82621206113259,2.61569717287285,-0.209256134109326,0.342588379433667,0.789485111740262,0.0113994414023799,0.0113960372601243
5e-05,23,-0.813847780611057,2.38539584497163,0.114770953156262,0.305503111259863,1.57154806436057,85.262937864736,0.0113671165314445
5e-05,24,-0.823639893826853,2.44441490117458,0.153602952535226,-0.176060879839284,1.62077500734772,0.0113956087621957,0.0112960326577597
5e-05,25,-0.860279303560866,2.48221172427813,0.0388193672496691,0.483162289911408,1.62193242071726,0.0113992211900515,0.0113944518439974
5e-05,26,-1.38243212598604,2.61738634328205,-0.428793282458767,-0.382093688179716,1.23495421729602,0.0114044702209593,0.0113946471029204
5e-05,28,-1.11618371113177,2.57679868230356,0.126463855254056,-0.0813948143280849,1.46061497117179,0.011366845709706,0.0111299117613625
5e-05,29,-1.18298513729317,2.67937947794852,-0.0921399744090866,-0.207403556376057,1.49639434065536,0.011404069642514,0.0113683775126192
5e-05,30,-1.58028934131385,2.69100547268859,0.205034522263333,0.0517900635794957,1.11071613137474,0.011317831657269,0.0111372053909739
5e-05,31,-1.64504610329383,2.63002032266095,-0.215459389727944,-0.150735094152361,0.98497421936712,0.0113665220091464,0.0112962892285456
5e-05,32,-1.29969114198075,2.62515608725726,-0.433831278274819,0.180265628728575,1.32546494527651,0.0113945215369496,0.0113668242114363
5e-05,33,-1.45729912418243,2.65500260291152,0.151319897226239,0.255714133601085,1.19770347872909,0.0114049446815642,0.0113671591287117
5e-05,34,-1.29140971976854,2.80239086513111,-0.393611594585923,-0.237176973787611,1.51098114536258,0.0113387948442507,0.0113635694387754
5e-05,35,-1.52123653757335,2.56829289274437,0.372948730409002,-0.131866410018862,1.04705635517103,0.011394169050237,0.011371185837267
5e-05,36,-1.84460955177425,2.75418685367173,-0.160506084940057,-0.240608392579144,0.909577301897487,0.011332082871135,0.0113686521800378
5e-05,38,-0.906835067332574,2.58116156744788,-0.334122075337465,-0.138511570034752,1.67432650011531,0.011312773278756,0.0113667409361328
5e-05,39,-1.49373906384364,2.72025721947252,-0.0518713005348405,0.355624566175877,1.22651815562889,0.011343121200854,0.0113759117216952
5e-05,40,-2.47181607572867,2.74086113913133,0.378697583826076,0.392426177536039,0.269045063402663,0.0113698121454274,0.0113719015062076
5e-05,41,-1.27329373936215,2.46870237545825,-0.457994232581188,0.196375849870566,1.1954086360961,149.637787001781,0.01139462377498
5e-05,42,-1.16056503543681,2.50253323576692,0.275315753880376,-0.109437897572968,1.34196820033011,0.0113923424197759,0.0113214682384475
5e-05,43,-1.27983382474272,2.71268605232612,-0.232333240230557,-0.232248334460458,1.4328522275834,0.0113967972175832,0.0113723541770219
5e-05,44,-2.5798067575612,2.75395324789479,-0.170457866476118,-0.252124427676049,0.174146490333589,0.0114057767145586,0.0113957510712597
5e-05,45,-0.94169076952095,2.52236361370327,0.489333286828275,0.352736745731932,1.58067284418232,0.0113494996938321,0.0113942309644323
5e-05,46,-2.17463615604013,2.69866970373507,0.15577730178418,-0.34145846440839,0.524033547694942,0.0113913124649823,0.0113756557143661
5e-05,47,-1.73530510464831,2.64661696817117,-0.469602585188474,-0.162098574224937,0.911311863522862,0.0113929800366664,0.0113666782978785
5e-05,49,-1.69674525253665,2.6162596650048,0.109693569374039,-0.461868385908527,0.919514412468156,0.0114037253367656,0.0113954046057218
5e-05,50,-0.826073345396043,2.44293079487156,0.0102159340784042,0.0550852504728198,1.61685744947552,0.0113666044692085,0.0111287050201536
5e-05,51,-1.99731204156039,2.71640577854066,-0.0574109766755413,-0.302419055649523,0.719093736980274,0.0113918993288529,0.0113678896375034
5e-05,52,-1.40223230538363,2.70184850425875,0.251148367822583,-0.150672964024089,1.29961619887512,0.0113878880583927,0.0113059691644517
5e-05,53,-1.44670585788884,2.47705707370837,-0.427237623760373,0.208151687740601,1.03035121581952,0.0113829788096887,0.0113592655517099
5e-05,54,-1.15512526002475,2.81203537140393,0.204085668642335,0.16994918100308,1.65691011137918,0.011387802772489,0.0113703024273079
5e-05,56,-1.68422606723093,2.54094503983765,-0.391028370696084,0.198598286727039,0.856718972606728,0.0113601677882059,0.0113742494690348
5e-05,58,-1.67313633441981,2.68037998581984,-0.466606795134143,-0.298815857833348,1.00724365140003,0.0113909448667705,0.0113682264404414
5e-05,59,-1.2369810213246,2.49846487692176,0.080418165780147,-0.479232113289609,1.26148385559716,0.0111665278005894,0.0113652735492656
5e-05,60,-1.22723716340486,2.48257990332198,-0.280199288038076,-0.0767408572341708,1.25534273991712,47.3098252851644,0.0113290754334285
5e-05,62,-1.10159364015925,2.60206480502066,0.134050508306719,-0.284546723044357,1.50047116486141,0.0114043403524258,0.0113666221846272
5e-05,65,-1.73029114148935,2.76031804098348,-0.32734259890241,0.355347668683623,1.03002689949413,44.7112603508905,0.0113660989725968
5e-05,66,-2.02677481618678,2.73425270227393,0.309103216823046,-0.231445893790321,0.707477886087157,0.0113939693898743,0.0113709268638794
5e-05,67,-2.13583290874701,2.69721964247726,0.218237994981284,0.039418192753467,0.561386733730251,0.0113721995233701,0.0113058169766082
5e-05,69,-1.0874207253619,2.46413864868405,-0.070117241875152,0.397614008342385,1.37671792332215,0.011400890316545,0.0113935615815218
5e-05,70,-1.0415113604623,2.50394753652904,-0.371062694580183,-0.464289050971857,1.46243617606674,0.0113925109413925,0.0113940690006394
5e-05,71,-1.07949676618896,2.54294307587013,0.0491556907902392,-0.421193301954593,1.46344630968117,0.0113994686374952,0.0113948189600828
5e-05,73,-2.14913323155258,2.7374488002679,0.479450763112824,0.132710309966193,0.588315568715316,0.0113998690388541,0.0113693252762795
5e-05,74,-1.40175044700545,2.54037788331075,-0.0734471457583603,0.230532021005362,1.1386274363053,0.0113777591895236,0.0113758698388746
5e-05,75,-1.8722907740632,2.63390649982314,0.222762032839697,0.130687188312316,0.761615725759939,0.0113838006308774,0.011303360563402
5e-05,76,-1.38684923796645,2.82046220908899,-0.462002162695258,-0.0744657022788004,1.43361297112254,166.24787435143,0.011805738034153
5e-05,77,-1.24868719361893,2.48405398268713,-0.16452338943913,0.0683051045948369,1.2353667890682,71.6093017480087,0.01120520817513
5e-05,78,-1.27399242745674,2.70797603967406,0.0502955231831296,0.0255407311257162,1.43398361221732,0.0113107409582414,0.0110503709058141
5e-05,79,-1.2975479917871,2.5563027533187,0.125667180631593,-0.410142081999953,1.2587547615316,0.011365122201093,0.0113951517327964
5e-05,80,-1.77253335815101,2.76704272851539,-0.282742599506135,-0.0103099578391185,0.994509370364386,37.3948322205068,0.0111999499811673
5e-05,82,-0.783325290804284,2.35227998918874,0.292902278329636,0.431607495147661,1.56895469838446,0.0112433950110974,0.0113939255800588
5e-05,84,-1.28622776003795,2.57243681254546,0.279104187338647,0.102049543549351,1.2862090525075,0.0113987422558309,0.0113053491140385
5e-05,85,-1.68147888934516,2.63793720843697,0.224789301195435,0.161476768856287,0.956458319091809,0.0113682997916117,0.0112960692125011
5e-05,87,-1.14613596785089,2.59768868016106,-0.111572778772143,0.0070476590476781,1.45155271231016,0.0112962379959287,0.0110453066532983
5e-05,88,-1.59075254515918,2.59230335383506,-0.238933200104671,0.256483849099917,1.00155080867588,0.0114047268401832,0.0113694287954496
5e-05,89,-0.705923374805154,2.20789485197575,0.238191897324499,0.373999425537894,1.50197147717059,0.0113939145513708,0.0113942331679761
5e-05,90,-2.09259545938514,2.79990367110683,0.0379230312678858,0.139601748513116,0.707308211721682,39.441952981701,0.0121007727584161
5e-05,91,-1.46025827886375,2.68287104992512,0.228822180092745,0.0070029904961719,1.22261277106138,0.0113128379052369,0.0111347138466866
5e-05,92,-1.25789038370721,2.72501397077461,-0.387302139561675,-0.148684454746824,1.46712358706739,0.0113950121819327,0.0113734648438706
5e-05,93,-1.59213631759879,2.67303144863922,0.0697078505699332,0.0414293943049967,1.08089513104043,0.0111396098722868,0.0110469457223306
5e-05,94,-1.90427196076202,2.64898678430836,0.484018150196361,0.13153690974266,0.74471482354634,0.0114066526055539,0.0113689203270966
5e-05,95,-1.32647504997025,2.52785970381567,-0.0824771938924697,-0.0283569028982764,1.20138465384542,0.0113418559555461,0.0110687169401441
5e-05,97,-1.6938420676447,2.53825503806358,0.0527474475967035,-0.331398308762448,0.844412970418883,0.0112936523425462,0.0113714995545174
5e-05,98,-1.27825177051902,2.5906337815159,-0.481651338326367,0.118022278681512,1.31238201099688,0.0113959510167911,0.0113003910208615
5e-05,99,-1.31918282875032,2.60887819791727,-0.13354335366002,0.192030695153113,1.28969536916695,0.01139578722911,0.0113679248298838
5e-05,100,-2.01461111894373,2.79008558773093,-0.0723070908837954,0.0471151083286355,0.775474468787192,0.0116731889549033,0.0112457214969971
5e-05,101,-1.45434530298406,2.74060592223286,0.498844827184631,0.323209942180636,1.2862606192488,0.0126446745361655,0.0113754378757576
5e-05,102,-1.55130878139194,2.54739103803006,-0.0986745560587761,-0.388953612708102,0.996082256638122,0.0114048250826949,0.0113967672670504
5e-05,103,-1.45233620224,2.71690555389695,-0.38772724167109,-0.44703359439029,1.26456935165695,0.011316132250412,0.0113941323366781
5e-05,105,-1.20765440636221,2.51980531313015,0.337562734676324,-0.132000338551904,1.31215090676794,0.0113731887796301,0.011320125065577
5e-05,106,-1.92351507352395,2.68134334052078,0.0555186667025958,0.490198490462357,0.757828266996827,0.0114096956735446,0.0113943572615723
5e-05,108,-1.84567240235975,2.79337734248983,-0.15314298907111,-0.193542268649549,0.947704940130078,161.439788988325,0.0116779023693795
5e-05,109,-1.98899134043098,2.78064566211981,-0.435334456149429,-0.235889609820924,0.791654321688826,0.0113305227214602,0.011333940462558
5e-05,110,-2.72078503854386,2.76391999531849,0.0325148697565201,0.421797756503509,0.0431349567746269,0.011404904238602,0.0113944132726994
5e-05,113,-1.41190579558935,2.74548463895197,0.475543193723953,-0.371845015436867,1.33357884336263,0.0116959748713372,0.0113840775593024
5e-05,114,-1.40107163084008,2.65806800804351,0.116712330767135,0.381890964948087,1.25699637720343,0.0114048784379603,0.0113948264510289
5e-05,115,-1.81438391367044,2.78566090103223,-0.124116045204326,0.389226891584987,0.971276987361788,148.066494619211,0.0115939940279337
5e-05,116,-1.3925518996251,2.61171939494871,0.415251884030758,-0.455667749197719,1.21916749532361,0.011399239945329,0.0113947554611133
5e-05,117,-0.909052830627916,2.55582378292562,0.299947048584882,0.394465379315091,1.64677095229771,0.0113976075276069,0.0113946075299458
5e-05,118,-0.87082573899567,2.5493484471837,-0.295735241666995,-0.386256980586276,1.67852270818803,6.34009105242078,0.0113947000768082
5e-05,119,-1.6494708750338,2.70732188146528,-0.335960052923587,-0.151611939897943,1.05785100643149,0.0113656355771626,0.0113074834625589
5e-05,120,-1.1819963651877,2.44821906924767,-0.288479482255773,0.213281722382236,1.26622270405997,103.195638559857,0.0115241055297538
5e-05,122,-1.43487104006422,2.73442717313526,-0.30724567811296,0.271818212102641,1.29955613307103,0.0115227958440556,0.0113761116746066
5e-05,123,-1.33237870721721,2.58397409839989,0.477723511872644,-0.168023047838767,1.25159539118268,0.0113954977125473,0.011370298604075
5e-05,124,-1.08828095928013,2.48040485081598,-0.486322348895356,-0.307519232229578,1.39212389153584,0.0114001428839512,0.0113906716079294
5e-05,125,-1.79261860796816,2.57678945591146,-0.249195867499104,0.0948252892737712,0.784170847943306,11.7930507599209,0.0113245802640937
5e-05,127,-1.09823044341681,2.8070626227741,-0.269182214812218,-0.250230987140685,1.70883217935729,63.6141255728775,0.0113953103362224
5e-05,130,-1.63028813167327,2.51511409935569,-0.224077446931897,0.396437435718737,0.884825967682422,0.0113928821381587,0.011363247960705
5e-05,131,-1.29391229592107,2.64461641778713,0.270489358501296,0.130052202149628,1.35070412186606,0.0113946121330671,0.0112960671001519
5e-05,132,-1.10377107512803,2.55334960437214,0.0455743467454452,-0.333266752194657,1.4495785292441,0.0114049915925034,0.0113950390752182
5e-05,133,-1.51681376761153,2.68036827819482,0.188866484425556,-0.391850401986737,1.16355451058329,0.011399425430568,0.0113959141129606
5e-05,134,-1.29839874618078,2.55980763762983,0.162496873184278,-0.347171822274108,1.26140889144905,0.01138719688775,0.0113956014990401
5e-05,135,-2.54834122308937,2.74409841066305,0.0373577492268772,0.182721177735303,0.195757187573682,0.0112995480960524,0.0113489260940116
5e-05,136,-1.35376639981996,2.73971720645257,0.264400111389306,-0.174002081464397,1.38595080663261,0.0113418941766686,0.0113740665236859
5e-05,139,-1.27972272895476,2.59314084739493,0.255874151178387,-0.348866000151106,1.31341811844017,0.0114035307220459,0.0113954188657179
5e-05,140,-1.97746386981358,2.71225724785773,-0.49144522988183,0.395147158971728,0.734793378044145,0.0114068553557449,0.011395486392025
5e-05,141,-1.16010381548297,2.71217374712136,-0.119424058621893,-0.0062112297435919,1.55206993163839,0.0111288050910348,0.0110517154024381
5e-05,142,-2.00501531665812,2.76680205197586,0.394054612702145,0.428145220895642,0.761786735317742,0.0114237008868903,0.0113835175423712
5e-05,143,-0.893398269020823,2.53724144028212,0.473379195775117,-0.455141663814614,1.6438431712613,0.0114087982363051,0.0113946522522565
5e-05,144,-1.82145022615016,2.58552797396271,-0.426615983347991,-0.267676210468072,0.764077747812554,52.1433671811351,0.0113789818467631
5e-05,145,-1.49958887533145,2.7298126728597,-0.153997587027724,-0.0811293377539528,1.23022379752825,0.0115262404339335,0.0111595492942395
5e-05,146,-2.00568605182,2.71214779863612,-0.0478609448775525,0.0518799421186391,0.706461746816122,0.0112997709821154,0.0111301359989208
5e-05,147,-1.89347196667711,2.67235643801744,0.482447357047075,-0.285691737838168,0.778884471340337,0.0114039873536643,0.0113945504988517
5e-05,148,-1.21632760433453,2.44690661345997,-0.0120423602092512,0.374579516387342,1.23057900912543,194.63365961648,0.0118006220925952
5e-05,149,-1.75520115776082,2.56454729857835,0.389285462074263,0.224362706563218,0.809346140817533,0.0116355344990417,0.0113672395802885
5e-05,151,-1.15018342928263,2.48639951664703,0.385228984211173,-0.327244606009277,1.33621608736439,0.0113786209717445,0.0113711858357633
5e-05,152,-1.07553921245508,2.679826782138,-0.226796493949768,-0.307209564180894,1.60428756968291,0.0114063868196992,0.0113947145067973
5e-05,153,-1.57956209529439,2.70810117838349,-0.0948178961990389,-0.208414626487805,1.1285390830891,0.0113681190249458,0.0113731819632637
5e-05,154,-1.3109170416516,2.6837266483403,0.0800435552980984,-0.482365170947654,1.37280960668871,0.01139235884321,0.0113956426284716
5e-05,158,-2.00962248519486,2.67930264881926,-0.0333656300498129,-0.327139475011273,0.669680163624407,0.0113883857784795,0.0113687478496153
5e-05,159,-0.986902035145163,2.56527747319814,-0.0626387084373853,0.482468845786694,1.57837543805298,0.0113972049757748,0.0113945386745497
5e-05,161,-0.993691776141858,2.68550225499585,-0.0146271048308058,-0.408035432682486,1.69181047885399,24.3191600728591,0.0113957580278747
5e-05,162,-1.08169535152156,2.70614588194544,-0.448760458853575,-0.196301530871053,1.62445053042388,0.0114060456264185,0.011367509038287
5e-05,163,-1.87352265666087,2.73925853737595,-0.0351296294007729,0.320767221139798,0.865735880715077,0.0114054044488357,0.0113768719612294
5e-05,164,-1.70144755529807,2.6862784667626,0.316621524292736,-0.289925804913219,0.984830911464532,0.0114029569879267,0.0113691585175213
5e-05,166,-2.31708196464737,2.71806351468044,-0.264157001056725,-0.0223064993057084,0.400981550033066,0.0113686223297298,0.0113314882676134
5e-05,167,-2.02308546956384,2.71772762471561,0.403929052846088,-0.189991035430079,0.694642155151766,0.0113949595100665,0.0113679779803376
5e-05,168,-1.12039217801741,2.53020699305493,-0.0038465607158062,0.234867466969133,1.40981481503752,0.0114050681288162,0.0113726251605482
5e-05,169,-1.70572680319773,2.71442683065085,-0.426107854786466,0.246245851926862,1.00870002745312,0.0113911687311439,0.0113733055605101
5e-05,170,-1.9462802108028,2.66366638191904,0.293960345907922,0.352803983276472,0.717386171116247,0.0114078197080172,0.0113681019702787
5e-05,171,-1.57985852087596,2.6596672583757,-0.273103660043777,0.0115877622667807,1.07980873749973,0.0113003275606263,0.0111300074182358
5e-05,172,-1.63462369995135,2.70361305765884,0.2422223837868,0.341420691941333,1.0689893577075,0.0113986503707401,0.011373773592114
5e-05,173,-1.37202277481549,2.69832474460203,0.040209077901909,-0.481832179072833,1.32630196978654,0.0113742855506646,0.0113961344972256
5e-05,174,-1.42209686674632,2.7487194574731,0.480391204593076,-0.425529201131464,1.32662259072678,0.0119304534035819,0.011379919810824
5e-05,176,-0.941126093595506,2.56046224189313,0.158842899965502,-0.305641530550571,1.61933614829762,0.0114042651915137,0.0113666523070406
5e-05,178,-1.25330980243372,2.49760488209972,-0.3350932561533,0.362344060316856,1.24429507966601,12.0506008764976,0.0113679225202049
5e-05,179,-1.12195230147442,2.59234237047212,0.219683153082689,-0.293168418934855,1.47039006899769,0.0114043621247442,0.0113668972401996
5e-05,180,-1.772960406944,2.77146171157728,-0.285654439936326,0.23067854448492,0.998501304633272,75.7834258108127,0.0113588991114423
5e-05,181,-1.14349939166211,2.67573432274146,0.0604225186158683,0.370642037414964,1.53223493107936,0.0114052790236035,0.0113954147792705
5e-05,182,-1.17759296380775,2.73522890153808,0.04288243229793,0.0466683024985755,1.55763593773033,0.0112969819821458,0.0111368684217677
5e-05,183,-0.672677015886234,2.14819572185584,-0.435228639517163,-0.128448132956347,1.47551870596961,60.0112344850819,0.0113944347526847
5e-05,184,-0.935328702410401,2.59686887718957,-0.349045212588354,-0.494478521598009,1.66154017477917,0.0113698572356581,0.0113945599451903
5e-05,185,-1.05388043874081,2.47466194662376,-0.164442599957999,-0.0664763523992123,1.42078150788295,0.0113997180443369,0.0113067711312216
5e-05,186,-1.30576529100946,2.67876239724371,-0.0332941150784024,0.127130630581387,1.37299710623425,0.0113968978924338,0.0112993305403918
5e-05,187,-0.77230919585099,2.37529452473132,0.455530642942875,-0.0924980187669825,1.60298532888033,0.0114070199297861,0.0112971447689149
5e-05,190,-1.27676750449721,2.69826670781687,0.25553353433934,0.104736509846741,1.42149920331965,0.0113967765893025,0.0113022766274101
5e-05,192,-1.60761504691229,2.58855056967667,0.376652606102746,-0.401845243291638,0.980935522764371,0.0114045312987789,0.0113957316778437
5e-05,193,-1.35768141965183,2.82039461633521,0.297777962804918,-0.187539157450823,1.46271319668338,65.9082891770929,0.0114791382418791
5e-05,194,-1.43395625268092,2.55890915869768,0.281950737425929,-0.327536133148117,1.12495290601676,0.0113953775842669,0.0113958220347161
5e-05,195,-1.15264532133604,2.47272883317064,0.173435901499185,0.477868884794167,1.32008351183461,0.0113148283755904,0.0113739805734325
5e-05,196,-1.02546115190373,2.664930670388,0.312562710390873,-0.468180708975089,1.63946951848427,0.0113923130671104,0.0113945132871216
5e-05,200,-2.34251475050232,2.76267236834715,0.173999426956082,0.0793473728512207,0.420157617844829,0.0113797083475187,0.0113102863841203
5e-05,202,-1.40606271562574,2.67771402641321,-0.157279870222021,-0.0375202875647858,1.27165131078747,0.0113082486999383,0.011132897128823
5e-05,204,-0.974491913307062,2.44725999445084,-0.432373672362327,-0.0132965240737363,1.47276808114377,135.656876582243,0.0112970396625712
5e-05,205,-1.53312473199488,2.70782310556571,0.194203889062652,0.239659685195577,1.17469837357083,0.0113783424866353,0.0113743910407021
5e-05,206,-1.81569556086176,2.77444264264414,-0.205676145767377,0.380137471445327,0.958747081782383,57.1931414600249,0.0113617120219894
5e-05,207,-1.09630285418147,2.52886057841314,-0.003985454744542,0.0541792464226283,1.43255772423167,0.0113667382864942,0.0111353604115701
5e-05,208,-1.2538386591911,2.79281295483649,-0.362403848828886,0.25003753754066,1.5389742956454,0.0114072158146352,0.0113804360756664
5e-05,209,-1.52875758306452,2.64436124694223,-0.253316134612443,0.0865556143421731,1.11560366387771,0.0113673185561516,0.0112962008685812
5e-05,210,-2.25807402607791,2.76850110730779,-0.386844217246281,-0.109526526147011,0.510427081229881,0.0113675235855611,0.0113695481282439
5e-05,211,-1.43987964088565,2.694055496788,0.449434521204899,0.0111119129844214,1.25417585590235,0.0113761563030107,0.0113041971475699
5e-05,212,-1.65085361007986,2.74133059209136,-0.173204022924959,0.248758515872964,1.0904769820115,0.011869140298302,0.0113743818037857
5e-05,215,-1.35335280192078,2.44276217349181,-0.201963139202902,0.244882286799955,1.08940937157103,127.357979968108,0.0117705627671677
5e-05,216,-1.05854273637752,2.70586040127237,0.321809052887251,-0.163769864179401,1.64731766489485,0.0113990231082159,0.0112960663570954
5e-05,217,-1.05931510512494,2.7690019209125,0.474151935429478,-0.430627680060533,1.70968681578756,130.857176961467,0.0113969594086569
5e-05,218,-0.90953592880909,2.53344609653941,0.412512609539107,-0.366402440103984,1.62391016773032,0.0114039285913226,0.0113665844478636
5e-05,219,-0.919825177399526,2.62618827802309,-0.148339086880026,0.222449556129821,1.70636310062357,182.829642433469,0.0113684511266602
5e-05,220,-1.11984853432164,2.57920332046455,-0.33192685269562,0.167723003177913,1.45935478614291,0.0113950186094896,0.0112970491389236
5e-05,221,-1.20397324404574,2.81854590555081,-0.22637803261781,-0.273489457530502,1.61457266150506,0.0114068831681633,0.0113926631891212
5e-05,223,-0.989876353462674,2.49310626440791,-0.0827580013372335,-0.157464930851701,1.50322991094523,0.0114644107514392,0.0113666619555613
5e-05,224,-1.54856225444735,2.4980479451593,0.345616766889575,0.429490612089751,0.949485690711956,0.0114045913854035,0.0113576933202618
5e-05,225,-2.66911876902963,2.76636862923864,0.365170985805021,0.0661557818056465,0.0972498602090046,0.0113806887471289,0.0113075968495484
5e-05,226,-1.59543517854277,2.75214363802798,-0.405637332184077,-0.466042737982534,1.1567084594852,69.916709936989,0.0113528797813002
5e-05,227,-1.43386214052152,2.49265635302357,-0.499600307410675,-0.0533316925226187,1.05879421250206,0.011377959607206,0.0113686883551686
5e-05,228,-2.53330456203335,2.76891365935576,0.248979633293827,-0.254536741980559,0.235609097322408,0.0113118116409619,0.0113772813589556
5e-05,229,-1.14727615299766,2.61075071850943,-0.0141502690834626,-0.382199208238521,1.46347456551177,0.0113999034832166,0.0113944894767061
5e-05,230,-1.20830526913568,2.6543282307962,-0.407363537276584,0.367763914115314,1.44602296166051,0.0114052593109146,0.0113948746867642
5e-05,231,-1.31349721464301,2.73311332613498,0.492494676896073,-0.146747005820093,1.41961611149197,0.0113770625484295,0.0113118339886539
5e-05,232,-1.00066414020852,2.71432232769022,0.371478941985113,0.182829170439742,1.7136581874817,188.172416647825,0.0113686566817914
5e-05,233,-1.6941499355097,2.70719117092271,-0.0464746579516995,-0.0919697713305563,1.01304123541301,0.0113727836496004,0.0111406473157525
5e-05,234,-1.40388468773706,2.5857418483531,-0.0248118620191177,-0.37462929441208,1.18185716061604,0.0114027322741578,0.011395653788247
5e-05,236,-1.80240411681919,2.64374515103576,0.189007510845079,0.137361391175909,0.84134103421657,0.0113714199890259,0.0112969599545435
5e-05,237,-2.11514623146023,2.69260766916879,0.289616069716998,-0.223655992604453,0.577461437708566,0.0113938480795737,0.011372043295399
5e-05,238,-1.60138183718445,2.6337122345327,0.483898036360018,0.0922488153893509,1.03233039734825,0.0113954736945573,0.0112960222672517
5e-05,241,-1.31850359758453,2.53776617772,0.391259829922494,0.170910607981305,1.21926258013547,0.0113608606113581,0.0113764725151859
5e-05,242,-1.09749763244867,2.65555662746565,-0.0142802064662416,0.274600746388784,1.55805899501697,0.0114045413215774,0.0113671802991388
5e-05,243,-1.58622602652176,2.56519906079596,0.199201929245944,-0.198027862258154,0.978973034274202,0.0113944865301734,0.0113722066005052
5e-05,244,-1.04800871800654,2.67925101750743,0.0330328849390766,0.10351179081413,1.63124229950089,0.011395432549097,0.0112962170966155
5e-05,247,-1.68913497201816,2.63212166295071,0.414961282010757,0.39197223683712,0.942986690932559,0.0113967637743007,0.0113666265900637
5e-05,248,-1.54063185697826,2.65873147731871,-0.281782764467068,0.236621289380061,1.11809962034045,0.0114042560913589,0.0113673387426278
5e-05,250,-1.12952796525886,2.79048204491655,-0.348254106207153,0.435810348772485,1.66095407965769,0.0113692198045245,0.0113978474079113
2e-05,1,-1.31174599887491,2.4805210746738,-0.239788632064246,0.188396704926908,1.16877507579889,94.8129749060658,0.007613586071323
2e-05,2,-1.30599369034217,2.7224430807328,0.409304146406049,-0.41627586689109,1.41644939039064,0.0076334122267599,0.0076380384082179
2e-05,3,-2.52790066194371,2.76488450166602,-0.208483071848808,-0.0281570251623863,0.236983839722309,0.0076229187689308,0.007412862818867
2e-05,4,-1.43665640403064,2.64498810868677,-0.462252683032567,-0.348389362069524,1.20833170465612,0.0076399932777637,0.0076146905256943
2e-05,5,-1.06249904566088,2.42851400344641,0.15579627989972,-0.116277825280546,1.36601495778553,0.0076355296060103,0.0075790809395625
2e-05,6,-1.32103058190807,2.76553411249921,-0.237119298010674,0.265432216744772,1.44450353059114,0.0076467710470608,0.0076306797649608
2e-05,7,-1.70943378931667,2.6199678085075,-0.427031667074312,-0.308706825797893,0.91053401919083,0.007634079143389,0.0076157445763862
2e-05,10,-0.882843134184752,2.48032504041287,-0.189852778909198,-0.266151630914522,1.59748190622812,0.0076497513063439,0.0076158598539596
2e-05,11,-1.43990343174956,2.57201484351658,-0.190518420805133,-0.432326463342017,1.13211141176702,0.0076397356814541,0.007637717807738
2e-05,12,-2.05275232790298,2.73706170863463,-0.27650568574416,-0.266852696381913,0.684309380731651,0.0076327274102316,0.0076182960569694
2e-05,13,-2.02670711920039,2.75764007300655,0.475604968589112,-0.24825553571747,0.730932953806155,0.0076364291236018,0.0076248530241879
2e-05,15,-2.56852780698915,2.77780953772779,0.10102587748869,-0.284133602340511,0.209281730738638,152.006673874584,0.0074903679762103
2e-05,16,-2.39503766786455,2.72637299927317,0.0239931674646672,0.047967796793928,0.331335331408624,0.0075682955128943,0.0074606981896195
2e-05,17,-0.776203558130274,2.35349840953592,0.120278817100843,-0.443052051301552,1.57729485140565,0.0076322900896563,0.0076357898488262
2e-05,18,-1.58745869495817,2.52930096758236,-0.409681439700927,0.153943672179926,0.941842272624187,0.0076353729635159,0.0076274074294677
2e-05,22,-1.82621206113259,2.61569717287285,-0.209256134109326,0.342588379433667,0.789485111740262,0.0076449820185389,0.007638548963149
2e-05,23,-0.813847780611057,2.38539584497163,0.114770953156262,0.305503111259863,1.57154806436057,86.986241699071,0.0076148493620657
2e-05,24,-0.823639893826853,2.44441490117458,0.153602952535226,-0.176060879839284,1.62077500734772,0.0076366889372113,0.0075525706503137
2e-05,25,-0.860279303560866,2.48221172427813,0.0388193672496691,0.483162289911408,1.62193242071726,0.0076318951484571,0.0076354709323881
2e-05,26,-1.38243212598604,2.61738634328205,-0.428793282458767,-0.382093688179716,1.23495421729602,0.0076399737985108,0.0076356472353402
2e-05,28,-1.11618371113177,2.57679868230356,0.126463855254056,-0.0813948143280849,1.46061497117179,0.0076146633333815,0.0074063948552609
2e-05,29,-1.18298513729317,2.67937947794852,-0.0921399744090866,-0.207403556376057,1.49639434065536,0.007639847088824,0.0076161414188708
2e-05,30,-1.58028934131385,2.69100547268859,0.205034522263333,0.0517900635794957,1.11071613137474,0.0075714430208242,0.007412719698724
2e-05,31,-1.64504610329383,2.63002032266095,-0.215459389727944,-0.150735094152361,0.98497421936712,0.00761439352558,0.0075527873581483
2e-05,32,-1.29969114198075,2.62515608725726,-0.433831278274819,0.180265628728575,1.32546494527651,0.007635554384798,0.0076146537241418
2e-05,33,-1.45729912418243,2.65500260291152,0.151319897226239,0.255714133601085,1.19770347872909,0.0076407683561641,0.0076149326511255
2e-05,34,-1.29140971976854,2.80239086513111,-0.393611594585923,-0.237176973787611,1.51098114536258,0.0076283811431798,0.0076221468437449
2e-05,35,-1.52123653757335,2.56829289274437,0.372948730409002,-0.131866410018862,1.04705635517103,0.0076355811634309,0.0076189811533343
2e-05,36,-1.84460955177425,2.75418685367173,-0.160506084940057,-0.240608392579144,0.909577301897487,0.0076180986642798,0.0076230852153572
2e-05,38,-0.906835067332574,2.58116156744788,-0.334122075337465,-0.138511570034752,1.67432650011531,0.0076027524287357,0.0076145407820009
2e-05,39,-1.49373906384364,2.72025721947252,-0.0518713005348405,0.355624566175877,1.22651815562889,0.0076419366810694,0.0076248889877603
2e-05,40,-2.47181607572867,2.74086113913133,0.378697583826076,0.392426177536039,0.269045063402663,0.0076241971708281,0.0076371395883033
2e-05,41,-1.27329373936215,2.46870237545825,-0.457994232581188,0.196375849870566,1.1954086360961,149.134684159484,0.0075694935620692
2e-05,42,-1.16056503543681,2.50253323576692,0.275315753880376,-0.109437897572968,1.34196820033011,0.0076423868014274,0.0075744353748405
2e-05,43,-1.27983382474272,2.71268605232612,-0.232333240230557,-0.232248334460458,1.4328522275834,0.0076384418433811,0.0076202125129953
2e-05,44,-2.5798067575612,2.75395324789479,-0.170457866476118,-0.252124427676049,0.174146490333589,0.0076409041794724,0.0076367079725437
2e-05,45,-0.94169076952095,2.52236361370327,0.489333286828275,0.352736745731932,1.58067284418232,0.0076114551734759,0.0076352651276739
2e-05,46,-2.17463615604013,2.69866970373507,0.15577730178418,-0.34145846440839,0.524033547694942,0.0076335686906576,0.0076235407020426
2e-05,47,-1.73530510464831,2.64661696817117,-0.469602585188474,-0.162098574224937,0.911311863522862,0.0076343614282161,0.0076145125557448
2e-05,49,-1.69674525253665,2.6162596650048,0.109693569374039,-0.461868385908527,0.919514412468156,0.0076396065969556,0.0076363850992718
2e-05,50,-0.826073345396043,2.44293079487156,0.0102159340784042,0.0550852504728198,1.61685744947552,0.007614448053661,0.0074053376301982
2e-05,51,-1.99731204156039,2.71640577854066,-0.0574109766755413,-0.302419055649523,0.719093736980274,0.007633676377172,0.0076157778073945
2e-05,52,-1.40223230538363,2.70184850425875,0.251148367822583,-0.150672964024089,1.29961619887512,0.0076401623638772,0.0075611484962351
2e-05,53,-1.44670585788884,2.47705707370837,-0.427237623760373,0.208151687740601,1.03035121581952,0.007650066250054,0.0076225943544708
2e-05,54,-1.15512526002475,2.81203537140393,0.204085668642335,0.16994918100308,1.65691011137918,0.007633486799018,0.0076180512598643
2e-05,56,-1.68422606723093,2.54094503983765,-0.391028370696084,0.198598286727039,0.856718972606728,0.0076314360405253,0.0076284809674772
2e-05,58,-1.67313633441981,2.68037998581984,-0.466606795134143,-0.298815857833348,1.00724365140003,0.0076338148080496,0.0076160895539911
2e-05,59,-1.2369810213246,2.49846487692176,0.080418165780147,-0.479232113289609,1.26148385559716,0.0080115097462426,0.0076368126112738
2e-05,60,-1.22723716340486,2.48257990332198,-0.280199288038076,-0.0767408572341708,1.25534273991712,47.3179408966543,0.0075723466149687
2e-05,62,-1.10159364015925,2.60206480502066,0.134050508306719,-0.284546723044357,1.50047116486141,0.0076400024801189,0.0076144628633585
2e-05,65,-1.73029114148935,2.76031804098348,-0.32734259890241,0.355347668683623,1.03002689949413,44.8204344500601,0.007645562171191
2e-05,66,-2.02677481618678,2.73425270227393,0.309103216823046,-0.231445893790321,0.707477886087157,0.0076356326362866,0.0076187991752793
2e-05,67,-2.13583290874701,2.69721964247726,0.218237994981284,0.039418192753467,0.561386733730251,0.0076197186409703,0.0075610458352489
2e-05,69,-1.0874207253619,2.46413864868405,-0.070117241875152,0.397614008342385,1.37671792332215,0.0076336088975147,0.0076446026163515
2e-05,70,-1.0415113604623,2.50394753652904,-0.371062694580183,-0.464289050971857,1.46243617606674,0.0076333887182437,0.0076351949528076
2e-05,71,-1.07949676618896,2.54294307587013,0.0491556907902392,-0.421193301954593,1.46344630968117,0.0076325134768276,0.0076358899099563
2e-05,73,-2.14913323155258,2.7374488002679,0.479450763112824,0.132710309966193,0.588315568715316,0.0076406956523612,0.007616902145523
2e-05,74,-1.40175044700545,2.54037788331075,-0.0734471457583603,0.230532021005362,1.1386274363053,0.0076433096236662,0.0076250022870146
2e-05,75,-1.8722907740632,2.63390649982314,0.222762032839697,0.130687188312316,0.761615725759939,0.007631965043481,0.0075589275341085
2e-05,76,-1.38684923796645,2.82046220908899,-0.462002162695258,-0.0744657022788004,1.43361297112254,164.929975876882,0.0081011678120177
2e-05,77,-1.24868719361893,2.48405398268713,-0.16452338943913,0.0683051045948369,1.2353667890682,71.466733593865,0.0074621375508763
2e-05,78,-1.27399242745674,2.70797603967406,0.0502955231831296,0.0255407311257162,1.43398361221732,0.0075651942799638,0.0073611298593974
2e-05,79,-1.2975479917871,2.5563027533187,0.125667180631593,-0.410142081999953,1.2587547615316,0.0076199784676134,0.0076383903396376
2e-05,80,-1.77253335815101,2.76704272851539,-0.282742599506135,-0.0103099578391185,0.994509370364386,37.2115595967162,0.0074591201254216
2e-05,82,-0.783325290804284,2.35227998918874,0.292902278329636,0.431607495147661,1.56895469838446,0.007576275446247,0.00763497408609
2e-05,84,-1.28622776003795,2.57243681254546,0.279104187338647,0.102049543549351,1.2862090525075,0.0076428008358319,0.0075607200015875
2e-05,85,-1.68147888934516,2.63793720843697,0.224789301195435,0.161476768856287,0.956458319091809,0.0076160208595329,0.0075526003661233
2e-05,87,-1.14613596785089,2.59768868016106,-0.111572778772143,0.0070476590476781,1.45155271231016,0.0075527724732018,0.0073559631224711
2e-05,88,-1.59075254515918,2.59230335383506,-0.238933200104671,0.256483849099917,1.00155080867588,0.00764032034947,0.0076171922486388
2e-05,89,-0.705923374805154,2.20789485197575,0.238191897324499,0.373999425537894,1.50197147717059,0.0076272627770769,0.0076352687381215
2e-05,90,-2.09259545938514,2.79990367110683,0.0379230312678858,0.139601748513116,0.707308211721682,39.4885681861971,0.0083579082493702
2e-05,91,-1.46025827886375,2.68287104992512,0.228822180092745,0.0070029904961719,1.22261277106138,0.0075670312515163,0.0074105640221303
2e-05,92,-1.25789038370721,2.72501397077461,-0.387302139561675,-0.148684454746824,1.46712358706739,0.0076393763621294,0.0076214328313203
2e-05,93,-1.59213631759879,2.67303144863922,0.0697078505699332,0.0414293943049967,1.08089513104043,0.0074147997997599,0.0073576620614452
2e-05,94,-1.90427196076202,2.64898678430836,0.484018150196361,0.13153690974266,0.74471482354634,0.0076486898854035,0.0076168210939789
2e-05,95,-1.32647504997025,2.52785970381567,-0.0824771938924697,-0.0283569028982764,1.20138465384542,0.0075569878260251,0.0073794176072587
2e-05,97,-1.6938420676447,2.53825503806358,0.0527474475967035,-0.331398308762448,0.844412970418883,0.007588708833941,0.0076276096277715
2e-05,98,-1.27825177051902,2.5906337815159,-0.481651338326367,0.118022278681512,1.31238201099688,0.0076374200696032,0.0075563072912622
2e-05,99,-1.31918282875032,2.60887819791727,-0.13354335366002,0.192030695153113,1.28969536916695,0.0076369497714641,0.0076157131745697
2e-05,100,-2.01461111894373,2.79008558773093,-0.0723070908837954,0.0471151083286355,0.775474468787192,0.007815258174963,0.0074667147826074
2e-05,101,-1.45434530298406,2.74060592223286,0.498844827184631,0.323209942180636,1.2862606192488,0.0088302823674729,0.0076287811477103
2e-05,102,-1.55130878139194,2.54739103803006,-0.0986745560587761,-0.388953612708102,0.996082256638122,0.0076403232524173,0.0076401164993881
2e-05,103,-1.45233620224,2.71690555389695,-0.38772724167109,-0.44703359439029,1.26456935165695,0.0076212784028965,0.0076392592874012
2e-05,105,-1.20765440636221,2.51980531313015,0.337562734676324,-0.132000338551904,1.31215090676794,0.0076419269317574,0.0075732749527807
2e-05,106,-1.92351507352395,2.68134334052078,0.0555186667025958,0.490198490462357,0.757828266996827,0.0076448985744691,0.0076354043513001
2e-05,108,-1.84567240235975,2.79337734248983,-0.15314298907111,-0.193542268649549,0.947704940130078,161.120253543,0.0080446093366504
2e-05,109,-1.98899134043098,2.78064566211981,-0.435334456149429,-0.235889609820924,0.791654321688826,0.0074714365432475,0.0075967183036242
2e-05,110,-2.72078503854386,2.76391999531849,0.0325148697565201,0.421797756503509,0.0431349567746269,0.0076418477795481,0.0076351201946934
2e-05,113,-1.41190579558935,2.74548463895197,0.475543193723953,-0.371845015436867,1.33357884336263,0.0075322776957277,0.0076387058958912
2e-05,114,-1.40107163084008,2.65806800804351,0.116712330767135,0.381890964948087,1.25699637720343,0.0076407491680619,0.0076358408365619
2e-05,115,-1.81438391367044,2.78566090103223,-0.124116045204326,0.389226891584987,0.971276987361788,148.35311471885,0.0076027674948219
2e-05,116,-1.3925518996251,2.61171939494871,0.415251884030758,-0.455667749197719,1.21916749532361,0.0076318585384253,0.0076357902682735
2e-05,117,-0.909052830627916,2.55582378292562,0.299947048584882,0.394465379315091,1.64677095229771,0.0076315981512385,0.0076356415490615
2e-05,118,-0.87082573899567,2.5493484471837,-0.295735241666995,-0.386256980586276,1.67852270818803,8.89337660924417,0.0076357767352888
2e-05,119,-1.6494708750338,2.70732188146528,-0.335960052923587,-0.151611939897943,1.05785100643149,0.0076192417017683,0.0075624510903943
2e-05,120,-1.1819963651877,2.44821906924767,-0.288479482255773,0.213281722382236,1.26622270405997,102.832531648848,0.0075197657053987
2e-05,122,-1.43487104006422,2.73442717313526,-0.30724567811296,0.271818212102641,1.29955613307103,0.0075635185618335,0.0076270217874424
2e-05,123,-1.33237870721721,2.58397409839989,0.477723511872644,-0.168023047838767,1.25159539118268,0.0076380564215009,0.007618002577188
2e-05,124,-1.08828095928013,2.48040485081598,-0.486322348895356,-0.307519232229578,1.39212389153584,0.0076326056738223,0.0076362248758199
2e-05,125,-1.79261860796816,2.57678945591146,-0.249195867499104,0.0948252892737712,0.784170847943306,11.6360085620663,0.0075769905976008
2e-05,127,-1.09823044341681,2.8070626227741,-0.269182214812218,-0.250230987140685,1.70883217935729,65.3180238428296,0.0076363654745356
2e-05,130,-1.63028813167327,2.51511409935569,-0.224077446931897,0.396437435718737,0.884825967682422,0.0076391651462552,0.0076403706956566
2e-05,131,-1.29391229592107,2.64461641778713,0.270489358501296,0.130052202149628,1.35070412186606,0.0076356362239841,0.0075525929990114
2e-05,132,-1.10377107512803,2.55334960437214,0.0455743467454452,-0.333266752194657,1.4495785292441,0.0076406064623806,0.0076361480423253
2e-05,133,-1.51681376761153,2.68036827819482,0.188866484425556,-0.391850401986737,1.16355451058329,0.0076395724942473,0.0076373404927561
2e-05,134,-1.29839874618078,2.55980763762983,0.162496873184278,-0.347171822274108,1.26140889144905,0.0076361938564365,0.0076384767194196
2e-05,135,-2.54834122308937,2.74409841066305,0.0373577492268772,0.182721177735303,0.195757187573682,0.0075989972411913,0.007617109817522
2e-05,136,-1.35376639981996,2.73971720645257,0.264400111389306,-0.174002081464397,1.38595080663261,0.0076278085269995,0.0076240680615162
2e-05,139,-1.27972272895476,2.59314084739493,0.255874151178387,-0.348866000151106,1.31341811844017,0.0076397124853831,0.0076366082304006
2e-05,140,-1.97746386981358,2.71225724785773,-0.49144522988183,0.395147158971728,0.734793378044145,0.0076423886127633,0.0076364726461927
2e-05,141,-1.16010381548297,2.71217374712136,-0.119424058621893,-0.0062112297435919,1.55206993163839,0.0074054845857609,0.0073627162061956
2e-05,142,-2.00501531665812,2.76680205197586,0.394054612702145,0.428145220895642,0.761786735317742,0.0076712226952646,0.0076352118526987
2e-05,143,-0.893398269020823,2.53724144028212,0.473379195775117,-0.455141663814614,1.6438431712613,0.00764514949357,0.0076356842881629
2e-05,144,-1.82145022615016,2.58552797396271,-0.426615983347991,-0.267676210468072,0.764077747812554,53.7796799543714,0.007629962399572
2e-05,145,-1.49958887533145,2.7298126728597,-0.153997587027724,-0.0811293377539528,1.23022379752825,0.0075113014684249,0.0074314461669951
2e-05,146,-2.00568605182,2.71214779863612,-0.0478609448775525,0.0518799421186391,0.706461746816122,0.0075558047165831,0.0074065875350573
2e-05,147,-1.89347196667711,2.67235643801744,0.482447357047075,-0.285691737838168,0.778884471340337,0.0076401317240903,0.0076355699699181
2e-05,148,-1.21632760433453,2.44690661345997,-0.0120423602092512,0.374579516387342,1.23057900912543,194.335168696315,0.0077323223219551
2e-05,149,-1.75520115776082,2.56454729857835,0.389285462074263,0.224362706563218,0.809346140817533,0.00772268823629,0.0076234597254091
2e-05,151,-1.15018342928263,2.48639951664703,0.385228984211173,-0.327244606009277,1.33621608736439,0.0076362747343653,0.0076260079361415
2e-05,152,-1.07553921245508,2.679826782138,-0.226796493949768,-0.307209564180894,1.60428756968291,0.0076423227074737,0.0076357751446841
2e-05,153,-1.57956209529439,2.70810117838349,-0.0948178961990389,-0.208414626487805,1.1285390830891,0.007635353971101,0.0076214448050008
2e-05,154,-1.3109170416516,2.6837266483403,0.0800435552980984,-0.482365170947654,1.37280960668871,0.0076279172890933,0.0076369761976405
2e-05,158,-2.00962248519486,2.67930264881926,-0.0333656300498129,-0.327139475011273,0.669680163624407,0.0076323506950705,0.0076163125791302
2e-05,159,-0.986902035145163,2.56527747319814,-0.0626387084373853,0.482468845786694,1.57837543805298,0.0076311924113528,0.0076355587349107
2e-05,161,-0.993691776141858,2.68550225499585,-0.0146271048308058,-0.408035432682486,1.69181047885399,25.7141778650738,0.0076368269300813
2e-05,162,-1.08169535152156,2.70614588194544,-0.448760458853575,-0.196301530871053,1.62445053042388,0.0076435893869773,0.0076153310498241
2e-05,163,-1.87352265666087,2.73925853737595,-0.0351296294007729,0.320767221139798,0.865735880715077,0.0076496762610929,0.0076250696646537
2e-05,164,-1.70144755529807,2.6862784667626,0.316621524292736,-0.289925804913219,0.984830911464532,0.0076401680586144,0.0076169370848466
2e-05,166,-2.31708196464737,2.71806351468044,-0.264157001056725,-0.0223064993057084,0.400981550033066,0.0076163187503281,0.0075812665325389
2e-05,167,-2.02308546956384,2.71772762471561,0.403929052846088,-0.189991035430079,0.694642155151766,0.007636260007314,0.0076157826660709
2e-05,168,-1.12039217801741,2.53020699305493,-0.0038465607158062,0.234867466969133,1.40981481503752,0.0076406776589697,0.0076204432404461
2e-05,169,-1.70572680319773,2.71442683065085,-0.426107854786466,0.246245851926862,1.00870002745312,0.007642304644176,0.0076213059236806
2e-05,170,-1.9462802108028,2.66366638191904,0.293960345907922,0.352803983276472,0.717386171116247,0.0076487375477588,0.0076160639704768
2e-05,171,-1.57985852087596,2.6596672583757,-0.273103660043777,0.0115877622667807,1.07980873749973,0.0075562120424874,0.0074064764051833
2e-05,172,-1.63462369995135,2.70361305765884,0.2422223837868,0.341420691941333,1.0689893577075,0.0076482235391299,0.0076214017520492
2e-05,173,-1.37202277481549,2.69832474460203,0.040209077901909,-0.481832179072833,1.32630196978654,0.0076206344459408,0.0076380981382097
2e-05,174,-1.42209686674632,2.7487194574731,0.480391204593076,-0.425529201131464,1.32662259072678,0.0083530437269621,0.0076379120943687
2e-05,176,-0.941126093595506,2.56046224189313,0.158842899965502,-0.305641530550571,1.61933614829762,0.0076398135001198,0.0076144929287962
2e-05,178,-1.25330980243372,2.49760488209972,-0.3350932561533,0.362344060316856,1.24429507966601,11.57063142424,0.0076432519045743
2e-05,179,-1.12195230147442,2.59234237047212,0.219683153082689,-0.293168418934855,1.47039006899769,0.0076399543339761,0.0076147098739625
2e-05,180,-1.772960406944,2.77146171157728,-0.285654439936326,0.23067854448492,0.998501304633272,75.7901901466719,0.0076169403626807
2e-05,181,-1.14349939166211,2.67573432274146,0.0604225186158683,0.370642037414964,1.53223493107936,0.0076408691538194,0.0076364929405489
2e-05,182,-1.17759296380775,2.73522890153808,0.04288243229793,0.0466683024985755,1.55763593773033,0.0075533895654326,0.0074124165098438
2e-05,183,-0.672677015886234,2.14819572185584,-0.435228639517163,-0.128448132956347,1.47551870596961,63.0122133772989,0.0076354812095215
2e-05,184,-0.935328702410401,2.59686887718957,-0.349045212588354,-0.494478521598009,1.66154017477917,0.0076224961481631,0.0076355867873847
2e-05,185,-1.05388043874081,2.47466194662376,-0.164442599957999,-0.0664763523992123,1.42078150788295,0.0076414133241071,0.0075616870610503
2e-05,186,-1.30576529100946,2.67876239724371,-0.0332941150784024,0.127130630581387,1.37299710623425,0.0076387229235202,0.0075553982629666
2e-05,187,-0.77230919585099,2.37529452473132,0.455530642942875,-0.0924980187669825,1.60298532888033,0.0076964902776302,0.0075537226507159
2e-05,190,-1.27676750449721,2.69826670781687,0.25553353433934,0.104736509846741,1.42149920331965,0.0076396470135699,0.0075578839418743
2e-05,192,-1.60761504691229,2.58855056967667,0.376652606102746,-0.401845243291638,0.980935522764371,0.0076400612010557,0.007637008304443
2e-05,193,-1.35768141965183,2.82039461633521,0.297777962804918,-0.187539157450823,1.46271319668338,65.7482986392031,0.0075105147890477
2e-05,194,-1.43395625268092,2.55890915869768,0.281950737425929,-0.327536133148117,1.12495290601676,0.0076373067259288,0.0076384729632456
2e-05,195,-1.15264532133604,2.47272883317064,0.173435901499185,0.477868884794167,1.32008351183461,0.0076265008066396,0.0076486767346329
2e-05,196,-1.02546115190373,2.664930670388,0.312562710390873,-0.468180708975089,1.63946951848427,0.0076323133159576,0.0076355491121716
2e-05,200,-2.34251475050232,2.76267236834715,0.173999426956082,0.0793473728512207,0.420157617844829,0.0076280711435591,0.0075647302185953
2e-05,202,-1.40606271562574,2.67771402641321,-0.157279870222021,-0.0375202875647858,1.27165131078747,0.0075631670711273,0.0074090031012308
2e-05,204,-0.974491913307062,2.44725999445084,-0.432373672362327,-0.0132965240737363,1.47276808114377,134.515906001687,0.0075533799782492
2e-05,205,-1.53312473199488,2.70782310556571,0.194203889062652,0.239659685195577,1.17469837357083,0.007648490473104,0.0076223827146854
2e-05,206,-1.81569556086176,2.77444264264414,-0.205676145767377,0.380137471445327,0.958747081782383,57.2872980440488,0.007645114211459
2e-05,207,-1.09630285418147,2.52886057841314,-0.003985454744542,0.0541792464226283,1.43255772423167,0.007614560043728,0.0074111343368114
2e-05,208,-1.2538386591911,2.79281295483649,-0.362403848828886,0.25003753754066,1.5389742956454,0.0076488381722333,0.0076316588665342
2e-05,209,-1.52875758306452,2.64436124694223,-0.253316134612443,0.0865556143421731,1.11560366387771,0.0076150905456528,0.007552711900913
2e-05,210,-2.25807402607791,2.76850110730779,-0.386844217246281,-0.109526526147011,0.510427081229881,0.0076303619113908,0.0076240461551545
2e-05,211,-1.43987964088565,2.694055496788,0.449434521204899,0.0111119129844214,1.25417585590235,0.0076263206502509,0.0075595782429345
2e-05,212,-1.65085361007986,2.74133059209136,-0.173204022924959,0.248758515872964,1.0904769820115,0.0079386324539136,0.0076282037739622
2e-05,215,-1.35335280192078,2.44276217349181,-0.201963139202902,0.244882286799955,1.08940937157103,127.31263652667,0.0078217772606575
2e-05,216,-1.05854273637752,2.70586040127237,0.321809052887251,-0.163769864179401,1.64731766489485,0.0076500176135904,0.0075526027689153
2e-05,217,-1.05931510512494,2.7690019209125,0.474151935429478,-0.430627680060533,1.70968681578756,130.801381036396,0.0076380669769772
2e-05,218,-0.90953592880909,2.53344609653941,0.412512609539107,-0.366402440103984,1.62391016773032,0.0076395077979657,0.0076144304426698
2e-05,219,-0.919825177399526,2.62618827802309,-0.148339086880026,0.222449556129821,1.70636310062357,182.677166461855,0.0076161612820271
2e-05,220,-1.11984853432164,2.57920332046455,-0.33192685269562,0.167723003177913,1.45935478614291,0.0076360639720145,0.0075534293009277
2e-05,221,-1.20397324404574,2.81854590555081,-0.22637803261781,-0.273489457530502,1.61457266150506,0.0076425018051364,0.0076358429194094
2e-05,223,-0.989876353462674,2.49310626440791,-0.0827580013372335,-0.157464930851701,1.50322991094523,0.0075776382521492,0.0076144868930401
2e-05,224,-1.54856225444735,2.4980479451593,0.345616766889575,0.429490612089751,0.949485690711956,0.007640145445724,0.0076369638943789
2e-05,225,-2.66911876902963,2.76636862923864,0.365170985805021,0.0661557818056465,0.0972498602090046,0.0076338409533588,0.0075625977018134
2e-05,226,-1.59543517854277,2.75214363802798,-0.405637332184077,-0.466042737982534,1.1567084594852,68.7204354167512,0.0076317665029812
2e-05,227,-1.43386214052152,2.49265635302357,-0.499600307410675,-0.0533316925226187,1.05879421250206,0.0076499835984913,0.007627524306196
2e-05,228,-2.53330456203335,2.76891365935576,0.248979633293827,-0.254536741980559,0.235609097322408,0.0076114003786925,0.0076272580390459
2e-05,229,-1.14727615299766,2.61075071850943,-0.0141502690834626,-0.382199208238521,1.46347456551177,0.0076323998473146,0.0076355116025768
2e-05,230,-1.20830526913568,2.6543282307962,-0.407363537276584,0.367763914115314,1.44602296166051,0.0076409215558032,0.0076359061309953
2e-05,231,-1.31349721464301,2.73311332613498,0.492494676896073,-0.146747005820093,1.41961611149197,0.0076364870894462,0.0075659981604034
2e-05,232,-1.00066414020852,2.71432232769022,0.371478941985113,0.182829170439742,1.7136581874817,186.313338343234,0.0076164053648471
2e-05,233,-1.6941499355097,2.70719117092271,-0.0464746579516995,-0.0919697713305563,1.01304123541301,0.0076227180378857,0.0074156734772837
2e-05,234,-1.40388468773706,2.5857418483531,-0.0248118620191177,-0.37462929441208,1.18185716061604,0.007639466606721,0.007636928132778
2e-05,236,-1.80240411681919,2.64374515103576,0.189007510845079,0.137361391175909,0.84134103421657,0.0076189570662314,0.0075533739618652
2e-05,237,-2.11514623146023,2.69260766916879,0.289616069716998,-0.223655992604453,0.577461437708566,0.0076362232058079,0.0076196314129951
2e-05,238,-1.60138183718445,2.6337122345327,0.483898036360018,0.0922488153893509,1.03233039734825,0.0076364582612888,0.0075525599494458
2e-05,241,-1.31850359758453,2.53776617772,0.391259829922494,0.170910607981305,1.21926258013547,0.0076475566717843,0.0076263311708521
2e-05,242,-1.09749763244867,2.65555662746565,-0.0142802064662416,0.274600746388784,1.55805899501697,0.0076400828642616,0.0076149774444835
2e-05,243,-1.58622602652176,2.56519906079596,0.199201929245944,-0.198027862258154,0.978973034274202,0.007635503471032,0.0076200036392899
2e-05,244,-1.04800871800654,2.67925101750743,0.0330328849390766,0.10351179081413,1.63124229950089,0.0076384181216305,0.0075527271285134
2e-05,247,-1.68913497201816,2.63212166295071,0.414961282010757,0.39197223683712,0.942986690932559,0.007637597855218,0.007614505888939
2e-05,248,-1.54063185697826,2.65873147731871,-0.281782764467068,0.236621289380061,1.11809962034045,0.00764034496569,0.0076151076128541
2e-05,250,-1.12952796525886,2.79048204491655,-0.348254106207153,0.435810348772485,1.66095407965769,0.0076231428230361,0.0076389971494348
1.5e-05,1,-1.31174599887491,2.4805210746738,-0.239788632064246,0.188396704926908,1.16877507579889,94.3695638994953,0.0002704423628886
1.5e-05,2,-1.30599369034217,2.7224430807328,0.409304146406049,-0.41627586689109,1.41644939039064,0.0002699949099872,0.0002694968011266
1.5e-05,3,-2.52790066194371,2.76488450166602,-0.208483071848808,-0.0281570251623863,0.236983839722309,0.000269130771981,0.0002664572882752
1.5e-05,4,-1.43665640403064,2.64498810868677,-0.462252683032567,-0.348389362069524,1.20833170465612,0.0002695484196008,0.0002688469701671
1.5e-05,5,-1.06249904566088,2.42851400344641,0.15579627989972,-0.116277825280546,1.36601495778553,0.0002692979362286,0.0002686408978892
1.5e-05,6,-1.32103058190807,2.76553411249921,-0.237119298010674,0.265432216744772,1.44450353059114,0.000271049430715,0.0002693711410356
1.5e-05,7,-1.70943378931667,2.6199678085075,-0.427031667074312,-0.308706825797893,0.91053401919083,0.0002693202254045,0.0002688663538342
1.5e-05,10,-0.882843134184752,2.48032504041287,-0.189852778909198,-0.266151630914522,1.59748190622812,0.0002702368054248,0.0002688563288409
1.5e-05,11,-1.43990343174956,2.57201484351658,-0.190518420805133,-0.432326463342017,1.13211141176702,0.0002696727367705,0.0002693996496775
1.5e-05,12,-2.05275232790298,2.73706170863463,-0.27650568574416,-0.266852696381913,0.684309380731651,0.0002693742428188,0.0002689469049628
1.5e-05,13,-2.02670711920039,2.75764007300655,0.475604968589112,-0.24825553571747,0.730932953806155,0.000269563901584,0.0002692193064391
1.5e-05,15,-2.56852780698915,2.77780953772779,0.10102587748869,-0.284133602340511,0.209281730738638,152.448984116492,0.0002709564443178
1.5e-05,16,-2.39503766786455,2.72637299927317,0.0239931674646672,0.047967796793928,0.331335331408624,0.0002682344496332,0.0002683195735953
1.5e-05,17,-0.776203558130274,2.35349840953592,0.120278817100843,-0.443052051301552,1.57729485140565,0.0002697182676616,0.0002693011726636
1.5e-05,18,-1.58745869495817,2.52930096758236,-0.409681439700927,0.153943672179926,0.941842272624187,0.0002692967374926,0.0002692759868363
1.5e-05,22,-1.82621206113259,2.61569717287285,-0.209256134109326,0.342588379433667,0.789485111740262,0.0002698919276586,0.000269439943056
1.5e-05,23,-0.813847780611057,2.38539584497163,0.114770953156262,0.305503111259863,1.57154806436057,88.3603848504502,0.0002688693369635
1.5e-05,24,-0.823639893826853,2.44441490117458,0.153602952535226,-0.176060879839284,1.62077500734772,0.0002693072114014,0.0002679754363869
1.5e-05,25,-0.860279303560866,2.48221172427813,0.0388193672496691,0.483162289911408,1.62193242071726,0.0002696609496848,0.0002692988271262
1.5e-05,26,-1.38243212598604,2.61738634328205,-0.428793282458767,-0.382093688179716,1.23495421729602,0.0002695317367159,0.0002693046343805
1.5e-05,28,-1.11618371113177,2.57679868230356,0.126463855254056,-0.0813948143280849,1.46061497117179,0.0002688505840364,0.0002663938619462
1.5e-05,29,-1.18298513729317,2.67937947794852,-0.0921399744090866,-0.207403556376057,1.49639434065536,0.0002695563760402,0.0002688767658345
1.5e-05,30,-1.58028934131385,2.69100547268859,0.205034522263333,0.0517900635794957,1.11071613137474,0.0002682729841428,0.0002664635486822
1.5e-05,31,-1.64504610329383,2.63002032266095,-0.215459389727944,-0.150735094152361,0.98497421936712,0.0002688513515372,0.0002679777984273
1.5e-05,32,-1.29969114198075,2.62515608725726,-0.433831278274819,0.180265628728575,1.32546494527651,0.0002692983317124,0.0002688486145481
1.5e-05,33,-1.45729912418243,2.65500260291152,0.151319897226239,0.255714133601085,1.19770347872909,0.0002695732544214,0.0002688537956369
1.5e-05,34,-1.29140971976854,2.80239086513111,-0.393611594585923,-0.237176973787611,1.51098114536258,0.0002705253297999,0.0002696455068979
1.5e-05,35,-1.52123653757335,2.56829289274437,0.372948730409002,-0.131866410018862,1.04705635517103,0.0002693563850696,0.0002689557322973
1.5e-05,36,-1.84460955177425,2.75418685367173,-0.160506084940057,-0.240608392579144,0.909577301897487,0.0002703856347741,0.0002693896412541
1.5e-05,38,-0.906835067332574,2.58116156744788,-0.334122075337465,-0.138511570034752,1.67432650011531,0.0002716558668397,0.0002688552527888
1.5e-05,39,-1.49373906384364,2.72025721947252,-0.0518713005348405,0.355624566175877,1.22651815562889,0.0002710672644657,0.0002691193079599
1.5e-05,40,-2.47181607572867,2.74086113913133,0.378697583826076,0.392426177536039,0.269045063402663,0.0002696060898846,0.0002697074858066
1.5e-05,41,-1.27329373936215,2.46870237545825,-0.457994232581188,0.196375849870566,1.1954086360961,148.578836434424,0.0002714211618199
1.5e-05,42,-1.16056503543681,2.50253323576692,0.275315753880376,-0.109437897572968,1.34196820033011,0.0002697013921741,0.0002683823555413
1.5e-05,43,-1.27983382474272,2.71268605232612,-0.232333240230557,-0.232248334460458,1.4328522275834,0.0002697951988387,0.0002689785039136
1.5e-05,44,-2.5798067575612,2.75395324789479,-0.170457866476118,-0.252124427676049,0.174146490333589,0.0002695797693623,0.0002693830395103
1.5e-05,45,-0.94169076952095,2.52236361370327,0.489333286828275,0.352736745731932,1.58067284418232,0.0002702710993135,0.0002693025219481
1.5e-05,46,-2.17463615604013,2.69866970373507,0.15577730178418,-0.34145846440839,0.524033547694942,0.0002693631919372,0.0002691218771957
1.5e-05,47,-1.73530510464831,2.64661696817117,-0.469602585188474,-0.162098574224937,0.911311863522862,0.0002693203878748,0.0002688445717301
1.5e-05,49,-1.69674525253665,2.6162596650048,0.109693569374039,-0.461868385908527,0.919514412468156,0.0002695464275845,0.000269319910206
1.5e-05,50,-0.826073345396043,2.44293079487156,0.0102159340784042,0.0550852504728198,1.61685744947552,0.0002688443680299,0.0002663830351048
1.5e-05,51,-1.99731204156039,2.71640577854066,-0.0574109766755413,-0.302419055649523,0.719093736980274,0.0002693485039029,0.0002688767901912
1.5e-05,52,-1.40223230538363,2.70184850425875,0.251148367822583,-0.150672964024089,1.29961619887512,0.0002697947822816,0.0002681046810737
1.5e-05,53,-1.44670585788884,2.47705707370837,-0.427237623760373,0.208151687740601,1.03035121581952,0.0002703084598653,0.0002702122530588
1.5e-05,54,-1.15512526002475,2.81203537140393,0.204085668642335,0.16994918100308,1.65691011137918,0.0002695829275587,0.000268891735721
1.5e-05,56,-1.68422606723093,2.54094503983765,-0.391028370696084,0.198598286727039,0.856718972606728,0.0002699914127023,0.0002694636993346
1.5e-05,58,-1.67313633441981,2.68037998581984,-0.466606795134143,-0.298815857833348,1.00724365140003,0.0002694250421862,0.0002688893916025
1.5e-05,59,-1.2369810213246,2.49846487692176,0.080418165780147,-0.479232113289609,1.26148385559716,7.58420353157995e-05,0.0002701219404905
1.5e-05,60,-1.22723716340486,2.48257990332198,-0.280199288038076,-0.0767408572341708,1.25534273991712,47.5072134662821,0.0002692082246376
1.5e-05,62,-1.10159364015925,2.60206480502066,0.134050508306719,-0.284546723044357,1.50047116486141,0.0002695437182874,0.000268843857048
1.5e-05,65,-1.73029114148935,2.76031804098348,-0.32734259890241,0.355347668683623,1.03002689949413,44.7876035737757,0.0002702141933265
1.5e-05,66,-2.02677481618678,2.73425270227393,0.309103216823046,-0.231445893790321,0.707477886087157,0.0002693768405226,0.0002689483783928
1.5e-05,67,-2.13583290874701,2.69721964247726,0.218237994981284,0.039418192753467,0.561386733730251,0.0002689361231686,0.0002680912946283
1.5e-05,69,-1.0874207253619,2.46413864868405,-0.070117241875152,0.397614008342385,1.37671792332215,0.0002696588632222,0.0002697486639244
1.5e-05,70,-1.0415113604623,2.50394753652904,-0.371062694580183,-0.464289050971857,1.46243617606674,0.0002698970219186,0.0002693347795368
1.5e-05,71,-1.07949676618896,2.54294307587013,0.0491556907902392,-0.421193301954593,1.46344630968117,0.0002696823944846,0.0002693231286138
1.5e-05,73,-2.14913323155258,2.7374488002679,0.479450763112824,0.132710309966193,0.588315568715316,0.0002693772075598,0.0002688952447575
1.5e-05,74,-1.40175044700545,2.54037788331075,-0.0734471457583603,0.230532021005362,1.1386274363053,0.0002702202467725,0.0002691334226082
1.5e-05,75,-1.8722907740632,2.63390649982314,0.222762032839697,0.130687188312316,0.761615725759939,0.0002691770137076,0.0002680634780251
1.5e-05,76,-1.38684923796645,2.82046220908899,-0.462002162695258,-0.0744657022788004,1.43361297112254,164.025487168286,0.0002774177261053
1.5e-05,77,-1.24868719361893,2.48405398268713,-0.16452338943913,0.0683051045948369,1.2353667890682,71.3086299202944,0.0002675445755414
1.5e-05,78,-1.27399242745674,2.70797603967406,0.0502955231831296,0.0255407311257162,1.43398361221732,0.0002681767751168,0.0002637419512515
1.5e-05,79,-1.2975479917871,2.5563027533187,0.125667180631593,-0.410142081999953,1.2587547615316,0.0002701046285134,0.0002694897973079
1.5e-05,80,-1.77253335815101,2.76704272851539,-0.282742599506135,-0.0103099578391185,0.994509370364386,37.065404282614,0.0002673860834155
1.5e-05,82,-0.783325290804284,2.35227998918874,0.292902278329636,0.431607495147661,1.56895469838446,0.0002713278238709,0.0002693102040439
1.5e-05,84,-1.28622776003795,2.57243681254546,0.279104187338647,0.102049543549351,1.2862090525075,0.000269516237538,0.0002680846112875
1.5e-05,85,-1.68147888934516,2.63793720843697,0.224789301195435,0.161476768856287,0.956458319091809,0.0002688581506574,0.0002679761781996
1.5e-05,87,-1.14613596785089,2.59768868016106,-0.111572778772143,0.0070476590476781,1.45155271231016,0.0002679764011525,0.0002636696666896
1.5e-05,88,-1.59075254515918,2.59230335383506,-0.238933200104671,0.256483849099917,1.00155080867588,0.0002695298035298,0.0002688984100022
1.5e-05,89,-0.705923374805154,2.20789485197575,0.238191897324499,0.373999425537894,1.50197147717059,0.0002697096195874,0.0002692988942486
1.5e-05,90,-2.09259545938514,2.79990367110683,0.0379230312678858,0.139601748513116,0.707308211721682,39.3423981798245,0.0002828848989149
1.5e-05,91,-1.46025827886375,2.68287104992512,0.228822180092745,0.0070029904961719,1.22261277106138,0.0002682063603432,0.0002664400046423
1.5e-05,92,-1.25789038370721,2.72501397077461,-0.387302139561675,-0.148684454746824,1.46712358706739,0.0002695301789817,0.0002690035792493
1.5e-05,93,-1.59213631759879,2.67303144863922,0.0697078505699332,0.0414293943049967,1.08089513104043,0.0002664858185861,0.0002636907649908
1.5e-05,94,-1.90427196076202,2.64898678430836,0.484018150196361,0.13153690974266,0.74471482354634,0.0002695420570039,0.0002688986994076
1.5e-05,95,-1.32647504997025,2.52785970381567,-0.0824771938924697,-0.0283569028982764,1.20138465384542,0.0002698384551548,0.0002639655261964
1.5e-05,97,-1.6938420676447,2.53825503806358,0.0527474475967035,-0.331398308762448,0.844412970418883,0.0002716199188865,0.0002695780565753
1.5e-05,98,-1.27825177051902,2.5906337815159,-0.481651338326367,0.118022278681512,1.31238201099688,0.0002693854903233,0.0002680298465882
1.5e-05,99,-1.31918282875032,2.60887819791727,-0.13354335366002,0.192030695153113,1.28969536916695,0.0002693271008033,0.0002688669567672
1.5e-05,100,-2.01461111894373,2.79008558773093,-0.0723070908837954,0.0471151083286355,0.775474468787192,0.0002737712453886,0.0002684985927534
1.5e-05,101,-1.45434530298406,2.74060592223286,0.498844827184631,0.323209942180636,1.2862606192488,0.0002746102993407,0.0002693718947946
1.5e-05,102,-1.55130878139194,2.54739103803006,-0.0986745560587761,-0.388953612708102,0.996082256638122,0.0002695527692385,0.0002695171494779
1.5e-05,103,-1.45233620224,2.71690555389695,-0.38772724167109,-0.44703359439029,1.26456935165695,0.000271015737759,0.0002695726295335
1.5e-05,105,-1.20765440636221,2.51980531313015,0.337562734676324,-0.132000338551904,1.31215090676794,0.0002700651410811,0.0002683506856024
1.5e-05,106,-1.92351507352395,2.68134334052078,0.0555186667025958,0.490198490462357,0.757828266996827,0.0002695782704813,0.0002692961971716
1.5e-05,108,-1.84567240235975,2.79337734248983,-0.15314298907111,-0.193542268649549,0.947704940130078,161.021085837133,0.000278583847226
1.5e-05,109,-1.98899134043098,2.78064566211981,-0.435334456149429,-0.235889609820924,0.791654321688826,0.00027126618116,0.0002701680103928
1.5e-05,110,-2.72078503854386,2.76391999531849,0.0325148697565201,0.421797756503509,0.0431349567746269,0.0002700416152111,0.0002694030000999
1.5e-05,113,-1.41190579558935,2.74548463895197,0.475543193723953,-0.371845015436867,1.33357884336263,0.000276259922315,0.0002698615361656
1.5e-05,114,-1.40107163084008,2.65806800804351,0.116712330767135,0.381890964948087,1.25699637720343,0.0002695770315341,0.0002693077015489
1.5e-05,115,-1.81438391367044,2.78566090103223,-0.124116045204326,0.389226891584987,0.971276987361788,148.303772080849,0.000272047598445
1.5e-05,116,-1.3925518996251,2.61171939494871,0.415251884030758,-0.455667749197719,1.21916749532361,0.000269652954322,0.0002693107138673
1.5e-05,117,-0.909052830627916,2.55582378292562,0.299947048584882,0.394465379315091,1.64677095229771,0.0002697173636543,0.0002692961361211
1.5e-05,118,-0.87082573899567,2.5493484471837,-0.295735241666995,-0.386256980586276,1.67852270818803,10.7732916975827,0.0002693196754127
1.5e-05,119,-1.6494708750338,2.70732188146528,-0.335960052923587,-0.151611939897943,1.05785100643149,0.0002693291954228,0.0002681301159629
1.5e-05,120,-1.1819963651877,2.44821906924767,-0.288479482255773,0.213281722382236,1.26622270405997,102.354293316383,0.0002727713459584
1.5e-05,122,-1.43487104006422,2.73442717313526,-0.30724567811296,0.271818212102641,1.29955613307103,0.0002720471526647,0.0002692304507133
1.5e-05,123,-1.33237870721721,2.58397409839989,0.477723511872644,-0.168023047838767,1.25159539118268,0.0002694423005738,0.0002689215697744
1.5e-05,124,-1.08828095928013,2.48040485081598,-0.486322348895356,-0.307519232229578,1.39212389153584,0.000269640724247,0.0002695747624354
1.5e-05,125,-1.79261860796816,2.57678945591146,-0.249195867499104,0.0948252892737712,0.784170847943306,11.7279607663805,0.0002685043467007
1.5e-05,127,-1.09823044341681,2.8070626227741,-0.269182214812218,-0.250230987140685,1.70883217935729,66.5217974861558,0.0002692981108578
1.5e-05,130,-1.63028813167327,2.51511409935569,-0.224077446931897,0.396437435718737,0.884825967682422,0.0002698938876441,0.0002702609512843
1.5e-05,131,-1.29391229592107,2.64461641778713,0.270489358501296,0.130052202149628,1.35070412186606,0.0002693069549757,0.000267976246389
1.5e-05,132,-1.10377107512803,2.55334960437214,0.0455743467454452,-0.333266752194657,1.4495785292441,0.0002695337197697,0.0002693300050993
1.5e-05,133,-1.51681376761153,2.68036827819482,0.188866484425556,-0.391850401986737,1.16355451058329,0.000269769166169,0.0002693652875486
1.5e-05,134,-1.29839874618078,2.55980763762983,0.162496873184278,-0.347171822274108,1.26140889144905,0.000269930904742,0.0002694720296486
1.5e-05,135,-2.54834122308937,2.74409841066305,0.0373577492268772,0.182721177735303,0.195757187573682,0.0002702539709809,0.0002699003298831
1.5e-05,136,-1.35376639981996,2.73971720645257,0.264400111389306,-0.174002081464397,1.38595080663261,0.0002707710109136,0.0002692135121063
1.5e-05,139,-1.27972272895476,2.59314084739493,0.255874151178387,-0.348866000151106,1.31341811844017,0.0002695924879193,0.0002693432878918
1.5e-05,140,-1.97746386981358,2.71225724785773,-0.49144522988183,0.395147158971728,0.734793378044145,0.0002695478032282,0.0002693163231282
1.5e-05,141,-1.16010381548297,2.71217374712136,-0.119424058621893,-0.0062112297435919,1.55206993163839,0.0002663863615375,0.0002637034401973
1.5e-05,142,-2.00501531665812,2.76680205197586,0.394054612702145,0.428145220895642,0.761786735317742,0.0002698456907673,0.0002694593320082
1.5e-05,143,-0.893398269020823,2.53724144028212,0.473379195775117,-0.455141663814614,1.6438431712613,0.0002695845251057,0.0002692958201823
1.5e-05,144,-1.82145022615016,2.58552797396271,-0.426615983347991,-0.267676210468072,0.764077747812554,54.7331543759487,0.0002694215222285
1.5e-05,145,-1.49958887533145,2.7298126728597,-0.153997587027724,-0.0811293377539528,1.23022379752825,0.0002726354671641,0.0002667209975322
1.5e-05,146,-2.00568605182,2.71214779863612,-0.0478609448775525,0.0518799421186391,0.706461746816122,0.0002680138718017,0.0002663956543233
1.5e-05,147,-1.89347196667711,2.67235643801744,0.482447357047075,-0.285691737838168,0.778884471340337,0.0002695901531198,0.0002692963928443
1.5e-05,148,-1.21632760433453,2.44690661345997,-0.0120423602092512,0.374579516387342,1.23057900912543,193.514642587345,0.0002767130682046
1.5e-05,149,-1.75520115776082,2.56454729857835,0.389285462074263,0.224362706563218,0.809346140817533,0.0002744766241407,0.0002693626453536
1.5e-05,151,-1.15018342928263,2.48639951664703,0.385228984211173,-0.327244606009277,1.33621608736439,0.0002700631742857,0.0002694391162303
1.5e-05,152,-1.07553921245508,2.679826782138,-0.226796493949768,-0.307209564180894,1.60428756968291,0.0002695738953931,0.0002693066824845
1.5e-05,153,-1.57956209529439,2.70810117838349,-0.0948178961990389,-0.208414626487805,1.1285390830891,0.0002700814962187,0.0002690394859258
1.5e-05,154,-1.3109170416516,2.6837266483403,0.0800435552980984,-0.482365170947654,1.37280960668871,0.0002697950035886,0.0002693552452452
1.5e-05,158,-2.00962248519486,2.67930264881926,-0.0333656300498129,-0.327139475011273,0.669680163624407,0.0002694447800976,0.0002688821084949
1.5e-05,159,-0.986902035145163,2.56527747319814,-0.0626387084373853,0.482468845786694,1.57837543805298,0.0002697332808247,0.0002692981261878
1.5e-05,161,-0.993691776141858,2.68550225499585,-0.0146271048308058,-0.408035432682486,1.69181047885399,26.7247273435213,0.0002693093869288
1.5e-05,162,-1.08169535152156,2.70614588194544,-0.448760458853575,-0.196301530871053,1.62445053042388,0.0002696762606894,0.0002688539315861
1.5e-05,163,-1.87352265666087,2.73925853737595,-0.0351296294007729,0.320767221139798,0.865735880715077,0.0002695626848807,0.0002690882589813
1.5e-05,164,-1.70144755529807,2.6862784667626,0.316621524292736,-0.289925804913219,0.984830911464532,0.0002696573959669,0.0002688984295389
1.5e-05,166,-2.31708196464737,2.71806351468044,-0.264157001056725,-0.0223064993057084,0.400981550033066,0.0002688768582651,0.0002688770743828
1.5e-05,167,-2.02308546956384,2.71772762471561,0.403929052846088,-0.189991035430079,0.694642155151766,0.0002693485110689,0.0002688711148304
1.5e-05,168,-1.12039217801741,2.53020699305493,-0.0038465607158062,0.234867466969133,1.40981481503752,0.0002695328866311,0.0002689612203445
1.5e-05,169,-1.70572680319773,2.71442683065085,-0.426107854786466,0.246245851926862,1.00870002745312,0.0002696635857834,0.0002690074010307
1.5e-05,170,-1.9462802108028,2.66366638191904,0.293960345907922,0.352803983276472,0.717386171116247,0.0002694803448392,0.000268882650927
1.5e-05,171,-1.57985852087596,2.6596672583757,-0.273103660043777,0.0115877622667807,1.07980873749973,0.0002680303314278,0.0002663940641146
1.5e-05,172,-1.63462369995135,2.70361305765884,0.2422223837868,0.341420691941333,1.0689893577075,0.0002699743268924,0.0002689869227137
1.5e-05,173,-1.37202277481549,2.69832474460203,0.040209077901909,-0.481832179072833,1.32630196978654,0.0002700361995552,0.0002694187309219
1.5e-05,174,-1.42209686674632,2.7487194574731,0.480391204593076,-0.425529201131464,1.32662259072678,0.0002858984159711,0.0002699440575906
1.5e-05,176,-0.941126093595506,2.56046224189313,0.158842899965502,-0.305641530550571,1.61933614829762,0.0002695276235866,0.000268845692041
1.5e-05,178,-1.25330980243372,2.49760488209972,-0.3350932561533,0.362344060316856,1.24429507966601,10.8209108588738,0.0002702730912309
1.5e-05,179,-1.12195230147442,2.59234237047212,0.219683153082689,-0.293168418934855,1.47039006899769,0.0002695335398974,0.000268848449444
1.5e-05,180,-1.772960406944,2.77146171157728,-0.285654439936326,0.23067854448492,0.998501304633272,75.6803736382512,0.0002702288235116
1.5e-05,181,-1.14349939166211,2.67573432274146,0.0604225186158683,0.370642037414964,1.53223493107936,0.0002695341740819,0.0002693190776187
1.5e-05,182,-1.17759296380775,2.73522890153808,0.04288243229793,0.0466683024985755,1.55763593773033,0.0002679863945368,0.0002664600589807
1.5e-05,183,-0.672677015886234,2.14819572185584,-0.435228639517163,-0.128448132956347,1.47551870596961,65.3876193813482,0.0002692961292075
1.5e-05,184,-0.935328702410401,2.59686887718957,-0.349045212588354,-0.494478521598009,1.66154017477917,0.0002701407769969,0.0002692984486407
1.5e-05,185,-1.05388043874081,2.47466194662376,-0.164442599957999,-0.0664763523992123,1.42078150788295,0.0002693853624488,0.0002681228796596
1.5e-05,186,-1.30576529100946,2.67876239724371,-0.0332941150784024,0.127130630581387,1.37299710623425,0.0002694078232846,0.0002680127740616
1.5e-05,187,-0.77230919585099,2.37529452473132,0.455530642942875,-0.0924980187669825,1.60298532888033,0.0002701980497731,0.0002679794110168
1.5e-05,190,-1.27676750449721,2.69826670781687,0.25553353433934,0.104736509846741,1.42149920331965,0.0002694807884127,0.000268054108399
1.5e-05,192,-1.60761504691229,2.58855056967667,0.376652606102746,-0.401845243291638,0.980935522764371,0.0002695232563018,0.0002693574676262
1.5e-05,193,-1.35768141965183,2.82039461633521,0.297777962804918,-0.187539157450823,1.46271319668338,65.7368829878975,0.0002725583684609
1.5e-05,194,-1.43395625268092,2.55890915869768,0.281950737425929,-0.327536133148117,1.12495290601676,0.0002697833701661,0.0002694583037998
1.5e-05,195,-1.15264532133604,2.47272883317064,0.173435901499185,0.477868884794167,1.32008351183461,0.0002707745112947,0.0002702660172644
1.5e-05,196,-1.02546115190373,2.664930670388,0.312562710390873,-0.468180708975089,1.63946951848427,0.0002698816415399,0.0002692964419612
1.5e-05,200,-2.34251475050232,2.76267236834715,0.173999426956082,0.0793473728512207,0.420157617844829,0.0002692010666167,0.0002681752419506
1.5e-05,202,-1.40606271562574,2.67771402641321,-0.157279870222021,-0.0375202875647858,1.27165131078747,0.0002681294030847,0.000266422668804
1.5e-05,204,-0.974491913307062,2.44725999445084,-0.432373672362327,-0.0132965240737363,1.47276808114377,133.597915967456,0.0002679935037475
1.5e-05,205,-1.53312473199488,2.70782310556571,0.194203889062652,0.239659685195577,1.17469837357083,0.0002701250121763,0.000269033397316
1.5e-05,206,-1.81569556086176,2.77444264264414,-0.205676145767377,0.380137471445327,0.958747081782383,57.1544600407849,0.0002706913397435
1.5e-05,207,-1.09630285418147,2.52886057841314,-0.003985454744542,0.0541792464226283,1.43255772423167,0.0002688486215929,0.0002664469183107
1.5e-05,208,-1.2538386591911,2.79281295483649,-0.362403848828886,0.25003753754066,1.5389742956454,0.0002697744182403,0.0002692444620347
1.5e-05,209,-1.52875758306452,2.64436124694223,-0.253316134612443,0.0865556143421731,1.11560366387771,0.0002688619759555,0.0002679767593703
1.5e-05,210,-2.25807402607791,2.76850110730779,-0.386844217246281,-0.109526526147011,0.510427081229881,0.0002697193431739,0.0002693011756807
1.5e-05,211,-1.43987964088565,2.694055496788,0.449434521204899,0.0111119129844214,1.25417585590235,0.0002692457470197,0.0002680778074124
1.5e-05,212,-1.65085361007986,2.74133059209136,-0.173204022924959,0.248758515872964,1.0904769820115,0.0002669289283439,0.0002693740500048
1.5e-05,215,-1.35335280192078,2.44276217349181,-0.201963139202902,0.244882286799955,1.08940937157103,126.793154865962,0.0002771171477399
1.5e-05,216,-1.05854273637752,2.70586040127237,0.321809052887251,-0.163769864179401,1.64731766489485,0.0002697012485628,0.0002679769582635
1.5e-05,217,-1.05931510512494,2.7690019209125,0.474151935429478,-0.430627680060533,1.70968681578756,130.756859971912,0.0002693061360029
1.5e-05,218,-0.90953592880909,2.53344609653941,0.412512609539107,-0.366402440103984,1.62391016773032,0.0002695335506059,0.0002688459092218
1.5e-05,219,-0.919825177399526,2.62618827802309,-0.148339086880026,0.222449556129821,1.70636310062357,182.534754298703,0.0002688988613691
1.5e-05,220,-1.11984853432164,2.57920332046455,-0.33192685269562,0.167723003177913,1.45935478614291,0.0002692998701703,0.0002679893301902
1.5e-05,221,-1.20397324404574,2.81854590555081,-0.22637803261781,-0.273489457530502,1.61457266150506,0.00026952711541,0.0002694957637484
1.5e-05,223,-0.989876353462674,2.49310626440791,-0.0827580013372335,-0.157464930851701,1.50322991094523,0.0002724624073793,0.0002688472856749
1.5e-05,224,-1.54856225444735,2.4980479451593,0.345616766889575,0.429490612089751,0.949485690711956,0.0002695253350029,0.000270173302973
1.5e-05,225,-2.66911876902963,2.76636862923864,0.365170985805021,0.0661557818056465,0.0972498602090046,0.0002696620777935,0.0002681288223581
1.5e-05,226,-1.59543517854277,2.75214363802798,-0.405637332184077,-0.466042737982534,1.1567084594852,67.9062728062378,0.000270348616827
1.5e-05,227,-1.43386214052152,2.49265635302357,-0.499600307410675,-0.0533316925226187,1.05879421250206,0.0002703522323299,0.0002697241652075
1.5e-05,228,-2.53330456203335,2.76891365935576,0.248979633293827,-0.254536741980559,0.235609097322408,0.000270310776081,0.0002691038096876
1.5e-05,229,-1.14727615299766,2.61075071850943,-0.0141502690834626,-0.382199208238521,1.46347456551177,0.0002696426990484,0.0002692968612772
1.5e-05,230,-1.20830526913568,2.6543282307962,-0.407363537276584,0.367763914115314,1.44602296166051,0.0002695423892409,0.0002693025047385
1.5e-05,231,-1.31349721464301,2.73311332613498,0.492494676896073,-0.146747005820093,1.41961611149197,0.0002699681573787,0.0002682205921657
1.5e-05,232,-1.00066414020852,2.71432232769022,0.371478941985113,0.182829170439742,1.7136581874817,184.97866507669,0.0002688774262457
1.5e-05,233,-1.6941499355097,2.70719117092271,-0.0464746579516995,-0.0919697713305563,1.01304123541301,0.0002691814079992,0.0002665019780746
1.5e-05,234,-1.40388468773706,2.5857418483531,-0.0248118620191177,-0.37462929441208,1.18185716061604,0.0002696343916307,0.0002693623980256
1.5e-05,236,-1.80240411681919,2.64374515103576,0.189007510845079,0.137361391175909,0.84134103421657,0.0002688985204676,0.0002679864230613
1.5e-05,237,-2.11514623146023,2.69260766916879,0.289616069716998,-0.223655992604453,0.577461437708566,0.0002694214475198,0.0002689681707811
1.5e-05,238,-1.60138183718445,2.6337122345327,0.483898036360018,0.0922488153893509,1.03233039734825,0.0002693048355859,0.0002679751566326
1.5e-05,241,-1.31850359758453,2.53776617772,0.391259829922494,0.170910607981305,1.21926258013547,0.0002704446814813,0.0002691767502047
1.5e-05,242,-1.09749763244867,2.65555662746565,-0.0142802064662416,0.274600746388784,1.55805899501697,0.000269525575941,0.000268852875387
1.5e-05,243,-1.58622602652176,2.56519906079596,0.199201929245944,-0.198027862258154,0.978973034274202,0.0002693002302554,0.0002689817185509
1.5e-05,244,-1.04800871800654,2.67925101750743,0.0330328849390766,0.10351179081413,1.63124229950089,0.0002694800239627,0.0002679772452123
1.5e-05,247,-1.68913497201816,2.63212166295071,0.414961282010757,0.39197223683712,0.942986690932559,0.0002693118206328,0.0002688480453119
1.5e-05,248,-1.54063185697826,2.65873147731871,-0.281782764467068,0.236621289380061,1.11809962034045,0.0002695814888738,0.0002688569845301
1.5e-05,250,-1.12952796525886,2.79048204491655,-0.348254106207153,0.435810348772485,1.66095407965769,0.0002700696828166,0.0002693157266918
1.1e-05,1,-1.31174599887491,2.4805210746738,-0.239788632064246,0.188396704926908,1.16877507579889,94.3547240863795,0.0053676880427433
1.1e-05,2,-1.30599369034217,2.7224430807328,0.409304146406049,-0.41627586689109,1.41644939039064,0.0053663690624459,0.0053617667990307
1.1e-05,3,-2.52790066194371,2.76488450166602,-0.208483071848808,-0.0281570251623863,0.236983839722309,0.0053463848066599,0.0051557241140107
1.1e-05,4,-1.43665640403064,2.64498810868677,-0.462252683032567,-0.348389362069524,1.20833170465612,0.0053655084359715,0.0053341452178158
1.1e-05,5,-1.06249904566088,2.42851400344641,0.15579627989972,-0.116277825280546,1.36601495778553,0.0053569637407023,0.0053101965070441
1.1e-05,6,-1.32103058190807,2.76553411249921,-0.237119298010674,0.265432216744772,1.44450353059114,0.0053801993855338,0.0053545575160874
1.1e-05,7,-1.70943378931667,2.6199678085075,-0.427031667074312,-0.308706825797893,0.91053401919083,0.0053568373760265,0.0053350922846651
1.1e-05,10,-0.882843134184752,2.48032504041287,-0.189852778909198,-0.266151630914522,1.59748190622812,0.0053756742620876,0.005335014278604
1.1e-05,11,-1.43990343174956,2.57201484351658,-0.190518420805133,-0.432326463342017,1.13211141176702,0.0053673213547552,0.0053602440494332
1.1e-05,12,-2.05275232790298,2.73706170863463,-0.27650568574416,-0.266852696381913,0.684309380731651,0.0053573816864183,0.0053388109439319
1.1e-05,13,-2.02670711920039,2.75764007300655,0.475604968589112,-0.24825553571747,0.730932953806155,0.0053615080875161,0.0053472235253594
1.1e-05,15,-2.56852780698915,2.77780953772779,0.10102587748869,-0.284133602340511,0.209281730738638,152.880544407135,0.0054179798700524
1.1e-05,16,-2.39503766786455,2.72637299927317,0.0239931674646672,0.047967796793928,0.331335331408624,0.0052932225214899,0.0052599864615457
1.1e-05,17,-0.776203558130274,2.35349840953592,0.120278817100843,-0.443052051301552,1.57729485140565,0.0053652490998947,0.0053571702003937
1.1e-05,18,-1.58745869495817,2.52930096758236,-0.409681439700927,0.153943672179926,0.941842272624187,0.0053569332679668,0.0053497935305136
1.1e-05,22,-1.82621206113259,2.61569717287285,-0.209256134109326,0.342588379433667,0.789485111740262,0.0053729655998691,0.0053613974227044
1.1e-05,23,-0.813847780611057,2.38539584497163,0.114770953156262,0.305503111259863,1.57154806436057,88.0864624148985,0.0053347844403394
1.1e-05,24,-0.823639893826853,2.44441490117458,0.153602952535226,-0.176060879839284,1.62077500734772,0.0053578817741922,0.0052766541416181
1.1e-05,25,-0.860279303560866,2.48221172427813,0.0388193672496691,0.483162289911408,1.62193242071726,0.0053638838279946,0.0053569568584059
1.1e-05,26,-1.38243212598604,2.61738634328205,-0.428793282458767,-0.382093688179716,1.23495421729602,0.0053651057141214,0.0053571805635373
1.1e-05,28,-1.11618371113177,2.57679868230356,0.126463855254056,-0.0813948143280849,1.46061497117179,0.0053342012266702,0.0051500226859686
1.1e-05,29,-1.18298513729317,2.67937947794852,-0.0921399744090866,-0.207403556376057,1.49639434065536,0.005365495190259,0.0053356067183014
1.1e-05,30,-1.58028934131385,2.69100547268859,0.205034522263333,0.0517900635794957,1.11071613137474,0.0052951043711452,0.005155485379406
1.1e-05,31,-1.64504610329383,2.63002032266095,-0.215459389727944,-0.150735094152361,0.98497421936712,0.0053341227197574,0.0052768276099417
1.1e-05,32,-1.29969114198075,2.62515608725726,-0.433831278274819,0.180265628728575,1.32546494527651,0.0053569663585657,0.0053341466838785
1.1e-05,33,-1.45729912418243,2.65500260291152,0.151319897226239,0.255714133601085,1.19770347872909,0.0053664159155843,0.0053344589224729
1.1e-05,34,-1.29140971976854,2.80239086513111,-0.393611594585923,-0.237176973787611,1.51098114536258,0.005359903478648,0.0053528940863133
1.1e-05,35,-1.52123653757335,2.56829289274437,0.372948730409002,-0.131866410018862,1.04705635517103,0.0053583479433244,0.0053392093497701
1.1e-05,36,-1.84460955177425,2.75418685367173,-0.160506084940057,-0.240608392579144,0.909577301897487,0.0053561841403476,0.0053499078527206
1.1e-05,38,-0.906835067332574,2.58116156744788,-0.334122075337465,-0.138511570034752,1.67432650011531,0.0053667121701523,0.0053342641049783
1.1e-05,39,-1.49373906384364,2.72025721947252,-0.0518713005348405,0.355624566175877,1.22651815562889,0.0053826266515215,0.0053462892355181
1.1e-05,40,-2.47181607572867,2.74086113913133,0.378697583826076,0.392426177536039,0.269045063402663,0.0053613926007751,0.005366334601608
1.1e-05,41,-1.27329373936215,2.46870237545825,-0.457994232581188,0.196375849870566,1.1954086360961,148.762667721205,0.0054004764905127
1.1e-05,42,-1.16056503543681,2.50253323576692,0.275315753880376,-0.109437897572968,1.34196820033011,0.0053674658564466,0.0053001919731326
1.1e-05,43,-1.27983382474272,2.71268605232612,-0.232333240230557,-0.232248334460458,1.4328522275834,0.0053681830339609,0.0053401189255793
1.1e-05,44,-2.5798067575612,2.75395324789479,-0.170457866476118,-0.252124427676049,0.174146490333589,0.0053660996467125,0.0053588706932676
1.1e-05,45,-0.94169076952095,2.52236361370327,0.489333286828275,0.352736745731932,1.58067284418232,0.005358013831892,0.0053569391350576
1.1e-05,46,-2.17463615604013,2.69866970373507,0.15577730178418,-0.34145846440839,0.524033547694942,0.0053574543774855,0.0053446639149257
1.1e-05,47,-1.73530510464831,2.64661696817117,-0.469602585188474,-0.162098574224937,0.911311863522862,0.0053569905216028,0.0053339790543403
1.1e-05,49,-1.69674525253665,2.6162596650048,0.109693569374039,-0.461868385908527,0.919514412468156,0.0053652528443593,0.0053579256081869
1.1e-05,50,-0.826073345396043,2.44293079487156,0.0102159340784042,0.0550852504728198,1.61685744947552,0.0053339477099327,0.0051491179180083
1.1e-05,51,-1.99731204156039,2.71640577854066,-0.0574109766755413,-0.302419055649523,0.719093736980274,0.0053570740529006,0.0053355286848187
1.1e-05,52,-1.40223230538363,2.70184850425875,0.251148367822583,-0.150672964024089,1.29961619887512,0.0053665919682447,0.0052848154496121
1.1e-05,53,-1.44670585788884,2.47705707370837,-0.427237623760373,0.208151687740601,1.03035121581952,0.0053769696809676,0.005363964789807
1.1e-05,54,-1.15512526002475,2.81203537140393,0.204085668642335,0.16994918100308,1.65691011137918,0.005360424021097,0.0053371441547306
1.1e-05,56,-1.68422606723093,2.54094503983765,-0.391028370696084,0.198598286727039,0.856718972606728,0.0053630972038467,0.0053534954158677
1.1e-05,58,-1.67313633441981,2.68037998581984,-0.466606795134143,-0.298815857833348,1.00724365140003,0.0053586672834468,0.0053359821921969
1.1e-05,59,-1.2369810213246,2.49846487692176,0.080418165780147,-0.479232113289609,1.26148385559716,0.00577134894059,0.0053664932773084
1.1e-05,60,-1.22723716340486,2.48257990332198,-0.280199288038076,-0.0767408572341708,1.25534273991712,47.7081425318159,0.0053258828352251
1.1e-05,62,-1.10159364015925,2.60206480502066,0.134050508306719,-0.284546723044357,1.50047116486141,0.0053653381675568,0.0053339526704441
1.1e-05,65,-1.73029114148935,2.76031804098348,-0.32734259890241,0.355347668683623,1.03002689949413,44.7730198454066,0.0053729337649449
1.1e-05,66,-2.02677481618678,2.73425270227393,0.309103216823046,-0.231445893790321,0.707477886087157,0.0053583899091591,0.0053386440294573
1.1e-05,67,-2.13583290874701,2.69721964247726,0.218237994981284,0.039418192753467,0.561386733730251,0.0053386221040889,0.0052848927570993
1.1e-05,69,-1.0874207253619,2.46413864868405,-0.070117241875152,0.397614008342385,1.37671792332215,0.0053648679176743,0.005369005601175
1.1e-05,70,-1.0415113604623,2.50394753652904,-0.371062694580183,-0.464289050971857,1.46243617606674,0.0053690776520587,0.0053575913787007
1.1e-05,71,-1.07949676618896,2.54294307587013,0.0491556907902392,-0.421193301954593,1.46344630968117,0.0053646642077625,0.0053577312309828
1.1e-05,73,-2.14913323155258,2.7374488002679,0.479450763112824,0.132710309966193,0.588315568715316,0.0053609726730869,0.0053362214160203
1.1e-05,74,-1.40175044700545,2.54037788331075,-0.0734471457583603,0.230532021005362,1.1386274363053,0.0053731297071868,0.0053460839524981
1.1e-05,75,-1.8722907740632,2.63390649982314,0.222762032839697,0.130687188312316,0.761615725759939,0.0053501149000892,0.0052828621029819
1.1e-05,76,-1.38684923796645,2.82046220908899,-0.462002162695258,-0.0744657022788004,1.43361297112254,164.455209682182,0.0057633379043146
1.1e-05,77,-1.24868719361893,2.48405398268713,-0.16452338943913,0.0683051045948369,1.2353667890682,71.3769924483119,0.0052185909355973
1.1e-05,78,-1.27399242745674,2.70797603967406,0.0502955231831296,0.0255407311257162,1.43398361221732,0.0052891964640332,0.0050434609895797
1.1e-05,79,-1.2975479917871,2.5563027533187,0.125667180631593,-0.410142081999953,1.2587547615316,0.0053621670560589,0.0053623059697202
1.1e-05,80,-1.77253335815101,2.76704272851539,-0.282742599506135,-0.0103099578391185,0.994509370364386,37.2156059950572,0.0052137345530123
1.1e-05,82,-0.783325290804284,2.35227998918874,0.292902278329636,0.431607495147661,1.56895469838446,0.005333220062481,0.0053569453342801
1.1e-05,84,-1.28622776003795,2.57243681254546,0.279104187338647,0.102049543549351,1.2862090525075,0.0053653444792193,0.0052841566538115
1.1e-05,85,-1.68147888934516,2.63793720843697,0.224789301195435,0.161476768856287,0.956458319091809,0.0053350965484221,0.0052766997901451
1.1e-05,87,-1.14613596785089,2.59768868016106,-0.111572778772143,0.0070476590476781,1.45155271231016,0.0052768009238344,0.0050386997918334
1.1e-05,88,-1.59075254515918,2.59230335383506,-0.238933200104671,0.256483849099917,1.00155080867588,0.0053652894986786,0.005336659822542
1.1e-05,89,-0.705923374805154,2.20789485197575,0.238191897324499,0.373999425537894,1.50197147717059,0.0053619845582341,0.0053568621230422
1.1e-05,90,-2.09259545938514,2.79990367110683,0.0379230312678858,0.139601748513116,0.707308211721682,39.1963795487553,0.0058400288306096
1.1e-05,91,-1.46025827886375,2.68287104992512,0.228822180092745,0.0070029904961719,1.22261277106138,0.0052908362002327,0.0051536115404484
1.1e-05,92,-1.25789038370721,2.72501397077461,-0.387302139561675,-0.148684454746824,1.46712358706739,0.0053633359996512,0.0053414068825423
1.1e-05,93,-1.59213631759879,2.67303144863922,0.0697078505699332,0.0414293943049967,1.08089513104043,0.0051572938207983,0.0050401945241687
1.1e-05,94,-1.90427196076202,2.64898678430836,0.484018150196361,0.13153690974266,0.74471482354634,0.0053679906575339,0.0053368812155501
1.1e-05,95,-1.32647504997025,2.52785970381567,-0.0824771938924697,-0.0283569028982764,1.20138465384542,0.0053460271292073,0.0050592288876091
1.1e-05,97,-1.6938420676447,2.53825503806358,0.0527474475967035,-0.331398308762448,0.844412970418883,0.005364736369628,0.0053553749258623
1.1e-05,98,-1.27825177051902,2.5906337815159,-0.481651338326367,0.118022278681512,1.31238201099688,0.00535961517481,0.0052801555820956
1.1e-05,99,-1.31918282875032,2.60887819791727,-0.13354335366002,0.192030695153113,1.28969536916695,0.0053583418741087,0.0053351530437278
1.1e-05,100,-2.01461111894373,2.79008558773093,-0.0723070908837954,0.0471151083286355,0.775474468787192,0.005671921322821,0.0052677793784552
1.1e-05,101,-1.45434530298406,2.74060592223286,0.498844827184631,0.323209942180636,1.2862606192488,0.006290605904556,0.0053532683610746
1.1e-05,102,-1.55130878139194,2.54739103803006,-0.0986745560587761,-0.388953612708102,0.996082256638122,0.0053656209156269,0.0053635299514018
1.1e-05,103,-1.45233620224,2.71690555389695,-0.38772724167109,-0.44703359439029,1.26456935165695,0.0053565853854238,0.0053636236195798
1.1e-05,105,-1.20765440636221,2.51980531313015,0.337562734676324,-0.132000338551904,1.31215090676794,0.0053693313103772,0.0052987296038207
1.1e-05,106,-1.92351507352395,2.68134334052078,0.0555186667025958,0.490198490462357,0.757828266996827,0.0053686864068235,0.0053568689367099
1.1e-05,108,-1.84567240235975,2.79337734248983,-0.15314298907111,-0.193542268649549,0.947704940130078,161.287278884201,0.0057582034711799
1.1e-05,109,-1.98899134043098,2.78064566211981,-0.435334456149429,-0.235889609820924,0.791654321688826,0.0053726454957099,0.0053563185536892
1.1e-05,110,-2.72078503854386,2.76391999531849,0.0325148697565201,0.421797756503509,0.0431349567746269,0.0053705587896604,0.0053580541990623
1.1e-05,113,-1.41190579558935,2.74548463895197,0.475543193723953,-0.371845015436867,1.33357884336263,0.0056369109297931,0.0053660508667405
1.1e-05,114,-1.40107163084008,2.65806800804351,0.116712330767135,0.381890964948087,1.25699637720343,0.0053665322419876,0.0053573812416783
1.1e-05,115,-1.81438391367044,2.78566090103223,-0.124116045204326,0.389226891584987,0.971276987361788,148.07781512667,0.0055333919028853
1.1e-05,116,-1.3925518996251,2.61171939494871,0.415251884030758,-0.455667749197719,1.21916749532361,0.0053638372980667,0.0053574540578764
1.1e-05,117,-0.909052830627916,2.55582378292562,0.299947048584882,0.394465379315091,1.64677095229771,0.0053649911566614,0.0053569913675088
1.1e-05,118,-0.87082573899567,2.5493484471837,-0.295735241666995,-0.386256980586276,1.67852270818803,10.3297950755579,0.0053575987300253
1.1e-05,119,-1.6494708750338,2.70732188146528,-0.335960052923587,-0.151611939897943,1.05785100643149,0.0053469354974925,0.0052865069745175
1.1e-05,120,-1.1819963651877,2.44821906924767,-0.288479482255773,0.213281722382236,1.26622270405997,102.468732937609,0.0054929364097586
1.1e-05,122,-1.43487104006422,2.73442717313526,-0.30724567811296,0.271818212102641,1.29955613307103,0.0054892376992436,0.0053497940033504
1.1e-05,123,-1.33237870721721,2.58397409839989,0.477723511872644,-0.168023047838767,1.25159539118268,0.0053614194382446,0.0053378158481322
1.1e-05,124,-1.08828095928013,2.48040485081598,-0.486322348895356,-0.307519232229578,1.39212389153584,0.0053638504994631,0.0053623328953314
1.1e-05,125,-1.79261860796816,2.57678945591146,-0.249195867499104,0.0948252892737712,0.784170847943306,12.0120346521246,0.005304219997846
1.1e-05,127,-1.09823044341681,2.8070626227741,-0.269182214812218,-0.250230987140685,1.70883217935729,66.1286778894768,0.0053574751241674
1.1e-05,130,-1.63028813167327,2.51511409935569,-0.224077446931897,0.396437435718737,0.884825967682422,0.0053692144522257,0.0053690996054398
1.1e-05,131,-1.29391229592107,2.64461641778713,0.270489358501296,0.130052202149628,1.35070412186606,0.0053571886747103,0.0052766919804339
1.1e-05,132,-1.10377107512803,2.55334960437214,0.0455743467454452,-0.333266752194657,1.4495785292441,0.0053655384364535,0.0053580116375548
1.1e-05,133,-1.51681376761153,2.68036827819482,0.188866484425556,-0.391850401986737,1.16355451058329,0.0053685035593543,0.0053592233034911
1.1e-05,134,-1.29839874618078,2.55980763762983,0.162496873184278,-0.347171822274108,1.26140889144905,0.005368137681768,0.0053620461312541
1.1e-05,135,-2.54834122308937,2.74409841066305,0.0373577492268772,0.182721177735303,0.195757187573682,0.0053552405549309,0.005361122668257
1.1e-05,136,-1.35376639981996,2.73971720645257,0.264400111389306,-0.174002081464397,1.38595080663261,0.0053659059880454,0.0053469440964248
1.1e-05,139,-1.27972272895476,2.59314084739493,0.255874151178387,-0.348866000151106,1.31341811844017,0.0053662489790595,0.0053585794106198
1.1e-05,140,-1.97746386981358,2.71225724785773,-0.49144522988183,0.395147158971728,0.734793378044145,0.0053672121870221,0.0053579864386888
1.1e-05,141,-1.16010381548297,2.71217374712136,-0.119424058621893,-0.0062112297435919,1.55206993163839,0.0051493444423901,0.0050431774361912
1.1e-05,142,-2.00501531665812,2.76680205197586,0.394054612702145,0.428145220895642,0.761786735317742,0.0053848404801342,0.0053568823413869
1.1e-05,143,-0.893398269020823,2.53724144028212,0.473379195775117,-0.455141663814614,1.6438431712613,0.0053695732305271,0.0053570199750961
1.1e-05,144,-1.82145022615016,2.58552797396271,-0.426615983347991,-0.267676210468072,0.764077747812554,53.9695151205899,0.0053529093100591
1.1e-05,145,-1.49958887533145,2.7298126728597,-0.153997587027724,-0.0811293377539528,1.23022379752825,0.0054919910797228,0.0051736156915102
1.1e-05,146,-2.00568605182,2.71214779863612,-0.0478609448775525,0.0518799421186391,0.706461746816122,0.0052795266277262,0.0051501677771747
1.1e-05,147,-1.89347196667711,2.67235643801744,0.482447357047075,-0.285691737838168,0.778884471340337,0.0053661237704899,0.0053569906051799
1.1e-05,148,-1.21632760433453,2.44690661345997,-0.0120423602092512,0.374579516387342,1.23057900912543,193.262404742998,0.0057303731474
1.1e-05,149,-1.75520115776082,2.56454729857835,0.389285462074263,0.224362706563218,0.809346140817533,0.0055244099763985,0.0053508924229034
1.1e-05,151,-1.15018342928263,2.48639951664703,0.385228984211173,-0.327244606009277,1.33621608736439,0.00536847040641,0.0053525703543142
1.1e-05,152,-1.07553921245508,2.679826782138,-0.226796493949768,-0.307209564180894,1.60428756968291,0.0053673890826763,0.0053572408666908
1.1e-05,153,-1.57956209529439,2.70810117838349,-0.0948178961990389,-0.208414626487805,1.1285390830891,0.005365242067821,0.0053421436265872
1.1e-05,154,-1.3109170416516,2.6837266483403,0.0800435552980984,-0.482365170947654,1.37280960668871,0.0053637842538603,0.0053588047889485
1.1e-05,158,-2.00962248519486,2.67930264881926,-0.0333656300498129,-0.327139475011273,0.669680163624407,0.0053584062661109,0.0053357427199039
1.1e-05,159,-0.986902035145163,2.56527747319814,-0.0626387084373853,0.482468845786694,1.57837543805298,0.0053650536677945,0.0053569957743016
1.1e-05,161,-0.993691776141858,2.68550225499585,-0.0146271048308058,-0.408035432682486,1.69181047885399,26.3342260123897,0.0053580126460722
1.1e-05,162,-1.08169535152156,2.70614588194544,-0.448760458853575,-0.196301530871053,1.62445053042388,0.0053699143926221,0.0053346596053582
1.1e-05,163,-1.87352265666087,2.73925853737595,-0.0351296294007729,0.320767221139798,0.865735880715077,0.0053701236745192,0.0053454342484133
1.1e-05,164,-1.70144755529807,2.6862784667626,0.316621524292736,-0.289925804913219,0.984830911464532,0.0053672851918357,0.0053364735587677
1.1e-05,166,-2.31708196464737,2.71806351468044,-0.264157001056725,-0.0223064993057084,0.400981550033066,0.0053355101913853,0.0053158786939454
1.1e-05,167,-2.02308546956384,2.71772762471561,0.403929052846088,-0.189991035430079,0.694642155151766,0.005358187400657,0.0053352309302588
1.1e-05,168,-1.12039217801741,2.53020699305493,-0.0038465607158062,0.234867466969133,1.40981481503752,0.005365574966184,0.0053399239980287
1.1e-05,169,-1.70572680319773,2.71442683065085,-0.426107854786466,0.246245851926862,1.00870002745312,0.0053677504464504,0.0053418707946266
1.1e-05,170,-1.9462802108028,2.66366638191904,0.293960345907922,0.352803983276472,0.717386171116247,0.0053671654018827,0.0053359988243008
1.1e-05,171,-1.57985852087596,2.6596672583757,-0.273103660043777,0.0115877622667807,1.07980873749973,0.0052803506724309,0.0051501048932507
1.1e-05,172,-1.63462369995135,2.70361305765884,0.2422223837868,0.341420691941333,1.0689893577075,0.0053756482562207,0.0053411624878885
1.1e-05,173,-1.37202277481549,2.69832474460203,0.040209077901909,-0.481832179072833,1.32630196978654,0.0053620104834278,0.0053605591626598
1.1e-05,174,-1.42209686674632,2.7487194574731,0.480391204593076,-0.425529201131464,1.32662259072678,0.005933813515586,0.0053659870235206
1.1e-05,176,-0.941126093595506,2.56046224189313,0.158842899965502,-0.305641530550571,1.61933614829762,0.0053649326375163,0.0053339980404168
1.1e-05,178,-1.25330980243372,2.49760488209972,-0.3350932561533,0.362344060316856,1.24429507966601,10.8389912919815,0.0053709204725017
1.1e-05,179,-1.12195230147442,2.59234237047212,0.219683153082689,-0.293168418934855,1.47039006899769,0.0053651241634595,0.0053342117978251
1.1e-05,180,-1.772960406944,2.77146171157728,-0.285654439936326,0.23067854448492,0.998501304633272,75.6969774329144,0.0053700701004297
1.1e-05,181,-1.14349939166211,2.67573432274146,0.0604225186158683,0.370642037414964,1.53223493107936,0.0053657418388194,0.0053580208517744
1.1e-05,182,-1.17759296380775,2.73522890153808,0.04288243229793,0.0466683024985755,1.55763593773033,0.0052773996129128,0.0051552696361435
1.1e-05,183,-0.672677015886234,2.14819572185584,-0.435228639517163,-0.128448132956347,1.47551870596961,65.5133531252742,0.0053569337408841
1.1e-05,184,-0.935328702410401,2.59686887718957,-0.349045212588354,-0.494478521598009,1.66154017477917,0.0053648179503249,0.0053570263554865
1.1e-05,185,-1.05388043874081,2.47466194662376,-0.164442599957999,-0.0664763523992123,1.42078150788295,0.0053622400021193,0.0052858421934048
1.1e-05,186,-1.30576529100946,2.67876239724371,-0.0332941150784024,0.127130630581387,1.37299710623425,0.0053610140762897,0.0052792812648049
1.1e-05,187,-0.77230919585099,2.37529452473132,0.455530642942875,-0.0924980187669825,1.60298532888033,0.0054084731883662,0.0052774265152751
1.1e-05,190,-1.27676750449721,2.69826670781687,0.25553353433934,0.104736509846741,1.42149920331965,0.0053627403792767,0.005281783201394
1.1e-05,192,-1.60761504691229,2.58855056967667,0.376652606102746,-0.401845243291638,0.980935522764371,0.0053650744315781,0.0053591381514371
1.1e-05,193,-1.35768141965183,2.82039461633521,0.297777962804918,-0.187539157450823,1.46271319668338,65.8640493072529,0.0054579498199196
1.1e-05,194,-1.43395625268092,2.55890915869768,0.281950737425929,-0.327536133148117,1.12495290601676,0.0053676932332233,0.0053618315318686
1.1e-05,195,-1.15264532133604,2.47272883317064,0.173435901499185,0.477868884794167,1.32008351183461,0.0053613258290643,0.0053739991398435
1.1e-05,196,-1.02546115190373,2.664930670388,0.312562710390873,-0.468180708975089,1.63946951848427,0.0053685197737658,0.0053569421960787
1.1e-05,200,-2.34251475050232,2.76267236834715,0.173999426956082,0.0793473728512207,0.420157617844829,0.0053481051696872,0.0052883981841999
1.1e-05,202,-1.40606271562574,2.67771402641321,-0.157279870222021,-0.0375202875647858,1.27165131078747,0.0052868476976171,0.0051522993769794
1.1e-05,204,-0.974491913307062,2.44725999445084,-0.432373672362327,-0.0132965240737363,1.47276808114377,133.575521386345,0.0052776534008283
1.1e-05,205,-1.53312473199488,2.70782310556571,0.194203889062652,0.239659685195577,1.17469837357083,0.0053737970012172,0.0053427553716422
1.1e-05,206,-1.81569556086176,2.77444264264414,-0.205676145767377,0.380137471445327,0.958747081782383,57.0644557019922,0.0053822286877178
1.1e-05,207,-1.09630285418147,2.52886057841314,-0.003985454744542,0.0541792464226283,1.43255772423167,0.0053341069976382,0.0051541555158908
1.1e-05,208,-1.2538386591911,2.79281295483649,-0.362403848828886,0.25003753754066,1.5389742956454,0.0053748200760312,0.0053527302502642
1.1e-05,209,-1.52875758306452,2.64436124694223,-0.253316134612443,0.0865556143421731,1.11560366387771,0.0053347939159671,0.0052767893506389
1.1e-05,210,-2.25807402607791,2.76850110730779,-0.386844217246281,-0.109526526147011,0.510427081229881,0.0053620547300879,0.0053503410967923
1.1e-05,211,-1.43987964088565,2.694055496788,0.449434521204899,0.0111119129844214,1.25417585590235,0.0053487417528273,0.0052832606417122
1.1e-05,212,-1.65085361007986,2.74133059209136,-0.173204022924959,0.248758515872964,1.0904769820115,0.0058191205902263,0.0053531748628247
1.1e-05,215,-1.35335280192078,2.44276217349181,-0.201963139202902,0.244882286799955,1.08940937157103,126.548952047704,0.005740308521399
1.1e-05,216,-1.05854273637752,2.70586040127237,0.321809052887251,-0.163769864179401,1.64731766489485,0.0053722643051714,0.0052767151402617
1.1e-05,217,-1.05931510512494,2.7690019209125,0.474151935429478,-0.430627680060533,1.70968681578756,130.5496542559,0.0053587167174421
1.1e-05,218,-0.90953592880909,2.53344609653941,0.412512609539107,-0.366402440103984,1.62391016773032,0.0053648503737017,0.0053339765681767
1.1e-05,219,-0.919825177399526,2.62618827802309,-0.148339086880026,0.222449556129821,1.70636310062357,182.681269766344,0.0053361086705899
1.1e-05,220,-1.11984853432164,2.57920332046455,-0.33192685269562,0.167723003177913,1.45935478614291,0.0053573489072587,0.0052774890040128
1.1e-05,221,-1.20397324404574,2.81854590555081,-0.22637803261781,-0.273489457530502,1.61457266150506,0.0053666034362818,0.0053604887545354
1.1e-05,223,-0.989876353462674,2.49310626440791,-0.0827580013372335,-0.157464930851701,1.50322991094523,0.0054477185461602,0.0053340444032997
1.1e-05,224,-1.54856225444735,2.4980479451593,0.345616766889575,0.429490612089751,0.949485690711956,0.0053651274324717,0.0053670924548259
1.1e-05,225,-2.66911876902963,2.76636862923864,0.365170985805021,0.0661557818056465,0.0972498602090046,0.0053570524364826,0.005285810845249
1.1e-05,226,-1.59543517854277,2.75214363802798,-0.405637332184077,-0.466042737982534,1.1567084594852,68.4291208809628,0.0053636521199835
1.1e-05,227,-1.43386214052152,2.49265635302357,-0.499600307410675,-0.0533316925226187,1.05879421250206,0.0053743312436244,0.005357285491839
1.1e-05,228,-2.53330456203335,2.76891365935576,0.248979633293827,-0.254536741980559,0.235609097322408,0.0053538895653648,0.0053475753541842
1.1e-05,229,-1.14727615299766,2.61075071850943,-0.0141502690834626,-0.382199208238521,1.46347456551177,0.0053637525239197,0.0053569438467836
1.1e-05,230,-1.20830526913568,2.6543282307962,-0.407363537276584,0.367763914115314,1.44602296166051,0.0053660101371546,0.0053573126189329
1.1e-05,231,-1.31349721464301,2.73311332613498,0.492494676896073,-0.146747005820093,1.41961611149197,0.0053655366722573,0.0052906083172278
1.1e-05,232,-1.00066414020852,2.71432232769022,0.371478941985113,0.182829170439742,1.7136581874817,185.317100656747,0.0053357985541629
1.1e-05,233,-1.6941499355097,2.70719117092271,-0.0464746579516995,-0.0919697713305563,1.01304123541301,0.005345806790917,0.0051582935349461
1.1e-05,234,-1.40388468773706,2.5857418483531,-0.0248118620191177,-0.37462929441208,1.18185716061604,0.0053667211070603,0.0053591151596971
1.1e-05,236,-1.80240411681919,2.64374515103576,0.189007510845079,0.137361391175909,0.84134103421657,0.0053375652360547,0.0052774484121259
1.1e-05,237,-2.11514623146023,2.69260766916879,0.289616069716998,-0.223655992604453,0.577461437708566,0.0053596373921105,0.0053397316098201
1.1e-05,238,-1.60138183718445,2.6337122345327,0.483898036360018,0.0922488153893509,1.03233039734825,0.0053575688374216,0.0052766552250518
1.1e-05,241,-1.31850359758453,2.53776617772,0.391259829922494,0.170910607981305,1.21926258013547,0.0053750727987289,0.0053478279158213
1.1e-05,242,-1.09749763244867,2.65555662746565,-0.0142802064662416,0.274600746388784,1.55805899501697,0.0053650670040421,0.0053344756615374
1.1e-05,243,-1.58622602652176,2.56519906079596,0.199201929245944,-0.198027862258154,0.978973034274202,0.0053570276454636,0.00534031372891
1.1e-05,244,-1.04800871800654,2.67925101750743,0.0330328849390766,0.10351179081413,1.63124229950089,0.0053619617656064,0.0052767952420416
1.1e-05,247,-1.68913497201816,2.63212166295071,0.414961282010757,0.39197223683712,0.942986690932559,0.005358303565135,0.0053341073572454
1.1e-05,248,-1.54063185697826,2.65873147731871,-0.281782764467068,0.236621289380061,1.11809962034045,0.0053664873682568,0.0053346712541626
1.1e-05,250,-1.12952796525886,2.79048204491655,-0.348254106207153,0.435810348772485,1.66095407965769,0.0053601542791721,0.0053594924609469
1.05e-05,1,-1.31174599887491,2.4805210746738,-0.239788632064246,0.188396704926908,1.16877507579889,94.4518988659626,0.0061509856135351
1.05e-05,2,-1.30599369034217,2.7224430807328,0.409304146406049,-0.41627586689109,1.41644939039064,0.0061433734483417,0.0061511010689967
1.05e-05,3,-2.52790066194371,2.76488450166602,-0.208483071848808,-0.0281570251623863,0.236983839722309,0.0061410494561584,0.0059609040474742
1.05e-05,4,-1.43665640403064,2.64498810868677,-0.462252683032567,-0.348389362069524,1.20833170465612,0.0061532812747987,0.0061336049552408
1.05e-05,5,-1.06249904566088,2.42851400344641,0.15579627989972,-0.116277825280546,1.36601495778553,0.0061499243049159,0.0061111011085123
1.05e-05,6,-1.32103058190807,2.76553411249921,-0.237119298010674,0.265432216744772,1.44450353059114,0.0061459093208565,0.006147145158033
1.05e-05,7,-1.70943378931667,2.6199678085075,-0.427031667074312,-0.308706825797893,0.91053401919083,0.0061490113112137,0.0061343764761252
1.05e-05,10,-0.882843134184752,2.48032504041287,-0.189852778909198,-0.266151630914522,1.59748190622812,0.0061479018330956,0.0061344834105341
1.05e-05,11,-1.43990343174956,2.57201484351658,-0.190518420805133,-0.432326463342017,1.13211141176702,0.0061517314040989,0.0061512106605628
1.05e-05,12,-2.05275232790298,2.73706170863463,-0.27650568574416,-0.266852696381913,0.684309380731651,0.0061478499454621,0.0061367631196357
1.05e-05,13,-2.02670711920039,2.75764007300655,0.475604968589112,-0.24825553571747,0.730932953806155,0.0061497310772064,0.0061420877663135
1.05e-05,15,-2.56852780698915,2.77780953772779,0.10102587748869,-0.284133602340511,0.209281730738638,152.847635168554,0.0062135897739218
1.05e-05,16,-2.39503766786455,2.72637299927317,0.0239931674646672,0.047967796793928,0.331335331408624,0.0060971594982026,0.0060582856109516
1.05e-05,17,-0.776203558130274,2.35349840953592,0.120278817100843,-0.443052051301552,1.57729485140565,0.0061476587505425,0.0061501150380372
1.05e-05,18,-1.58745869495817,2.52930096758236,-0.409681439700927,0.153943672179926,0.941842272624187,0.0061498188083245,0.0061440148245023
1.05e-05,22,-1.82621206113259,2.61569717287285,-0.209256134109326,0.342588379433667,0.789485111740262,0.0061523443622706,0.0061519124739869
1.05e-05,23,-0.813847780611057,2.38539584497163,0.114770953156262,0.305503111259863,1.57154806436057,88.0465584074233,0.0061338109232328
1.05e-05,24,-0.823639893826853,2.44441490117458,0.153602952535226,-0.176060879839284,1.62077500734772,0.0061507970637098,0.006082222500132
1.05e-05,25,-0.860279303560866,2.48221172427813,0.0388193672496691,0.483162289911408,1.62193242071726,0.0061476817433906,0.0061498902710882
1.05e-05,26,-1.38243212598604,2.61738634328205,-0.428793282458767,-0.382093688179716,1.23495421729602,0.006153204591972,0.0061499909823557
1.05e-05,28,-1.11618371113177,2.57679868230356,0.126463855254056,-0.0813948143280849,1.46061497117179,0.0061335859177897,0.0059552149576674
1.05e-05,29,-1.18298513729317,2.67937947794852,-0.0921399744090866,-0.207403556376057,1.49639434065536,0.0061530087833449,0.0061347390689074
1.05e-05,30,-1.58028934131385,2.69100547268859,0.205034522263333,0.0517900635794957,1.11071613137474,0.0060992174000672,0.0059606658729695
1.05e-05,31,-1.64504610329383,2.63002032266095,-0.215459389727944,-0.150735094152361,0.98497421936712,0.0061334402387574,0.0060823913012849
1.05e-05,32,-1.29969114198075,2.62515608725726,-0.433831278274819,0.180265628728575,1.32546494527651,0.0061499425948187,0.0061335734595326
1.05e-05,33,-1.45729912418243,2.65500260291152,0.151319897226239,0.255714133601085,1.19770347872909,0.0061536162861456,0.0061337976597035
1.05e-05,34,-1.29140971976854,2.80239086513111,-0.393611594585923,-0.237176973787611,1.51098114536258,0.0061235586423588,0.00614060407951
1.05e-05,35,-1.52123653757335,2.56829289274437,0.372948730409002,-0.131866410018862,1.04705635517103,0.0061498263601204,0.0061371534411756
1.05e-05,36,-1.84460955177425,2.75418685367173,-0.160506084940057,-0.240608392579144,0.909577301897487,0.0061277767056326,0.0061414341500694
1.05e-05,38,-0.906835067332574,2.58116156744788,-0.334122075337465,-0.138511570034752,1.67432650011531,0.0061289044696703,0.0061335388339829
1.05e-05,39,-1.49373906384364,2.72025721947252,-0.0518713005348405,0.355624566175877,1.22651815562889,0.0061481415675293,0.0061420605816356
1.05e-05,40,-2.47181607572867,2.74086113913133,0.378697583826076,0.392426177536039,0.269045063402663,0.0061395920091095,0.006147887009802
1.05e-05,41,-1.27329373936215,2.46870237545825,-0.457994232581188,0.196375849870566,1.1954086360961,148.639173567654,0.0061855361890324
1.05e-05,42,-1.16056503543681,2.50253323576692,0.275315753880376,-0.109437897572968,1.34196820033011,0.0061527104237969,0.0061032575495937
1.05e-05,43,-1.27983382474272,2.71268605232612,-0.232333240230557,-0.232248334460458,1.4328522275834,0.0061497827877605,0.0061380123588418
1.05e-05,44,-2.5798067575612,2.75395324789479,-0.170457866476118,-0.252124427676049,0.174146490333589,0.0061538675052649,0.0061505630527578
1.05e-05,45,-0.94169076952095,2.52236361370327,0.489333286828275,0.352736745731932,1.58067284418232,0.0061255313347163,0.0061497489205859
1.05e-05,46,-2.17463615604013,2.69866970373507,0.15577730178418,-0.34145846440839,0.524033547694942,0.0061485787611795,0.0061405857479959
1.05e-05,47,-1.73530510464831,2.64661696817117,-0.469602585188474,-0.162098574224937,0.911311863522862,0.0061491393872414,0.0061334566986293
1.05e-05,49,-1.69674525253665,2.6162596650048,0.109693569374039,-0.461868385908527,0.919514412468156,0.0061531096137763,0.0061504765116713
1.05e-05,50,-0.826073345396043,2.44293079487156,0.0102159340784042,0.0550852504728198,1.61685744947552,0.0061334133211462,0.0059543080737441
1.05e-05,51,-1.99731204156039,2.71640577854066,-0.0574109766755413,-0.302419055649523,0.719093736980274,0.006148590098478,0.0061345592382797
1.05e-05,52,-1.40223230538363,2.70184850425875,0.251148367822583,-0.150672964024089,1.29961619887512,0.0061503565788638,0.0060897622623406
1.05e-05,53,-1.44670585788884,2.47705707370837,-0.427237623760373,0.208151687740601,1.03035121581952,0.0061507638710298,0.0061482377707054
1.05e-05,54,-1.15512526002475,2.81203537140393,0.204085668642335,0.16994918100308,1.65691011137918,0.0061465223752737,0.0061362944656677
1.05e-05,56,-1.68422606723093,2.54094503983765,-0.391028370696084,0.198598286727039,0.856718972606728,0.0061389147619909,0.0061452216260009
1.05e-05,58,-1.67313633441981,2.68037998581984,-0.466606795134143,-0.298815857833348,1.00724365140003,0.006148533866872,0.0061348254395016
1.05e-05,59,-1.2369810213246,2.49846487692176,0.080418165780147,-0.479232113289609,1.26148385559716,0.0067443145650267,0.0061425619202571
1.05e-05,60,-1.22723716340486,2.48257990332198,-0.280199288038076,-0.0767408572341708,1.25534273991712,47.4037032335573,0.0061221522190213
1.05e-05,62,-1.10159364015925,2.60206480502066,0.134050508306719,-0.284546723044357,1.50047116486141,0.0061532138280405,0.0061334233661966
1.05e-05,65,-1.73029114148935,2.76031804098348,-0.32734259890241,0.355347668683623,1.03002689949413,44.5214667287358,0.0061485332509174
1.05e-05,66,-2.02677481618678,2.73425270227393,0.309103216823046,-0.231445893790321,0.707477886087157,0.0061498965549031,0.0061369547140962
1.05e-05,67,-2.13583290874701,2.69721964247726,0.218237994981284,0.039418192753467,0.561386733730251,0.0061374383561175,0.0060898243917983
1.05e-05,69,-1.0874207253619,2.46413864868405,-0.070117241875152,0.397614008342385,1.37671792332215,0.0061489571499841,0.0061542761979921
1.05e-05,70,-1.0415113604623,2.50394753652904,-0.371062694580183,-0.464289050971857,1.46243617606674,0.0061469401551155,0.0061496195139159
1.05e-05,71,-1.07949676618896,2.54294307587013,0.0491556907902392,-0.421193301954593,1.46344630968117,0.0061479973564099,0.0061501516381255
1.05e-05,73,-2.14913323155258,2.7374488002679,0.479450763112824,0.132710309966193,0.588315568715316,0.0061535790219343,0.0061352811965351
1.05e-05,74,-1.40175044700545,2.54037788331075,-0.0734471457583603,0.230532021005362,1.1386274363053,0.0061470005266347,0.0061421002523678
1.05e-05,75,-1.8722907740632,2.63390649982314,0.222762032839697,0.130687188312316,0.761615725759939,0.0061466868780657,0.0060879437100714
1.05e-05,76,-1.38684923796645,2.82046220908899,-0.462002162695258,-0.0744657022788004,1.43361297112254,164.35246269681,0.0064891109585751
1.05e-05,77,-1.24868719361893,2.48405398268713,-0.16452338943913,0.0683051045948369,1.2353667890682,71.3271318482539,0.006020198193367
1.05e-05,78,-1.27399242745674,2.70797603967406,0.0502955231831296,0.0255407311257162,1.43398361221732,0.0060936500187029,0.0058713885458699
1.05e-05,79,-1.2975479917871,2.5563027533187,0.125667180631593,-0.410142081999953,1.2587547615316,0.0061322778481227,0.0061513288431403
1.05e-05,80,-1.77253335815101,2.76704272851539,-0.282742599506135,-0.0103099578391185,0.994509370364386,37.1773086978088,0.0060158603898387
1.05e-05,82,-0.783325290804284,2.35227998918874,0.292902278329636,0.431607495147661,1.56895469838446,0.0060830543140341,0.0061495188547291
1.05e-05,84,-1.28622776003795,2.57243681254546,0.279104187338647,0.102049543549351,1.2862090525075,0.0061547733154242,0.006089291027291
1.05e-05,85,-1.68147888934516,2.63793720843697,0.224789301195435,0.161476768856287,0.956458319091809,0.0061345570572665,0.0060822583783889
1.05e-05,87,-1.14613596785089,2.59768868016106,-0.111572778772143,0.0070476590476781,1.45155271231016,0.0060823838071693,0.0058668702956829
1.05e-05,88,-1.59075254515918,2.59230335383506,-0.238933200104671,0.256483849099917,1.00155080867588,0.0061535601657692,0.0061356082200549
1.05e-05,89,-0.705923374805154,2.20789485197575,0.238191897324499,0.373999425537894,1.50197147717059,0.0061440858859894,0.0061497424918849
1.05e-05,90,-2.09259545938514,2.79990367110683,0.0379230312678858,0.139601748513116,0.707308211721682,39.1510189722295,0.0065875331544838
1.05e-05,91,-1.46025827886375,2.68287104992512,0.228822180092745,0.0070029904961719,1.22261277106138,0.0060952101025669,0.0059587981705668
1.05e-05,92,-1.25789038370721,2.72501397077461,-0.387302139561675,-0.148684454746824,1.46712358706739,0.0061516333760716,0.0061389840793394
1.05e-05,93,-1.59213631759879,2.67303144863922,0.0697078505699332,0.0414293943049967,1.08089513104043,0.0059624727001757,0.0058683163896012
1.05e-05,94,-1.90427196076202,2.64898678430836,0.484018150196361,0.13153690974266,0.74471482354634,0.0061587109846171,0.0061354860525033
1.05e-05,95,-1.32647504997025,2.52785970381567,-0.0824771938924697,-0.0283569028982764,1.20138465384542,0.0061403174247045,0.0058867964286489
1.05e-05,97,-1.6938420676447,2.53825503806358,0.0527474475967035,-0.331398308762448,0.844412970418883,0.0061323016327837,0.0061445394281167
1.05e-05,98,-1.27825177051902,2.5906337815159,-0.481651338326367,0.118022278681512,1.31238201099688,0.0061511177741927,0.0060854629672642
1.05e-05,99,-1.31918282875032,2.60887819791727,-0.13354335366002,0.192030695153113,1.28969536916695,0.00615096010455,0.0061344118034066
1.05e-05,100,-2.01461111894373,2.79008558773093,-0.0723070908837954,0.0471151083286355,0.775474468787192,0.0064316465691024,0.0060653647729811
1.05e-05,101,-1.45434530298406,2.74060592223286,0.498844827184631,0.323209942180636,1.2862606192488,0.0070868085432393,0.0061456977386512
1.05e-05,102,-1.55130878139194,2.54739103803006,-0.0986745560587761,-0.388953612708102,0.996082256638122,0.0061531790938345,0.0061523710210536
1.05e-05,103,-1.45233620224,2.71690555389695,-0.38772724167109,-0.44703359439029,1.26456935165695,0.006116957610161,0.0061515313736436
1.05e-05,105,-1.20765440636221,2.51980531313015,0.337562734676324,-0.132000338551904,1.31215090676794,0.0061473799134579,0.0061019895959948
1.05e-05,106,-1.92351507352395,2.68134334052078,0.0555186667025958,0.490198490462357,0.757828266996827,0.0061565630714519,0.0061498512759976
1.05e-05,108,-1.84567240235975,2.79337734248983,-0.15314298907111,-0.193542268649549,0.947704940130078,161.321344212051,0.0064594338354953
1.05e-05,109,-1.98899134043098,2.78064566211981,-0.435334456149429,-0.235889609820924,0.791654321688826,0.0061537301537645,0.0061390077466476
1.05e-05,110,-2.72078503854386,2.76391999531849,0.0325148697565201,0.421797756503509,0.0431349567746269,0.0061515260528301,0.0061493026584802
1.05e-05,113,-1.41190579558935,2.74548463895197,0.475543193723953,-0.371845015436867,1.33357884336263,0.0063917359374529,0.0061484892449171
1.05e-05,114,-1.40107163084008,2.65806800804351,0.116712330767135,0.381890964948087,1.25699637720343,0.0061535959755132,0.0061501391489653
1.05e-05,115,-1.81438391367044,2.78566090103223,-0.124116045204326,0.389226891584987,0.971276987361788,147.885253797567,0.0063216844541203
1.05e-05,116,-1.3925518996251,2.61171939494871,0.415251884030758,-0.455667749197719,1.21916749532361,0.0061475342747612,0.006150086878435
1.05e-05,117,-0.909052830627916,2.55582378292562,0.299947048584882,0.394465379315091,1.64677095229771,0.0061468783214315,0.0061500130904343
1.05e-05,118,-0.87082573899567,2.5493484471837,-0.295735241666995,-0.386256980586276,1.67852270818803,10.3171419158535,0.0061501255404467
1.05e-05,119,-1.6494708750338,2.70732188146528,-0.335960052923587,-0.151611939897943,1.05785100643149,0.0061385745759455,0.0060911893994205
1.05e-05,120,-1.1819963651877,2.44821906924767,-0.288479482255773,0.213281722382236,1.26622270405997,102.441727077952,0.00628094034737
1.05e-05,122,-1.43487104006422,2.73442717313526,-0.30724567811296,0.271818212102641,1.29955613307103,0.0062726756902218,0.006143963594892
1.05e-05,123,-1.33237870721721,2.58397409839989,0.477723511872644,-0.168023047838767,1.25159539118268,0.0061513848746443,0.0061362982694112
1.05e-05,124,-1.08828095928013,2.48040485081598,-0.486322348895356,-0.307519232229578,1.39212389153584,0.0061481761250526,0.0061492299845816
1.05e-05,125,-1.79261860796816,2.57678945591146,-0.249195867499104,0.0948252892737712,0.784170847943306,11.7380359070622,0.0061065065957807
1.05e-05,127,-1.09823044341681,2.8070626227741,-0.269182214812218,-0.250230987140685,1.70883217935729,66.1860462856428,0.0061505873298896
1.05e-05,130,-1.63028813167327,2.51511409935569,-0.224077446931897,0.396437435718737,0.884825967682422,0.0061472760841865,0.0061455848764905
1.05e-05,131,-1.29391229592107,2.64461641778713,0.270489358501296,0.130052202149628,1.35070412186606,0.0061499847197066,0.0060822495671947
1.05e-05,132,-1.10377107512803,2.55334960437214,0.0455743467454452,-0.333266752194657,1.4495785292441,0.0061537309639498,0.0061503286509555
1.05e-05,133,-1.51681376761153,2.68036827819482,0.188866484425556,-0.391850401986737,1.16355451058329,0.0061516017793049,0.006151154293255
1.05e-05,134,-1.29839874618078,2.55980763762983,0.162496873184278,-0.347171822274108,1.26140889144905,0.0061456129617593,0.0061515117800829
1.05e-05,135,-2.54834122308937,2.74409841066305,0.0373577492268772,0.182721177735303,0.195757187573682,0.0061283898587938,0.0061467544808084
1.05e-05,136,-1.35376639981996,2.73971720645257,0.264400111389306,-0.174002081464397,1.38595080663261,0.0061363888730466,0.0061414717664986
1.05e-05,139,-1.27972272895476,2.59314084739493,0.255874151178387,-0.348866000151106,1.31341811844017,0.0061527204213041,0.0061506283581961
1.05e-05,140,-1.97746386981358,2.71225724785773,-0.49144522988183,0.395147158971728,0.734793378044145,0.006154891026323,0.006150576751256
1.05e-05,141,-1.16010381548297,2.71217374712136,-0.119424058621893,-0.0062112297435919,1.55206993163839,0.0059545122183157,0.0058718341797257
1.05e-05,142,-2.00501531665812,2.76680205197586,0.394054612702145,0.428145220895642,0.761786735317742,0.0061732624771139,0.0061494786935281
1.05e-05,143,-0.893398269020823,2.53724144028212,0.473379195775117,-0.455141663814614,1.6438431712613,0.0061570056431934,0.0061500506855954
1.05e-05,144,-1.82145022615016,2.58552797396271,-0.426615983347991,-0.267676210468072,0.764077747812554,54.8771554922869,0.0061453877418192
1.05e-05,145,-1.49958887533145,2.7298126728597,-0.153997587027724,-0.0811293377539528,1.23022379752825,0.0062801379279741,0.005978296335755
1.05e-05,146,-2.00568605182,2.71214779863612,-0.0478609448775525,0.0518799421186391,0.706461746816122,0.0060849537880796,0.0059553654649409
1.05e-05,147,-1.89347196667711,2.67235643801744,0.482447357047075,-0.285691737838168,0.778884471340337,0.006153275352765,0.0061499554834891
1.05e-05,148,-1.21632760433453,2.44690661345997,-0.0120423602092512,0.374579516387342,1.23057900912543,193.746489309583,0.0064896290871163
1.05e-05,149,-1.75520115776082,2.56454729857835,0.389285462074263,0.224362706563218,0.809346140817533,0.0062977943322851,0.0061424038777316
1.05e-05,151,-1.15018342928263,2.48639951664703,0.385228984211173,-0.327244606009277,1.33621608736439,0.0061428346191352,0.006143418390432
1.05e-05,152,-1.07553921245508,2.679826782138,-0.226796493949768,-0.307209564180894,1.60428756968291,0.0061550448392936,0.0061500657998316
1.05e-05,153,-1.57956209529439,2.70810117838349,-0.0948178961990389,-0.208414626487805,1.1285390830891,0.0061431076342383,0.0061391710374241
1.05e-05,154,-1.3109170416516,2.6837266483403,0.0800435552980984,-0.482365170947654,1.37280960668871,0.0061438780221376,0.0061508622832461
1.05e-05,158,-2.00962248519486,2.67930264881926,-0.0333656300498129,-0.327139475011273,0.669680163624407,0.0061475298583506,0.0061348280019007
1.05e-05,159,-0.986902035145163,2.56527747319814,-0.0626387084373853,0.482468845786694,1.57837543805298,0.0061469934874341,0.0061499547477485
1.05e-05,161,-0.993691776141858,2.68550225499585,-0.0146271048308058,-0.408035432682486,1.69181047885399,26.4371734242181,0.0061509279818109
1.05e-05,162,-1.08169535152156,2.70614588194544,-0.448760458853575,-0.196301530871053,1.62445053042388,0.006155672982908,0.0061340735785897
1.05e-05,163,-1.87352265666087,2.73925853737595,-0.0351296294007729,0.320767221139798,0.865735880715077,0.0061592294545891,0.0061419130849311
1.05e-05,164,-1.70144755529807,2.6862784667626,0.316621524292736,-0.289925804913219,0.984830911464532,0.0061529491683544,0.0061354073836287
1.05e-05,166,-2.31708196464737,2.71806351468044,-0.264157001056725,-0.0223064993057084,0.400981550033066,0.0061348228246851,0.0061154183859134
1.05e-05,167,-2.02308546956384,2.71772762471561,0.403929052846088,-0.189991035430079,0.694642155151766,0.0061504138494633,0.0061344699757557
1.05e-05,168,-1.12039217801741,2.53020699305493,-0.0038465607158062,0.234867466969133,1.40981481503752,0.0061537972354545,0.0061381934612246
1.05e-05,169,-1.70572680319773,2.71442683065085,-0.426107854786466,0.246245851926862,1.00870002745312,0.0061524826036224,0.0061390616970213
1.05e-05,170,-1.9462802108028,2.66366638191904,0.293960345907922,0.352803983276472,0.717386171116247,0.0061588694853218,0.0061348744197238
1.05e-05,171,-1.57985852087596,2.6596672583757,-0.273103660043777,0.0115877622667807,1.07980873749973,0.0060855452129068,0.0059552970903215
1.05e-05,172,-1.63462369995135,2.70361305765884,0.2422223837868,0.341420691941333,1.0689893577075,0.006154319623213,0.0061389518901904
1.05e-05,173,-1.37202277481549,2.69832474460203,0.040209077901909,-0.481832179072833,1.32630196978654,0.006135409160219,0.0061515020412737
1.05e-05,174,-1.42209686674632,2.7487194574731,0.480391204593076,-0.425529201131464,1.32662259072678,0.0065512908713418,0.0061469009886891
1.05e-05,176,-0.941126093595506,2.56046224189313,0.158842899965502,-0.305641530550571,1.61933614829762,0.0061531360226445,0.0061334463563373
1.05e-05,178,-1.25330980243372,2.49760488209972,-0.3350932561533,0.362344060316856,1.24429507966601,10.9952723553927,0.0061475037200622
1.05e-05,179,-1.12195230147442,2.59234237047212,0.219683153082689,-0.293168418934855,1.47039006899769,0.0061532257854748,0.0061336230488998
1.05e-05,180,-1.772960406944,2.77146171157728,-0.285654439936326,0.23067854448492,0.998501304633272,75.5234748153611,0.0061539304502504
1.05e-05,181,-1.14349939166211,2.67573432274146,0.0604225186158683,0.370642037414964,1.53223493107936,0.0061539771392759,0.0061506450868412
1.05e-05,182,-1.17759296380775,2.73522890153808,0.04288243229793,0.0466683024985755,1.55763593773033,0.0060829251721502,0.0059604446139005
1.05e-05,183,-0.672677015886234,2.14819572185584,-0.435228639517163,-0.128448132956347,1.47551870596961,64.9459601283886,0.0061499089641191
1.05e-05,184,-0.935328702410401,2.59686887718957,-0.349045212588354,-0.494478521598009,1.66154017477917,0.0061368818410516,0.0061499920133816
1.05e-05,185,-1.05388043874081,2.47466194662376,-0.164442599957999,-0.0664763523992123,1.42078150788295,0.0061542225505066,0.0060905029898093
1.05e-05,186,-1.30576529100946,2.67876239724371,-0.0332941150784024,0.127130630581387,1.37299710623425,0.0061520586020949,0.0060846716324912
1.05e-05,187,-0.77230919585099,2.37529452473132,0.455530642942875,-0.0924980187669825,1.60298532888033,0.0061907263107903,0.0060831224986405
1.05e-05,190,-1.27676750449721,2.69826670781687,0.25553353433934,0.104736509846741,1.42149920331965,0.0061525372680577,0.0060869245152821
1.05e-05,192,-1.60761504691229,2.58855056967667,0.376652606102746,-0.401845243291638,0.980935522764371,0.0061533247121744,0.0061508484361104
1.05e-05,193,-1.35768141965183,2.82039461633521,0.297777962804918,-0.187539157450823,1.46271319668338,65.8085789826966,0.0062436808528848
1.05e-05,194,-1.43395625268092,2.55890915869768,0.281950737425929,-0.327536133148117,1.12495290601676,0.0061487095869961,0.0061515599314256
1.05e-05,195,-1.15264532133604,2.47272883317064,0.173435901499185,0.477868884794167,1.32008351183461,0.0061205504532061,0.006151632787759
1.05e-05,196,-1.02546115190373,2.664930670388,0.312562710390873,-0.468180708975089,1.63946951848427,0.0061467395237167,0.0061499434731087
1.05e-05,200,-2.34251475050232,2.76267236834715,0.173999426956082,0.0793473728512207,0.420157617844829,0.0061439733064962,0.0060929633453751
1.05e-05,202,-1.40606271562574,2.67771402641321,-0.157279870222021,-0.0375202875647858,1.27165131078747,0.0060916482283249,0.0059574813911007
1.05e-05,204,-0.974491913307062,2.44725999445084,-0.432373672362327,-0.0132965240737363,1.47276808114377,133.833450497416,0.0060830467267626
1.05e-05,205,-1.53312473199488,2.70782310556571,0.194203889062652,0.239659685195577,1.17469837357083,0.0061521327898319,0.0061398615355545
1.05e-05,206,-1.81569556086176,2.77444264264414,-0.205676145767377,0.380137471445327,0.958747081782383,56.7972043895949,0.0061553097115093
1.05e-05,207,-1.09630285418147,2.52886057841314,-0.003985454744542,0.0541792464226283,1.43255772423167,0.0061335063105339,0.0059593281115566
1.05e-05,208,-1.2538386591911,2.79281295483649,-0.362403848828886,0.25003753754066,1.5389742956454,0.0061583847125473,0.0061475260126805
1.05e-05,209,-1.52875758306452,2.64436124694223,-0.253316134612443,0.0865556143421731,1.11560366387771,0.006133960715157,0.0060823464063346
1.05e-05,210,-2.25807402607791,2.76850110730779,-0.386844217246281,-0.109526526147011,0.510427081229881,0.006142542893909,0.0061424884126496
1.05e-05,211,-1.43987964088565,2.694055496788,0.449434521204899,0.0111119129844214,1.25417585590235,0.0061431995116035,0.0060883416452947
1.05e-05,212,-1.65085361007986,2.74133059209136,-0.173204022924959,0.248758515872964,1.0904769820115,0.0065907468064109,0.0061451513027983
1.05e-05,215,-1.35335280192078,2.44276217349181,-0.201963139202902,0.244882286799955,1.08940937157103,126.896496525689,0.0064886066817812
1.05e-05,216,-1.05854273637752,2.70586040127237,0.321809052887251,-0.163769864179401,1.64731766489485,0.0061584720012661,0.0060822683100768
1.05e-05,217,-1.05931510512494,2.7690019209125,0.474151935429478,-0.430627680060533,1.70968681578756,130.714194595883,0.0061518764743159
1.05e-05,218,-0.90953592880909,2.53344609653941,0.412512609539107,-0.366402440103984,1.62391016773032,0.0061528995424356,0.0061334100254266
1.05e-05,219,-0.919825177399526,2.62618827802309,-0.148339086880026,0.222449556129821,1.70636310062357,182.593712701753,0.0061348224814835
1.05e-05,220,-1.11984853432164,2.57920332046455,-0.33192685269562,0.167723003177913,1.45935478614291,0.0061503313778742,0.0060829777752664
1.05e-05,221,-1.20397324404574,2.81854590555081,-0.22637803261781,-0.273489457530502,1.61457266150506,0.0061552768273094,0.0061491991194141
1.05e-05,223,-0.989876353462674,2.49310626440791,-0.0827580013372335,-0.157464930851701,1.50322991094523,0.0062252594051351,0.006133453792389
1.05e-05,224,-1.54856225444735,2.4980479451593,0.345616766889575,0.429490612089751,0.949485690711956,0.0061534442157051,0.0061437075305972
1.05e-05,225,-2.66911876902963,2.76636862923864,0.365170985805021,0.0661557818056465,0.0972498602090046,0.0061482461481818,0.0060908171132627
1.05e-05,226,-1.59543517854277,2.75214363802798,-0.405637332184077,-0.466042737982534,1.1567084594852,68.5573767526262,0.0061374879708818
1.05e-05,227,-1.43386214052152,2.49265635302357,-0.499600307410675,-0.0533316925226187,1.05879421250206,0.006150338737653,0.0061451873742205
1.05e-05,228,-2.53330456203335,2.76891365935576,0.248979633293827,-0.254536741980559,0.235609097322408,0.0061267079660175,0.0061440952851596
1.05e-05,229,-1.14727615299766,2.61075071850943,-0.0141502690834626,-0.382199208238521,1.46347456551177,0.0061479894020206,0.0061499172195574
1.05e-05,230,-1.20830526913568,2.6543282307962,-0.407363537276584,0.367763914115314,1.44602296166051,0.0061539487429726,0.0061502046953497
1.05e-05,231,-1.31349721464301,2.73311332613498,0.492494676896073,-0.146747005820093,1.41961611149197,0.0061457983771985,0.0060946726452276
1.05e-05,232,-1.00066414020852,2.71432232769022,0.371478941985113,0.182829170439742,1.7136581874817,185.326707234813,0.0061349138159828
1.05e-05,233,-1.6941499355097,2.70719117092271,-0.0464746579516995,-0.0919697713305563,1.01304123541301,0.0061405640069217,0.0059634040140782
1.05e-05,234,-1.40388468773706,2.5857418483531,-0.0248118620191177,-0.37462929441208,1.18185716061604,0.0061520701865038,0.0061507858640006
1.05e-05,236,-1.80240411681919,2.64374515103576,0.189007510845079,0.137361391175909,0.84134103421657,0.0061367770450645,0.0060829502360625
1.05e-05,237,-2.11514623146023,2.69260766916879,0.289616069716998,-0.223655992604453,0.577461437708566,0.0061502984718695,0.0061375772829751
1.05e-05,238,-1.60138183718445,2.6337122345327,0.483898036360018,0.0922488153893509,1.03233039734825,0.0061505741769692,0.0060822194832698
1.05e-05,241,-1.31850359758453,2.53776617772,0.391259829922494,0.170910607981305,1.21926258013547,0.0061504663557419,0.0061432386477585
1.05e-05,242,-1.09749763244867,2.65555662746565,-0.0142802064662416,0.274600746388784,1.55805899501697,0.0061533626198412,0.0061338444851003
1.05e-05,243,-1.58622602652176,2.56519906079596,0.199201929245944,-0.198027862258154,0.978973034274202,0.0061498743296046,0.0061379392771343
1.05e-05,244,-1.04800871800654,2.67925101750743,0.0330328849390766,0.10351179081413,1.63124229950089,0.0061513921897775,0.0060823558411152
1.05e-05,247,-1.68913497201816,2.63212166295071,0.414961282010757,0.39197223683712,0.942986690932559,0.006151320949579,0.0061335004478373
1.05e-05,248,-1.54063185697826,2.65873147731871,-0.281782764467068,0.236621289380061,1.11809962034045,0.006153250382178,0.0061339475315992
1.05e-05,250,-1.12952796525886,2.79048204491655,-0.348254106207153,0.435810348772485,1.66095407965769,0.0061334577780971,0.006152589860394
1e-05,1,-1.31174599887491,2.4805210746738,-0.239788632064246,0.188396704926908,1.16877507579889,94.5106803843364,0.0009902687372248
1e-05,2,-1.30599369034217,2.7224430807328,0.409304146406049,-0.41627586689109,1.41644939039064,0.0009940677543628,0.0009946347808506
1e-05,3,-2.52790066194371,2.76488450166602,-0.208483071848808,-0.0281570251623863,0.236983839722309,0.0009908849805577,0.0009489343740276
1e-05,4,-1.43665640403064,2.64498810868677,-0.462252683032567,-0.348389362069524,1.20833170465612,0.0009957787314432,0.0009890676572427
1e-05,5,-1.06249904566088,2.42851400344641,0.15579627989972,-0.116277825280546,1.36601495778553,0.0009940766347152,0.0009823330219835
1e-05,6,-1.32103058190807,2.76553411249921,-0.237119298010674,0.265432216744772,1.44450353059114,0.0009908797817348,0.0009921416831596
1e-05,7,-1.70943378931667,2.6199678085075,-0.427031667074312,-0.308706825797893,0.91053401919083,0.0009939378908393,0.0009892644017447
1e-05,10,-0.882843134184752,2.48032504041287,-0.189852778909198,-0.266151630914522,1.59748190622812,0.0009945558962637,0.0009892732124839
1e-05,11,-1.43990343174956,2.57201484351658,-0.190518420805133,-0.432326463342017,1.13211141176702,0.0009956888197671,0.0009945482034029
1e-05,12,-2.05275232790298,2.73706170863463,-0.27650568574416,-0.266852696381913,0.684309380731651,0.0009937902565971,0.0009899021923522
1e-05,13,-2.02670711920039,2.75764007300655,0.475604968589112,-0.24825553571747,0.730932953806155,0.0009944014418261,0.0009912125723135
1e-05,15,-2.56852780698915,2.77780953772779,0.10102587748869,-0.284133602340511,0.209281730738638,152.612117317265,0.000996964941351
1e-05,16,-2.39503766786455,2.72637299927317,0.0239931674646672,0.047967796793928,0.331335331408624,0.0009795537821432,0.00096697985583
1e-05,17,-0.776203558130274,2.35349840953592,0.120278817100843,-0.443052051301552,1.57729485140565,0.0009952241514704,0.0009941231683284
1e-05,18,-1.58745869495817,2.52930096758236,-0.409681439700927,0.153943672179926,0.941842272624187,0.0009940572381242,0.0009916183565307
1e-05,22,-1.82621206113259,2.61569717287285,-0.209256134109326,0.342588379433667,0.789485111740262,0.0009959937334892,0.0009947538637416
1e-05,23,-0.813847780611057,2.38539584497163,0.114770953156262,0.305503111259863,1.57154806436057,87.6407233117061,0.0009891532776927
1e-05,24,-0.823639893826853,2.44441490117458,0.153602952535226,-0.176060879839284,1.62077500734772,0.0009942885174994,0.0009761522964484
1e-05,25,-0.860279303560866,2.48221172427813,0.0388193672496691,0.483162289911408,1.62193242071726,0.0009950920604031,0.0009940719893434
1e-05,26,-1.38243212598604,2.61738634328205,-0.428793282458767,-0.382093688179716,1.23495421729602,0.0009957241959395,0.0009941069740348
1e-05,28,-1.11618371113177,2.57679868230356,0.126463855254056,-0.0813948143280849,1.46061497117179,0.0009890696004349,0.0009476618356482
1e-05,29,-1.18298513729317,2.67937947794852,-0.0921399744090866,-0.207403556376057,1.49639434065536,0.0009957363780121,0.0009893609276761
1e-05,30,-1.58028934131385,2.69100547268859,0.205034522263333,0.0517900635794957,1.11071613137474,0.0009800327384428,0.0009488920648089
1e-05,31,-1.64504610329383,2.63002032266095,-0.215459389727944,-0.150735094152361,0.98497421936712,0.000989041499877,0.0009761917328211
1e-05,32,-1.29969114198075,2.62515608725726,-0.433831278274819,0.180265628728575,1.32546494527651,0.0009940798803291,0.000989063141846
1e-05,33,-1.45729912418243,2.65500260291152,0.151319897226239,0.255714133601085,1.19770347872909,0.0009959133463372,0.0009891223618718
1e-05,34,-1.29140971976854,2.80239086513111,-0.393611594585923,-0.237176973787611,1.51098114536258,0.0009885610809615,0.0009903433344858
1e-05,35,-1.52123653757335,2.56829289274437,0.372948730409002,-0.131866410018862,1.04705635517103,0.0009941824291569,0.0009899973871231
1e-05,36,-1.84460955177425,2.75418685367173,-0.160506084940057,-0.240608392579144,0.909577301897487,0.0009880469719952,0.0009908973418995
1e-05,38,-0.906835067332574,2.58116156744788,-0.334122075337465,-0.138511570034752,1.67432650011531,0.0009863811519076,0.0009890688838262
1e-05,39,-1.49373906384364,2.72025721947252,-0.0518713005348405,0.355624566175877,1.22651815562889,0.0009908025206568,0.0009911695835468
1e-05,40,-2.47181607572867,2.74086113913133,0.378697583826076,0.392426177536039,0.269045063402663,0.0009928521529631,0.0009934886554124
1e-05,41,-1.27329373936215,2.46870237545825,-0.457994232581188,0.196375849870566,1.1954086360961,148.742243105274,0.0009945393158052
1e-05,42,-1.16056503543681,2.50253323576692,0.275315753880376,-0.109437897572968,1.34196820033011,0.0009950590809982,0.000980872442011
1e-05,43,-1.27983382474272,2.71268605232612,-0.232333240230557,-0.232248334460458,1.4328522275834,0.0009953934204284,0.0009902020286402
1e-05,44,-2.5798067575612,2.75395324789479,-0.170457866476118,-0.252124427676049,0.174146490333589,0.0009959494726341,0.0009943641924341
1e-05,45,-0.94169076952095,2.52236361370327,0.489333286828275,0.352736745731932,1.58067284418232,0.0009908110284211,0.0009940513512387
1e-05,46,-2.17463615604013,2.69866970373507,0.15577730178418,-0.34145846440839,0.524033547694942,0.0009939252602171,0.0009908706604128
1e-05,47,-1.73530510464831,2.64661696817117,-0.469602585188474,-0.162098574224937,0.911311863522862,0.0009939660125695,0.0009890310557209
1e-05,49,-1.69674525253665,2.6162596650048,0.109693569374039,-0.461868385908527,0.919514412468156,0.0009957356664982,0.0009942441396752
1e-05,50,-0.826073345396043,2.44293079487156,0.0102159340784042,0.0550852504728198,1.61685744947552,0.0009890217654829,0.0009474567500894
1e-05,51,-1.99731204156039,2.71640577854066,-0.0574109766755413,-0.302419055649523,0.719093736980274,0.0009938950449132,0.0009893267920096
1e-05,52,-1.40223230538363,2.70184850425875,0.251148367822583,-0.150672964024089,1.29961619887512,0.0009945422223391,0.0009779151574771
1e-05,53,-1.44670585788884,2.47705707370837,-0.427237623760373,0.208151687740601,1.03035121581952,0.0009954532703045,0.0009906972771384
1e-05,54,-1.15512526002475,2.81203537140393,0.204085668642335,0.16994918100308,1.65691011137918,0.0009936953506173,0.0009897259039677
1e-05,56,-1.68422606723093,2.54094503983765,-0.391028370696084,0.198598286727039,0.856718972606728,0.0009912880330248,0.0009917565564979
1e-05,58,-1.67313633441981,2.68037998581984,-0.466606795134143,-0.298815857833348,1.00724365140003,0.0009940027108531,0.0009894031080626
1e-05,59,-1.2369810213246,2.49846487692176,0.080418165780147,-0.479232113289609,1.26148385559716,0.0010017571076675,0.0009921606834994
1e-05,60,-1.22723716340486,2.48257990332198,-0.280199288038076,-0.0767408572341708,1.25534273991712,47.395860105253,0.0009834330604417
1e-05,62,-1.10159364015925,2.60206480502066,0.134050508306719,-0.284546723044357,1.50047116486141,0.0009957502189164,0.0009890234277888
1e-05,65,-1.73029114148935,2.76031804098348,-0.32734259890241,0.355347668683623,1.03002689949413,44.6220459472152,0.0009929361102692
1e-05,66,-2.02677481618678,2.73425270227393,0.309103216823046,-0.231445893790321,0.707477886087157,0.0009942142047165,0.0009899418590932
1e-05,67,-2.13583290874701,2.69721964247726,0.218237994981284,0.039418192753467,0.561386733730251,0.0009900282043106,0.0009779155320836
1e-05,69,-1.0874207253619,2.46413864868405,-0.070117241875152,0.397614008342385,1.37671792332215,0.0009953625256136,0.0009953981961236
1e-05,70,-1.0415113604623,2.50394753652904,-0.371062694580183,-0.464289050971857,1.46243617606674,0.0009953597573721,0.0009940937714465
1e-05,71,-1.07949676618896,2.54294307587013,0.0491556907902392,-0.421193301954593,1.46344630968117,0.0009952113452256,0.0009941832762713
1e-05,73,-2.14913323155258,2.7374488002679,0.479450763112824,0.132710309966193,0.588315568715316,0.0009950031120974,0.0009895031692194
1e-05,74,-1.40175044700545,2.54037788331075,-0.0734471457583603,0.230532021005362,1.1386274363053,0.0009946490181907,0.0009911915740446
1e-05,75,-1.8722907740632,2.63390649982314,0.222762032839697,0.130687188312316,0.761615725759939,0.0009922267430047,0.0009774881755317
1e-05,76,-1.38684923796645,2.82046220908899,-0.462002162695258,-0.0744657022788004,1.43361297112254,164.545450158329,0.0010515900764789
1e-05,77,-1.24868719361893,2.48405398268713,-0.16452338943913,0.0683051045948369,1.2353667890682,71.3484189490761,0.0009610242915016
1e-05,78,-1.27399242745674,2.70797603967406,0.0502955231831296,0.0255407311257162,1.43398361221732,0.000978798510121,0.0009310564335779
1e-05,79,-1.2975479917871,2.5563027533187,0.125667180631593,-0.410142081999953,1.2587547615316,0.0009922482355513,0.000994690643621
1e-05,80,-1.77253335815101,2.76704272851539,-0.282742599506135,-0.0103099578391185,0.994509370364386,37.1268807919417,0.0009601594168494
1e-05,82,-0.783325290804284,2.35227998918874,0.292902278329636,0.431607495147661,1.56895469838446,0.0009788430564975,0.0009940200681615
1e-05,84,-1.28622776003795,2.57243681254546,0.279104187338647,0.102049543549351,1.2862090525075,0.0009954590051823,0.0009777973240641
1e-05,85,-1.68147888934516,2.63793720843697,0.224789301195435,0.161476768856287,0.956458319091809,0.0009892912730471,0.0009761611478857
1e-05,87,-1.14613596785089,2.59768868016106,-0.111572778772143,0.0070476590476781,1.45155271231016,0.0009761887266299,0.0009300546536257
1e-05,88,-1.59075254515918,2.59230335383506,-0.238933200104671,0.256483849099917,1.00155080867588,0.0009957936193981,0.0009895827609174
1e-05,89,-0.705923374805154,2.20789485197575,0.238191897324499,0.373999425537894,1.50197147717059,0.0009944223927939,0.0009940421440219
1e-05,90,-2.09259545938514,2.79990367110683,0.0379230312678858,0.139601748513116,0.707308211721682,39.2840382859215,0.0010715828075742
1e-05,91,-1.46025827886375,2.68287104992512,0.228822180092745,0.0070029904961719,1.22261277106138,0.0009791508144592,0.0009484722880703
1e-05,92,-1.25789038370721,2.72501397077461,-0.387302139561675,-0.148684454746824,1.46712358706739,0.0009947787425249,0.0009904374583748
1e-05,93,-1.59213631759879,2.67303144863922,0.0697078505699332,0.0414293943049967,1.08089513104043,0.0009492959699133,0.0009303762528
1e-05,94,-1.90427196076202,2.64898678430836,0.484018150196361,0.13153690974266,0.74471482354634,0.0009963447742955,0.000989566747393
1e-05,95,-1.32647504997025,2.52785970381567,-0.0824771938924697,-0.0283569028982764,1.20138465384542,0.0009854976396233,0.0009344142990088
1e-05,97,-1.6938420676447,2.53825503806358,0.0527474475967035,-0.331398308762448,0.844412970418883,0.0009854618969785,0.0009913531746078
1e-05,98,-1.27825177051902,2.5906337815159,-0.481651338326367,0.118022278681512,1.31238201099688,0.0009944941788882,0.0009769168454964
1e-05,99,-1.31918282875032,2.60887819791727,-0.13354335366002,0.192030695153113,1.28969536916695,0.0009943582207427,0.0009892749639706
1e-05,100,-2.01461111894373,2.79008558773093,-0.0723070908837954,0.0471151083286355,0.775474468787192,0.0010385908239313,0.0009683464583017
1e-05,101,-1.45434530298406,2.74060592223286,0.498844827184631,0.323209942180636,1.2862606192488,0.0011366334333328,0.0009918633543228
1e-05,102,-1.55130878139194,2.54739103803006,-0.0986745560587761,-0.388953612708102,0.996082256638122,0.0009957655422375,0.0009949371808014
1e-05,103,-1.45233620224,2.71690555389695,-0.38772724167109,-0.44703359439029,1.26456935165695,0.0009856530602963,0.0009947846222107
1e-05,105,-1.20765440636221,2.51980531313015,0.337562734676324,-0.132000338551904,1.31215090676794,0.0009933789641394,0.0009806068541562
1e-05,106,-1.92351507352395,2.68134334052078,0.0555186667025958,0.490198490462357,0.757828266996827,0.0009965480334988,0.0009940574337273
1e-05,108,-1.84567240235975,2.79337734248983,-0.15314298907111,-0.193542268649549,0.947704940130078,161.183133332602,0.0010432461278055
1e-05,109,-1.98899134043098,2.78064566211981,-0.435334456149429,-0.235889609820924,0.791654321688826,0.0009856039467412,0.0009874052997089
1e-05,110,-2.72078503854386,2.76391999531849,0.0325148697565201,0.421797756503509,0.0431349567746269,0.0009961600355995,0.0009941190871381
1e-05,113,-1.41190579558935,2.74548463895197,0.475543193723953,-0.371845015436867,1.33357884336263,0.0010376461295952,0.0009941034941208
1e-05,114,-1.40107163084008,2.65806800804351,0.116712330767135,0.381890964948087,1.25699637720343,0.0009959215692708,0.0009941471414096
1e-05,115,-1.81438391367044,2.78566090103223,-0.124116045204326,0.389226891584987,0.971276987361788,148.077164921605,0.0010218303936317
1e-05,116,-1.3925518996251,2.61171939494871,0.415251884030758,-0.455667749197719,1.21916749532361,0.0009950572662672,0.0009941449363337
1e-05,117,-0.909052830627916,2.55582378292562,0.299947048584882,0.394465379315091,1.64677095229771,0.0009950698510635,0.0009940919841216
1e-05,118,-0.87082573899567,2.5493484471837,-0.295735241666995,-0.386256980586276,1.67852270818803,9.69773616646671,0.0009941697776661
1e-05,119,-1.6494708750338,2.70732188146528,-0.335960052923587,-0.151611939897943,1.05785100643149,0.0009903085943596,0.0009782385695825
1e-05,120,-1.1819963651877,2.44821906924767,-0.288479482255773,0.213281722382236,1.26622270405997,102.490882395603,0.001012316621091
1e-05,122,-1.43487104006422,2.73442717313526,-0.30724567811296,0.271818212102641,1.29955613307103,0.0010122279264274,0.000991560368979
1e-05,123,-1.33237870721721,2.58397409839989,0.477723511872644,-0.168023047838767,1.25159539118268,0.0009946515793414,0.0009897695562355
1e-05,124,-1.08828095928013,2.48040485081598,-0.486322348895356,-0.307519232229578,1.39212389153584,0.0009951479259827,0.0009942930371441
1e-05,125,-1.79261860796816,2.57678945591146,-0.249195867499104,0.0948252892737712,0.784170847943306,11.6689456372075,0.0009815475146111
1e-05,127,-1.09823044341681,2.8070626227741,-0.269182214812218,-0.250230987140685,1.70883217935729,65.8080680568391,0.0009942211458895
1e-05,130,-1.63028813167327,2.51511409935569,-0.224077446931897,0.396437435718737,0.884825967682422,0.0009948746213402,0.0009926781335231
1e-05,131,-1.29391229592107,2.64461641778713,0.270489358501296,0.130052202149628,1.35070412186606,0.0009941086497439,0.0009761593547938
1e-05,132,-1.10377107512803,2.55334960437214,0.0455743467454452,-0.333266752194657,1.4495785292441,0.0009958409613895,0.0009942347389513
1e-05,133,-1.51681376761153,2.68036827819482,0.188866484425556,-0.391850401986737,1.16355451058329,0.0009957650959449,0.0009944679574743
1e-05,134,-1.29839874618078,2.55980763762983,0.162496873184278,-0.347171822274108,1.26140889144905,0.0009945350416253,0.0009947117245002
1e-05,135,-2.54834122308937,2.74409841066305,0.0373577492268772,0.182721177735303,0.195757187573682,0.0009850770470369,0.0009899334566614
1e-05,136,-1.35376639981996,2.73971720645257,0.264400111389306,-0.174002081464397,1.38595080663261,0.0009891845502045,0.0009910609039974
1e-05,139,-1.27972272895476,2.59314084739493,0.255874151178387,-0.348866000151106,1.31341811844017,0.0009957671631566,0.0009943276128449
1e-05,140,-1.97746386981358,2.71225724785773,-0.49144522988183,0.395147158971728,0.734793378044145,0.0009961519851665,0.0009942621517026
1e-05,141,-1.16010381548297,2.71217374712136,-0.119424058621893,-0.0062112297435919,1.55206993163839,0.0009475051090729,0.0009311535408588
1e-05,142,-2.00501531665812,2.76680205197586,0.394054612702145,0.428145220895642,0.761786735317742,0.0009997089613926,0.0009927738738567
1e-05,143,-0.893398269020823,2.53724144028212,0.473379195775117,-0.455141663814614,1.6438431712613,0.0009966901340106,0.0009941001355437
1e-05,144,-1.82145022615016,2.58552797396271,-0.426615983347991,-0.267676210468072,0.764077747812554,54.4562532253169,0.0009919074098313
1e-05,145,-1.49958887533145,2.7298126728597,-0.153997587027724,-0.0811293377539528,1.23022379752825,0.0010118841826166,0.0009527769048576
1e-05,146,-2.00568605182,2.71214779863612,-0.0478609448775525,0.0518799421186391,0.706461746816122,0.0009767895890865,0.0009476954645377
1e-05,147,-1.89347196667711,2.67235643801744,0.482447357047075,-0.285691737838168,0.778884471340337,0.0009958543138207,0.0009940820536332
1e-05,148,-1.21632760433453,2.44690661345997,-0.0120423602092512,0.374579516387342,1.23057900912543,193.806245014292,0.001057343534208
1e-05,149,-1.75520115776082,2.56454729857835,0.389285462074263,0.224362706563218,0.809346140817533,0.0010217018293738,0.0009910148367335
1e-05,151,-1.15018342928263,2.48639951664703,0.385228984211173,-0.327244606009277,1.33621608736439,0.0009938556986412,0.0009912759287005
1e-05,152,-1.07553921245508,2.679826782138,-0.226796493949768,-0.307209564180894,1.60428756968291,0.0009962204766542,0.0009941229886843
1e-05,153,-1.57956209529439,2.70810117838349,-0.0948178961990389,-0.208414626487805,1.1285390830891,0.0009925434451659,0.0009905083077795
1e-05,154,-1.3109170416516,2.6837266483403,0.0800435552980984,-0.482365170947654,1.37280960668871,0.0009945363560523,0.0009943853408597
1e-05,158,-2.00962248519486,2.67930264881926,-0.0333656300498129,-0.327139475011273,0.669680163624407,0.0009938126786217,0.0009893865592576
1e-05,159,-0.986902035145163,2.56527747319814,-0.0626387084373853,0.482468845786694,1.57837543805298,0.0009951223976491,0.0009940845050111
1e-05,161,-0.993691776141858,2.68550225499585,-0.0146271048308058,-0.408035432682486,1.69181047885399,26.1776442145436,0.0009943219465968
1e-05,162,-1.08169535152156,2.70614588194544,-0.448760458853575,-0.196301530871053,1.62445053042388,0.0009965456144377,0.0009891804445187
1e-05,163,-1.87352265666087,2.73925853737595,-0.0351296294007729,0.320767221139798,0.865735880715077,0.0009964695727317,0.0009911346194423
1e-05,164,-1.70144755529807,2.6862784667626,0.316621524292736,-0.289925804913219,0.984830911464532,0.0009959086483785,0.0009895379061079
1e-05,166,-2.31708196464737,2.71806351468044,-0.264157001056725,-0.0223064993057084,0.400981550033066,0.0009893756725589,0.0009831178555652
1e-05,167,-2.02308546956384,2.71772762471561,0.403929052846088,-0.189991035430079,0.694642155151766,0.0009942740988282,0.0009892935889738
1e-05,168,-1.12039217801741,2.53020699305493,-0.0038465607158062,0.234867466969133,1.40981481503752,0.0009958542209624,0.0009902238747319
1e-05,169,-1.70572680319773,2.71442683065085,-0.426107854786466,0.246245851926862,1.00870002745312,0.0009949373720299,0.0009904602951878
1e-05,170,-1.9462802108028,2.66366638191904,0.293960345907922,0.352803983276472,0.717386171116247,0.0009963058224903,0.0009894091757786
1e-05,171,-1.57985852087596,2.6596672583757,-0.273103660043777,0.0115877622667807,1.07980873749973,0.0009769364715621,0.0009476797557371
1e-05,172,-1.63462369995135,2.70361305765884,0.2422223837868,0.341420691941333,1.0689893577075,0.0009964494130963,0.0009904214301263
1e-05,173,-1.37202277481549,2.69832474460203,0.040209077901909,-0.481832179072833,1.32630196978654,0.0009929407273711,0.0009946253787
1e-05,174,-1.42209686674632,2.7487194574731,0.480391204593076,-0.425529201131464,1.32662259072678,0.001072313479035,0.0009936851634332
1e-05,176,-0.941126093595506,2.56046224189313,0.158842899965502,-0.305641530550571,1.61933614829762,0.0009956968724121,0.0009890308818615
1e-05,178,-1.25330980243372,2.49760488209972,-0.3350932561533,0.362344060316856,1.24429507966601,11.0718521250634,0.0009931040595426
1e-05,179,-1.12195230147442,2.59234237047212,0.219683153082689,-0.293168418934855,1.47039006899769,0.0009957297272033,0.000989075495534
1e-05,180,-1.772960406944,2.77146171157728,-0.285654439936326,0.23067854448492,0.998501304633272,75.5928357411277,0.000990717056064
1e-05,181,-1.14349939166211,2.67573432274146,0.0604225186158683,0.370642037414964,1.53223493107936,0.0009958985411082,0.0009942820821657
1e-05,182,-1.17759296380775,2.73522890153808,0.04288243229793,0.0466683024985755,1.55763593773033,0.0009763181048264,0.0009488412751356
1e-05,183,-0.672677015886234,2.14819572185584,-0.435228639517163,-0.128448132956347,1.47551870596961,63.9607367889475,0.0009940722133378
1e-05,184,-0.935328702410401,2.59686887718957,-0.349045212588354,-0.494478521598009,1.66154017477917,0.0009933317245698,0.0009940936791554
1e-05,185,-1.05388043874081,2.47466194662376,-0.164442599957999,-0.0664763523992123,1.42078150788295,0.0009951790838228,0.0009780876828447
1e-05,186,-1.30576529100946,2.67876239724371,-0.0332941150784024,0.127130630581387,1.37299710623425,0.0009947448522607,0.0009767280462759
1e-05,187,-0.77230919585099,2.37529452473132,0.455530642942875,-0.0924980187669825,1.60298532888033,0.0010001407558489,0.0009763542213882
1e-05,190,-1.27676750449721,2.69826670781687,0.25553353433934,0.104736509846741,1.42149920331965,0.0009949412334937,0.0009772591053039
1e-05,192,-1.60761504691229,2.58855056967667,0.376652606102746,-0.401845243291638,0.980935522764371,0.0009957341506606,0.0009944024689077
1e-05,193,-1.35768141965183,2.82039461633521,0.297777962804918,-0.187539157450823,1.46271319668338,65.7784125277932,0.0010049605502219
1e-05,194,-1.43395625268092,2.55890915869768,0.281950737425929,-0.327536133148117,1.12495290601676,0.0009951636098369,0.0009947055310787
1e-05,195,-1.15264532133604,2.47272883317064,0.173435901499185,0.477868884794167,1.32008351183461,0.0009883618353333,0.000994052646718
1e-05,196,-1.02546115190373,2.664930670388,0.312562710390873,-0.468180708975089,1.63946951848427,0.0009953235562309,0.0009940773576718
1e-05,200,-2.34251475050232,2.76267236834715,0.173999426956082,0.0793473728512207,0.420157617844829,0.0009916652796028,0.0009786585264077
1e-05,202,-1.40606271562574,2.67771402641321,-0.157279870222021,-0.0375202875647858,1.27165131078747,0.0009783384581316,0.0009481749828451
1e-05,204,-0.974491913307062,2.44725999445084,-0.432373672362327,-0.0132965240737363,1.47276808114377,134.1572788935,0.0009763548755847
1e-05,205,-1.53312473199488,2.70782310556571,0.194203889062652,0.239659685195577,1.17469837357083,0.0009943430428399,0.0009906576748348
1e-05,206,-1.81569556086176,2.77444264264414,-0.205676145767377,0.380137471445327,0.958747081782383,56.9780312080118,0.0009923675133356
1e-05,207,-1.09630285418147,2.52886057841314,-0.003985454744542,0.0541792464226283,1.43255772423167,0.000989049242885,0.0009485918011537
1e-05,208,-1.2538386591911,2.79281295483649,-0.362403848828886,0.25003753754066,1.5389742956454,0.0009972659019596,0.0009923347377667
1e-05,209,-1.52875758306452,2.64436124694223,-0.253316134612443,0.0865556143421731,1.11560366387771,0.0009891734163722,0.0009761812904991
1e-05,210,-2.25807402607791,2.76850110730779,-0.386844217246281,-0.109526526147011,0.510427081229881,0.0009924205748654,0.000991070466798
1e-05,211,-1.43987964088565,2.694055496788,0.449434521204899,0.0111119129844214,1.25417585590235,0.0009914442399536,0.0009775866497039
1e-05,212,-1.65085361007986,2.74133059209136,-0.173204022924959,0.248758515872964,1.0904769820115,0.0010676553885439,0.0009916927425309
1e-05,215,-1.35335280192078,2.44276217349181,-0.201963139202902,0.244882286799955,1.08940937157103,126.947852754177,0.0010550676471145
1e-05,216,-1.05854273637752,2.70586040127237,0.321809052887251,-0.163769864179401,1.64731766489485,0.0009962875954225,0.0009761644961921
1e-05,217,-1.05931510512494,2.7690019209125,0.474151935429478,-0.430627680060533,1.70968681578756,130.854653310388,0.0009945228977568
1e-05,218,-0.90953592880909,2.53344609653941,0.412512609539107,-0.366402440103984,1.62391016773032,0.0009956583964611,0.0009890239346925
1e-05,219,-0.919825177399526,2.62618827802309,-0.148339086880026,0.222449556129821,1.70636310062357,182.558867030491,0.000989413330147
1e-05,220,-1.11984853432164,2.57920332046455,-0.33192685269562,0.167723003177913,1.45935478614291,0.0009941709795525,0.0009763329192815
1e-05,221,-1.20397324404574,2.81854590555081,-0.22637803261781,-0.273489457530502,1.61457266150506,0.000996164752433,0.0009942207345802
1e-05,223,-0.989876353462674,2.49310626440791,-0.0827580013372335,-0.157464930851701,1.50322991094523,0.0010033859421804,0.0009890362258547
1e-05,224,-1.54856225444735,2.4980479451593,0.345616766889575,0.429490612089751,0.949485690711956,0.0009957594834017,0.0009921677633345
1e-05,225,-2.66911876902963,2.76636862923864,0.365170985805021,0.0661557818056465,0.0972498602090046,0.000992581466006,0.0009781700256824
1e-05,226,-1.59543517854277,2.75214363802798,-0.405637332184077,-0.466042737982534,1.1567084594852,68.4671238745193,0.00099064302299
1e-05,227,-1.43386214052152,2.49265635302357,-0.499600307410675,-0.0533316925226187,1.05879421250206,0.0009937539058597,0.0009912921789026
1e-05,228,-2.53330456203335,2.76891365935576,0.248979633293827,-0.254536741980559,0.235609097322408,0.000986555708979,0.0009915877646588
1e-05,229,-1.14727615299766,2.61075071850943,-0.0141502690834626,-0.382199208238521,1.46347456551177,0.0009951097815013,0.0009940738835666
1e-05,230,-1.20830526913568,2.6543282307962,-0.407363537276584,0.367763914115314,1.44602296166051,0.0009959189138254,0.0009941498446351
1e-05,231,-1.31349721464301,2.73311332613498,0.492494676896073,-0.146747005820093,1.41961611149197,0.0009934108639964,0.0009790391981581
1e-05,232,-1.00066414020852,2.71432232769022,0.371478941985113,0.182829170439742,1.7136581874817,185.776406612442,0.000989401054118
1e-05,233,-1.6941499355097,2.70719117092271,-0.0464746579516995,-0.0919697713305563,1.01304123541301,0.000990855874969,0.0009495070979521
1e-05,234,-1.40388468773706,2.5857418483531,-0.0248118620191177,-0.37462929441208,1.18185716061604,0.0009957034931874,0.0009943953381649
1e-05,236,-1.80240411681919,2.64374515103576,0.189007510845079,0.137361391175909,0.84134103421657,0.0009898334813088,0.000976324616626
1e-05,237,-2.11514623146023,2.69260766916879,0.289616069716998,-0.223655992604453,0.577461437708566,0.0009943760140317,0.0009900992334105
1e-05,238,-1.60138183718445,2.6337122345327,0.483898036360018,0.0922488153893509,1.03233039734825,0.0009942284815546,0.000976151641069
1e-05,241,-1.31850359758453,2.53776617772,0.391259829922494,0.170910607981305,1.21926258013547,0.0009929123897622,0.0009914392103528
1e-05,242,-1.09749763244867,2.65555662746565,-0.0142802064662416,0.274600746388784,1.55805899501697,0.0009957418666829,0.0009891315054939
1e-05,243,-1.58622602652176,2.56519906079596,0.199201929245944,-0.198027862258154,0.978973034274202,0.0009940735636084,0.000990193801804
1e-05,244,-1.04800871800654,2.67925101750743,0.0330328849390766,0.10351179081413,1.63124229950089,0.0009946866911081,0.0009761837934244
1e-05,247,-1.68913497201816,2.63212166295071,0.414961282010757,0.39197223683712,0.942986690932559,0.0009944024858694,0.0009890485242549
1e-05,248,-1.54063185697826,2.65873147731871,-0.281782764467068,0.236621289380061,1.11809962034045,0.0009958619044293,0.0009891615700704
1e-05,250,-1.12952796525886,2.79048204491655,-0.348254106207153,0.435810348772485,1.66095407965769,0.0009918746633285,0.000994699492509
1.3e-05,1,-1.31174599887491,2.4805210746738,-0.239788632064246,0.188396704926908,1.16877507579889,94.8116839598102,0.0012050184048647
1.3e-05,2,-1.30599369034217,2.7224430807328,0.409304146406049,-0.41627586689109,1.41644939039064,0.0012057368925473,0.0012046292471421
1.3e-05,3,-2.52790066194371,2.76488450166602,-0.208483071848808,-0.0281570251623863,0.236983839722309,0.0012021456444118,0.0011730754882085
1.3e-05,4,-1.43665640403064,2.64498810868677,-0.462252683032567,-0.348389362069524,1.20833170465612,0.0012051901759373,0.0012001872062553
1.3e-05,5,-1.06249904566088,2.42851400344641,0.15579627989972,-0.116277825280546,1.36601495778553,0.0012037800202492,0.0011964801069257
1.3e-05,6,-1.32103058190807,2.76553411249921,-0.237119298010674,0.265432216744772,1.44450353059114,0.0012076636609723,0.0012034681662598
1.3e-05,7,-1.70943378931667,2.6199678085075,-0.427031667074312,-0.308706825797893,0.91053401919083,0.0012037672044815,0.00120034107832
1.3e-05,10,-0.882843134184752,2.48032504041287,-0.189852778909198,-0.266151630914522,1.59748190622812,0.0012074827388812,0.0012003214742786
1.3e-05,11,-1.43990343174956,2.57201484351658,-0.190518420805133,-0.432326463342017,1.13211141176702,0.0012056068879513,0.001204348702356
1.3e-05,12,-2.05275232790298,2.73706170863463,-0.27650568574416,-0.266852696381913,0.684309380731651,0.0012038865041922,0.0012009177453912
1.3e-05,13,-2.02670711920039,2.75764007300655,0.475604968589112,-0.24825553571747,0.730932953806155,0.0012046082957028,0.001202280450975
1.3e-05,15,-2.56852780698915,2.77780953772779,0.10102587748869,-0.284133602340511,0.209281730738638,151.914000164978,0.0012080109234828
1.3e-05,16,-2.39503766786455,2.72637299927317,0.0239931674646672,0.047967796793928,0.331335331408624,0.0011938971080022,0.0011884904002784
1.3e-05,17,-0.776203558130274,2.35349840953592,0.120278817100843,-0.443052051301552,1.57729485140565,0.00120526206455,0.0012038121186201
1.3e-05,18,-1.58745869495817,2.52930096758236,-0.409681439700927,0.153943672179926,0.941842272624187,0.0012037758510401,0.0012027095869267
1.3e-05,22,-1.82621206113259,2.61569717287285,-0.209256134109326,0.342588379433667,0.789485111740262,0.001206726804285,0.0012045299914018
1.3e-05,23,-0.813847780611057,2.38539584497163,0.114770953156262,0.305503111259863,1.57154806436057,87.8132831545593,0.0012002928354815
1.3e-05,24,-0.823639893826853,2.44441490117458,0.153602952535226,-0.176060879839284,1.62077500734772,0.0012039231604661,0.001191392733036
1.3e-05,25,-0.860279303560866,2.48221172427813,0.0388193672496691,0.483162289911408,1.62193242071726,0.0012050031577698,0.0012037793683351
1.3e-05,26,-1.38243212598604,2.61738634328205,-0.428793282458767,-0.382093688179716,1.23495421729602,0.0012051242582702,0.0012038182641875
1.3e-05,28,-1.11618371113177,2.57679868230356,0.126463855254056,-0.0813948143280849,1.46061497117179,0.0012001977588422,0.0011722075143933
1.3e-05,29,-1.18298513729317,2.67937947794852,-0.0921399744090866,-0.207403556376057,1.49639434065536,0.0012052010357299,0.0012004183441473
1.3e-05,30,-1.58028934131385,2.69100547268859,0.205034522263333,0.0517900635794957,1.11071613137474,0.0011942121346025,0.0011730452580776
1.3e-05,31,-1.64504610329383,2.63002032266095,-0.215459389727944,-0.150735094152361,0.98497421936712,0.0012001839666517,0.0011914199871139
1.3e-05,32,-1.29969114198075,2.62515608725726,-0.433831278274819,0.180265628728575,1.32546494527651,0.0012037797917952,0.0012001886225218
1.3e-05,33,-1.45729912418243,2.65500260291152,0.151319897226239,0.255714133601085,1.19770347872909,0.0012053572759229,0.0012002389805134
1.3e-05,34,-1.29140971976854,2.80239086513111,-0.393611594585923,-0.237176973787611,1.51098114536258,0.0012053169287635,0.001203292525793
1.3e-05,35,-1.52123653757335,2.56829289274437,0.372948730409002,-0.131866410018862,1.04705635517103,0.0012040321508626,0.0012009924548402
1.3e-05,36,-1.84460955177425,2.75418685367173,-0.160506084940057,-0.240608392579144,0.909577301897487,0.0012041576299791,0.0012027446830227
1.3e-05,38,-0.906835067332574,2.58116156744788,-0.334122075337465,-0.138511570034752,1.67432650011531,0.0012048595105007,0.0012002084387566
1.3e-05,39,-1.49373906384364,2.72025721947252,-0.0518713005348405,0.355624566175877,1.22651815562889,0.0012077967143474,0.0012021337670812
1.3e-05,40,-2.47181607572867,2.74086113913133,0.378697583826076,0.392426177536039,0.269045063402663,0.0012047918373559,0.0012055330707136
1.3e-05,41,-1.27329373936215,2.46870237545825,-0.457994232581188,0.196375849870566,1.1954086360961,148.97219156854,0.0012080936000738
1.3e-05,42,-1.16056503543681,2.50253323576692,0.275315753880376,-0.109437897572968,1.34196820033011,0.0012056694008855,0.0011949781288698
1.3e-05,43,-1.27983382474272,2.71268605232612,-0.232333240230557,-0.232248334460458,1.4328522275834,0.0012058351793199,0.0012011355996586
1.3e-05,44,-2.5798067575612,2.75395324789479,-0.170457866476118,-0.252124427676049,0.174146490333589,0.001205298382305,0.001204120261651
1.3e-05,45,-0.94169076952095,2.52236361370327,0.489333286828275,0.352736745731932,1.58067284418232,0.001204703085706,0.0012037787315245
1.3e-05,46,-2.17463615604013,2.69866970373507,0.15577730178418,-0.34145846440839,0.524033547694942,0.0012038788739531,0.0012019055248486
1.3e-05,47,-1.73530510464831,2.64661696817117,-0.469602585188474,-0.162098574224937,0.911311863522862,0.0012037952316415,0.0012001623964117
1.3e-05,49,-1.69674525253665,2.6162596650048,0.109693569374039,-0.461868385908527,0.919514412468156,0.0012051437037588,0.0012039431333747
1.3e-05,50,-0.826073345396043,2.44293079487156,0.0102159340784042,0.0550852504728198,1.61685744947552,0.0012001574185489,0.0011720689761985
1.3e-05,51,-1.99731204156039,2.71640577854066,-0.0574109766755413,-0.302419055649523,0.719093736980274,0.0012038184923908,0.0012004016784265
1.3e-05,52,-1.40223230538363,2.70184850425875,0.251148367822583,-0.150672964024089,1.29961619887512,0.0012055802241289,0.0011926365535316
1.3e-05,53,-1.44670585788884,2.47705707370837,-0.427237623760373,0.208151687740601,1.03035121581952,0.0012075981366107,0.0012047900435291
1.3e-05,54,-1.15512526002475,2.81203537140393,0.204085668642335,0.16994918100308,1.65691011137918,0.0012045391222654,0.0012006523968345
1.3e-05,56,-1.68422606723093,2.54094503983765,-0.391028370696084,0.198598286727039,0.856718972606728,0.001205292677659,0.0012033275737411
1.3e-05,58,-1.67313633441981,2.68037998581984,-0.466606795134143,-0.298815857833348,1.00724365140003,0.0012041089785256,0.0012004754131634
1.3e-05,59,-1.2369810213246,2.49846487692176,0.080418165780147,-0.479232113289609,1.26148385559716,0.0012341481651704,0.0012058325836762
1.3e-05,60,-1.22723716340486,2.48257990332198,-0.280199288038076,-0.0767408572341708,1.25534273991712,47.2343934643281,0.0011986193138049
1.3e-05,62,-1.10159364015925,2.60206480502066,0.134050508306719,-0.284546723044357,1.50047116486141,0.0012051649135297,0.0012001581451603
1.3e-05,65,-1.73029114148935,2.76031804098348,-0.32734259890241,0.355347668683623,1.03002689949413,44.8568211567212,0.0012068199391348
1.3e-05,66,-2.02677481618678,2.73425270227393,0.309103216823046,-0.231445893790321,0.707477886087157,0.0012040306160731,0.0012008949856643
1.3e-05,67,-2.13583290874701,2.69721964247726,0.218237994981284,0.039418192753467,0.561386733730251,0.0012008964810435,0.0011926417089206
1.3e-05,69,-1.0874207253619,2.46413864868405,-0.070117241875152,0.397614008342385,1.37671792332215,0.0012051490437265,0.0012059068130882
1.3e-05,70,-1.0415113604623,2.50394753652904,-0.371062694580183,-0.464289050971857,1.46243617606674,0.0012060317734935,0.001203900327947
1.3e-05,71,-1.07949676618896,2.54294307587013,0.0491556907902392,-0.421193301954593,1.46344630968117,0.0012051407486135,0.0012039131563314
1.3e-05,73,-2.14913323155258,2.7374488002679,0.479450763112824,0.132710309966193,0.588315568715316,0.0012044252210053,0.0012005205831969
1.3e-05,74,-1.40175044700545,2.54037788331075,-0.0734471457583603,0.230532021005362,1.1386274363053,0.0012069583796933,0.0012020894088602
1.3e-05,75,-1.8722907740632,2.63390649982314,0.222762032839697,0.130687188312316,0.761615725759939,0.0012027424881056,0.0011923307924663
1.3e-05,76,-1.38684923796645,2.82046220908899,-0.462002162695258,-0.0744657022788004,1.43361297112254,164.210578452549,0.0012767823222582
1.3e-05,77,-1.24868719361893,2.48405398268713,-0.16452338943913,0.0683051045948369,1.2353667890682,71.4240307259909,0.0011826095900679
1.3e-05,78,-1.27399242745674,2.70797603967406,0.0502955231831296,0.0255407311257162,1.43398361221732,0.0011933049560159,0.0011553317125702
1.3e-05,79,-1.2975479917871,2.5563027533187,0.125667180631593,-0.410142081999953,1.2587547615316,0.0012052926659166,0.0012047275005007
1.3e-05,80,-1.77253335815101,2.76704272851539,-0.282742599506135,-0.0103099578391185,0.994509370364386,37.17447592323,0.0011818478484034
1.3e-05,82,-0.783325290804284,2.35227998918874,0.292902278329636,0.431607495147661,1.56895469838446,0.0012009811924344,0.0012037850892642
1.3e-05,84,-1.28622776003795,2.57243681254546,0.279104187338647,0.102049543549351,1.2862090525075,0.0012051827229138,0.0011925347420425
1.3e-05,85,-1.68147888934516,2.63793720843697,0.224789301195435,0.161476768856287,0.956458319091809,0.0012003381349493,0.0011913992730811
1.3e-05,87,-1.14613596785089,2.59768868016106,-0.111572778772143,0.0070476590476781,1.45155271231016,0.0011914147994814,0.0011545711826089
1.3e-05,88,-1.59075254515918,2.59230335383506,-0.238933200104671,0.256483849099917,1.00155080867588,0.0012051443958149,0.0012005823502614
1.3e-05,89,-0.705923374805154,2.20789485197575,0.238191897324499,0.373999425537894,1.50197147717059,0.0012047523312603,0.0012037650426881
1.3e-05,90,-2.09259545938514,2.79990367110683,0.0379230312678858,0.139601748513116,0.707308211721682,39.4676053802247,0.0012985791321591
1.3e-05,91,-1.46025827886375,2.68287104992512,0.228822180092745,0.0070029904961719,1.22261277106138,0.0011935577880343,0.0011727573384415
1.3e-05,92,-1.25789038370721,2.72501397077461,-0.387302139561675,-0.148684454746824,1.46712358706739,0.0012049152956511,0.0012013411085448
1.3e-05,93,-1.59213631759879,2.67303144863922,0.0697078505699332,0.0414293943049967,1.08089513104043,0.0011733224879185,0.0011548095313696
1.3e-05,94,-1.90427196076202,2.64898678430836,0.484018150196361,0.13153690974266,0.74471482354634,0.0012055956622477,0.0012006146010466
1.3e-05,95,-1.32647504997025,2.52785970381567,-0.0824771938924697,-0.0283569028982764,1.20138465384542,0.0012010692547018,0.0011578485739507
1.3e-05,97,-1.6938420676447,2.53825503806358,0.0527474475967035,-0.331398308762448,0.844412970418883,0.0012036761249699,0.0012036803853452
1.3e-05,98,-1.27825177051902,2.5906337815159,-0.481651338326367,0.118022278681512,1.31238201099688,0.0012042312343265,0.0011919267590349
1.3e-05,99,-1.31918282875032,2.60887819791727,-0.13354335366002,0.192030695153113,1.28969536916695,0.0012040015058398,0.0012003459563179
1.3e-05,100,-2.01461111894373,2.79008558773093,-0.0723070908837954,0.0471151083286355,0.775474468787192,0.0012551340650985,0.0011898169227393
1.3e-05,101,-1.45434530298406,2.74060592223286,0.498844827184631,0.323209942180636,1.2862606192488,0.0013626485146864,0.001203279391569
1.3e-05,102,-1.55130878139194,2.54739103803006,-0.0986745560587761,-0.388953612708102,0.996082256638122,0.0012052283401167,0.0012049322273249
1.3e-05,103,-1.45233620224,2.71690555389695,-0.38772724167109,-0.44703359439029,1.26456935165695,0.0012045173451142,0.0012049635222323
1.3e-05,105,-1.20765440636221,2.51980531313015,0.337562734676324,-0.132000338551904,1.31215090676794,0.001206223311713,0.0011947556999507
1.3e-05,106,-1.92351507352395,2.68134334052078,0.0555186667025958,0.490198490462357,0.757828266996827,0.001205709647846,0.0012037637790139
1.3e-05,108,-1.84567240235975,2.79337734248983,-0.15314298907111,-0.193542268649549,0.947704940130078,161.000690899091,0.0012734948227948
1.3e-05,109,-1.98899134043098,2.78064566211981,-0.435334456149429,-0.235889609820924,0.791654321688826,0.001201510156821,0.0012031525011718
1.3e-05,110,-2.72078503854386,2.76391999531849,0.0325148697565201,0.421797756503509,0.0431349567746269,0.0012063329699453,0.001204012734703
1.3e-05,113,-1.41190579558935,2.74548463895197,0.475543193723953,-0.371845015436867,1.33357884336263,0.0012412824388893,0.0012055419160047
1.3e-05,114,-1.40107163084008,2.65806800804351,0.116712330767135,0.381890964948087,1.25699637720343,0.0012053795524701,0.001203850566478
1.3e-05,115,-1.81438391367044,2.78566090103223,-0.124116045204326,0.389226891584987,0.971276987361788,148.479645980337,0.0012263771554754
1.3e-05,116,-1.3925518996251,2.61171939494871,0.415251884030758,-0.455667749197719,1.21916749532361,0.0012050030855993,0.0012038649269921
1.3e-05,117,-0.909052830627916,2.55582378292562,0.299947048584882,0.394465379315091,1.64677095229771,0.0012052442345313,0.0012037826371298
1.3e-05,118,-0.87082573899567,2.5493484471837,-0.295735241666995,-0.386256980586276,1.67852270818803,10.1788640931167,0.0012038880750563
1.3e-05,119,-1.6494708750338,2.70732188146528,-0.335960052923587,-0.151611939897943,1.05785100643149,0.0012022814077731,0.0011928881145854
1.3e-05,120,-1.1819963651877,2.44821906924767,-0.288479482255773,0.213281722382236,1.26622270405997,102.785564259449,0.0012199231536966
1.3e-05,122,-1.43487104006422,2.73442717313526,-0.30724567811296,0.271818212102641,1.29955613307103,0.0012190372145504,0.0012027050910375
1.3e-05,123,-1.33237870721721,2.58397409839989,0.477723511872644,-0.168023047838767,1.25159539118268,0.0012045562354346,0.0012007695971827
1.3e-05,124,-1.08828095928013,2.48040485081598,-0.486322348895356,-0.307519232229578,1.39212389153584,0.0012049852146586,0.001204795325379
1.3e-05,125,-1.79261860796816,2.57678945591146,-0.249195867499104,0.0948252892737712,0.784170847943306,11.5127070846132,0.0011955915968566
1.3e-05,127,-1.09823044341681,2.8070626227741,-0.269182214812218,-0.250230987140685,1.70883217935729,66.1546100190955,0.0012038545058516
1.3e-05,130,-1.63028813167327,2.51511409935569,-0.224077446931897,0.396437435718737,0.884825967682422,0.0012061844317264,0.0012061890053242
1.3e-05,131,-1.29391229592107,2.64461641778713,0.270489358501296,0.130052202149628,1.35070412186606,0.0012038193985682,0.0011913986275861
1.3e-05,132,-1.10377107512803,2.55334960437214,0.0455743467454452,-0.333266752194657,1.4495785292441,0.0012051864082592,0.0012039594812647
1.3e-05,133,-1.51681376761153,2.68036827819482,0.188866484425556,-0.391850401986737,1.16355451058329,0.0012058122535283,0.0012041558825032
1.3e-05,134,-1.29839874618078,2.55980763762983,0.162496873184278,-0.347171822274108,1.26140889144905,0.0012060131265044,0.0012046723144286
1.3e-05,135,-2.54834122308937,2.74409841066305,0.0373577492268772,0.182721177735303,0.195757187573682,0.0012030365595988,0.0012041550805756
1.3e-05,136,-1.35376639981996,2.73971720645257,0.264400111389306,-0.174002081464397,1.38595080663261,0.0012055431280617,0.001202254390634
1.3e-05,139,-1.27972272895476,2.59314084739493,0.255874151178387,-0.348866000151106,1.31341811844017,0.0012053523724984,0.0012040553648297
1.3e-05,140,-1.97746386981358,2.71225724785773,-0.49144522988183,0.395147158971728,0.734793378044145,0.0012054718203135,0.001203951206208
1.3e-05,141,-1.16010381548297,2.71217374712136,-0.119424058621893,-0.0062112297435919,1.55206993163839,0.0011721022159958,0.0011552671238952
1.3e-05,142,-2.00501531665812,2.76680205197586,0.394054612702145,0.428145220895642,0.761786735317742,0.0012084080770672,0.0012039072524487
1.3e-05,143,-0.893398269020823,2.53724144028212,0.473379195775117,-0.455141663814614,1.6438431712613,0.0012058385507637,0.0012037867889446
1.3e-05,144,-1.82145022615016,2.58552797396271,-0.426615983347991,-0.267676210468072,0.764077747812554,55.2121540350004,0.0012032713050662
1.3e-05,145,-1.49958887533145,2.7298126728597,-0.153997587027724,-0.0811293377539528,1.23022379752825,0.001219602885124,0.0011758114499069
1.3e-05,146,-2.00568605182,2.71214779863612,-0.0478609448775525,0.0518799421186391,0.706461746816122,0.0011918324973188,0.0011722301507749
1.3e-05,147,-1.89347196667711,2.67235643801744,0.482447357047075,-0.285691737838168,0.778884471340337,0.001205303039949,0.0012037841426481
1.3e-05,148,-1.21632760433453,2.44690661345997,-0.0120423602092512,0.374579516387342,1.23057900912543,194.502173391235,0.0012591710070129
1.3e-05,149,-1.75520115776082,2.56454729857835,0.389285462074263,0.224362706563218,0.809346140817533,0.0012285826883785,0.0012028732687313
1.3e-05,151,-1.15018342928263,2.48639951664703,0.385228984211173,-0.327244606009277,1.33621608736439,0.0012062144257015,0.0012032017501411
1.3e-05,152,-1.07553921245508,2.679826782138,-0.226796493949768,-0.307209564180894,1.60428756968291,0.0012054871353063,0.0012038269214746
1.3e-05,153,-1.57956209529439,2.70810117838349,-0.0948178961990389,-0.208414626487805,1.1285390830891,0.0012055579385061,0.0012014599501667
1.3e-05,154,-1.3109170416516,2.6837266483403,0.0800435552980984,-0.482365170947654,1.37280960668871,0.0012051063176544,0.0012040887034388
1.3e-05,158,-2.00962248519486,2.67930264881926,-0.0333656300498129,-0.327139475011273,0.669680163624407,0.0012040745893509,0.0012004471166327
1.3e-05,159,-0.986902035145163,2.56527747319814,-0.0626387084373853,0.482468845786694,1.57837543805298,0.0012052409366539,0.0012037848969848
1.3e-05,161,-0.993691776141858,2.68550225499585,-0.0146271048308058,-0.408035432682486,1.69181047885399,26.334930148938,0.0012039429322077
1.3e-05,162,-1.08169535152156,2.70614588194544,-0.448760458853575,-0.196301530871053,1.62445053042388,0.0012059381831452,0.0012002682182794
1.3e-05,163,-1.87352265666087,2.73925853737595,-0.0351296294007729,0.320767221139798,0.865735880715077,0.0012059806847666,0.0012019986241669
1.3e-05,164,-1.70144755529807,2.6862784667626,0.316621524292736,-0.289925804913219,0.984830911464532,0.0012055314054937,0.0012005532022003
1.3e-05,166,-2.31708196464737,2.71806351468044,-0.264157001056725,-0.0223064993057084,0.400981550033066,0.0012004035799807,0.0011973447423992
1.3e-05,167,-2.02308546956384,2.71772762471561,0.403929052846088,-0.189991035430079,0.694642155151766,0.0012039846151491,0.0012003573318526
1.3e-05,168,-1.12039217801741,2.53020699305493,-0.0038465607158062,0.234867466969133,1.40981481503752,0.0012051910774688,0.0012010976943994
1.3e-05,169,-1.70572680319773,2.71442683065085,-0.426107854786466,0.246245851926862,1.00870002745312,0.0012057361606053,0.0012014202123989
1.3e-05,170,-1.9462802108028,2.66366638191904,0.293960345907922,0.352803983276472,0.717386171116247,0.0012054479043645,0.0012004723371274
1.3e-05,171,-1.57985852087596,2.6596672583757,-0.273103660043777,0.0115877622667807,1.07980873749973,0.0011919536700051,0.0011722191702697
1.3e-05,172,-1.63462369995135,2.70361305765884,0.2422223837868,0.341420691941333,1.0689893577075,0.0012071809095241,0.0012013064035842
1.3e-05,173,-1.37202277481549,2.69832474460203,0.040209077901909,-0.481832179072833,1.32630196978654,0.0012050920464195,0.0012043921398175
1.3e-05,174,-1.42209686674632,2.7487194574731,0.480391204593076,-0.425529201131464,1.32662259072678,0.0013021177061857,0.0012055863246116
1.3e-05,176,-0.941126093595506,2.56046224189313,0.158842899965502,-0.305641530550571,1.61933614829762,0.0012050922479407,0.0012001653767455
1.3e-05,178,-1.25330980243372,2.49760488209972,-0.3350932561533,0.362344060316856,1.24429507966601,11.556765145903,0.0012064793185744
1.3e-05,179,-1.12195230147442,2.59234237047212,0.219683153082689,-0.293168418934855,1.47039006899769,0.001205124729527,0.0012001991719464
1.3e-05,180,-1.772960406944,2.77146171157728,-0.285654439936326,0.23067854448492,0.998501304633272,75.8061302293307,0.0012053960919346
1.3e-05,181,-1.14349939166211,2.67573432274146,0.0604225186158683,0.370642037414964,1.53223493107936,0.0012052161356109,0.0012039521838919
1.3e-05,182,-1.17759296380775,2.73522890153808,0.04288243229793,0.0466683024985755,1.55763593773033,0.0011915063150219,0.0011730102564082
1.3e-05,183,-0.672677015886234,2.14819572185584,-0.435228639517163,-0.128448132956347,1.47551870596961,64.7671449879813,0.0012037737505768
1.3e-05,184,-0.935328702410401,2.59686887718957,-0.349045212588354,-0.494478521598009,1.66154017477917,0.0012055728348683,0.001203788894815
1.3e-05,185,-1.05388043874081,2.47466194662376,-0.164442599957999,-0.0664763523992123,1.42078150788295,0.0012046245031078,0.0011927931754595
1.3e-05,186,-1.30576529100946,2.67876239724371,-0.0332941150784024,0.127130630581387,1.37299710623425,0.0012044622440923,0.0011917935788216
1.3e-05,187,-0.77230919585099,2.37529452473132,0.455530642942875,-0.0924980187669825,1.60298532888033,0.0012117827897192,0.0011915084970276
1.3e-05,190,-1.27676750449721,2.69826670781687,0.25553353433934,0.104736509846741,1.42149920331965,0.0012047673718287,0.0011921751362986
1.3e-05,192,-1.60761504691229,2.58855056967667,0.376652606102746,-0.401845243291638,0.980935522764371,0.0012051132017038,0.0012041526634831
1.3e-05,193,-1.35768141965183,2.82039461633521,0.297777962804918,-0.187539157450823,1.46271319668338,65.6637989771333,0.0012148549396766
1.3e-05,194,-1.43395625268092,2.55890915869768,0.281950737425929,-0.327536133148117,1.12495290601676,0.0012057865477617,0.0012046303916106
1.3e-05,195,-1.15264532133604,2.47272883317064,0.173435901499185,0.477868884794167,1.32008351183461,0.0012056339837978,0.0012069410379381
1.3e-05,196,-1.02546115190373,2.664930670388,0.312562710390873,-0.468180708975089,1.63946951848427,0.001205920412261,0.0012037753528961
1.3e-05,200,-2.34251475050232,2.76267236834715,0.173999426956082,0.0793473728512207,0.420157617844829,0.0012024396967829,0.0011931950963798
1.3e-05,202,-1.40606271562574,2.67771402641321,-0.157279870222021,-0.0375202875647858,1.27165131078747,0.0011929442651181,0.001172555120321
1.3e-05,204,-0.974491913307062,2.44725999445084,-0.432373672362327,-0.0132965240737363,1.47276808114377,133.835115962874,0.001191543600754
1.3e-05,205,-1.53312473199488,2.70782310556571,0.194203889062652,0.239659685195577,1.17469837357083,0.0012069272714126,0.0012015616077881
1.3e-05,206,-1.81569556086176,2.77444264264414,-0.205676145767377,0.380137471445327,0.958747081782383,57.3037020080337,0.0012078091570051
1.3e-05,207,-1.09630285418147,2.52886057841314,-0.003985454744542,0.0541792464226283,1.43255772423167,0.0012001831785245,0.0011728395402587
1.3e-05,208,-1.2538386591911,2.79281295483649,-0.362403848828886,0.25003753754066,1.5389742956454,0.0012068026284552,0.0012031426494223
1.3e-05,209,-1.52875758306452,2.64436124694223,-0.253316134612443,0.0865556143421731,1.11560366387771,0.0012002922278694,0.0011914133255362
1.3e-05,210,-2.25807402607791,2.76850110730779,-0.386844217246281,-0.109526526147011,0.510427081229881,0.0012049186724271,0.0012027882177108
1.3e-05,211,-1.43987964088565,2.694055496788,0.449434521204899,0.0111119129844214,1.25417585590235,0.0012025398380773,0.001192401500586
1.3e-05,212,-1.65085361007986,2.74133059209136,-0.173204022924959,0.248758515872964,1.0904769820115,0.0012737890450442,0.0012032748864911
1.3e-05,215,-1.35335280192078,2.44276217349181,-0.201963139202902,0.244882286799955,1.08940937157103,127.531924694002,0.0012638326113366
1.3e-05,216,-1.05854273637752,2.70586040127237,0.321809052887251,-0.163769864179401,1.64731766489485,0.0012063908467706,0.0011914016862738
1.3e-05,217,-1.05931510512494,2.7690019209125,0.474151935429478,-0.430627680060533,1.70968681578756,130.614651193819,0.0012040456445357
1.3e-05,218,-0.90953592880909,2.53344609653941,0.412512609539107,-0.366402440103984,1.62391016773032,0.0012050830305853,0.0012001618938003
1.3e-05,219,-0.919825177399526,2.62618827802309,-0.148339086880026,0.222449556129821,1.70636310062357,182.683067632591,0.0012005025741977
1.3e-05,220,-1.11984853432164,2.57920332046455,-0.33192685269562,0.167723003177913,1.45935478614291,0.0012038390643582,0.0011915198059322
1.3e-05,221,-1.20397324404574,2.81854590555081,-0.22637803261781,-0.273489457530502,1.61457266150506,0.0012053362400383,0.0012044553449562
1.3e-05,223,-0.989876353462674,2.49310626440791,-0.0827580013372335,-0.157464930851701,1.50322991094523,0.0012138246734366,0.0012001731656664
1.3e-05,224,-1.54856225444735,2.4980479451593,0.345616766889575,0.429490612089751,0.949485690711956,0.0012051181185133,0.0012058411597576
1.3e-05,225,-2.66911876902963,2.76636862923864,0.365170985805021,0.0661557818056465,0.0972498602090046,0.0012039274120959,0.0011927947562361
1.3e-05,226,-1.59543517854277,2.75214363802798,-0.405637332184077,-0.466042737982534,1.1567084594852,68.2119867983465,0.0012053735879288
1.3e-05,227,-1.43386214052152,2.49265635302357,-0.499600307410675,-0.0533316925226187,1.05879421250206,0.0012071047997444,0.0012039689871563
1.3e-05,228,-2.53330456203335,2.76891365935576,0.248979633293827,-0.254536741980559,0.235609097322408,0.0012034218860244,0.0012022781731378
1.3e-05,229,-1.14727615299766,2.61075071850943,-0.0141502690834626,-0.382199208238521,1.46347456551177,0.0012049733189266,0.0012037764908674
1.3e-05,230,-1.20830526913568,2.6543282307962,-0.407363537276584,0.367763914115314,1.44602296166051,0.0012052678021666,0.0012038359905971
1.3e-05,231,-1.31349721464301,2.73311332613498,0.492494676896073,-0.146747005820093,1.41961611149197,0.0012055359830591,0.0011935198875349
1.3e-05,232,-1.00066414020852,2.71432232769022,0.371478941985113,0.182829170439742,1.7136581874817,185.344139244413,0.0012004493907641
1.3e-05,233,-1.6941499355097,2.70719117092271,-0.0464746579516995,-0.0919697713305563,1.01304123541301,0.0012020656514323,0.0011734699703527
1.3e-05,234,-1.40388468773706,2.5857418483531,-0.0248118620191177,-0.37462929441208,1.18185716061604,0.0012054704202437,0.0012041504541055
1.3e-05,236,-1.80240411681919,2.64374515103576,0.189007510845079,0.137361391175909,0.84134103421657,0.0012007272115638,0.001191511843497
1.3e-05,237,-2.11514623146023,2.69260766916879,0.289616069716998,-0.223655992604453,0.577461437708566,0.0012042426314726,0.0012010841653003
1.3e-05,238,-1.60138183718445,2.6337122345327,0.483898036360018,0.0922488153893509,1.03233039734825,0.0012038751704997,0.0011913926377416
1.3e-05,241,-1.31850359758453,2.53776617772,0.391259829922494,0.170910607981305,1.21926258013547,0.0012070230340623,0.0012023694623989
1.3e-05,242,-1.09749763244867,2.65555662746565,-0.0142802064662416,0.274600746388784,1.55805899501697,0.0012051102065088,0.0012002402055136
1.3e-05,243,-1.58622602652176,2.56519906079596,0.199201929245944,-0.198027862258154,0.978973034274202,0.001203793557387,0.0012011716801283
1.3e-05,244,-1.04800871800654,2.67925101750743,0.0330328849390766,0.10351179081413,1.63124229950089,0.0012046608914858,0.0011914143188047
1.3e-05,247,-1.68913497201816,2.63212166295071,0.414961282010757,0.39197223683712,0.942986690932559,0.0012039955456707,0.0012001807477459
1.3e-05,248,-1.54063185697826,2.65873147731871,-0.281782764467068,0.236621289380061,1.11809962034045,0.0012053802656238,0.0012002722351247
1.3e-05,250,-1.12952796525886,2.79048204491655,-0.348254106207153,0.435810348772485,1.66095407965769,0.001204924864717,0.0012041670430885
1.2e-05,1,-1.31174599887491,2.4805210746738,-0.239788632064246,0.188396704926908,1.16877507579889,94.4160144299935,0.0001756179915657
1.2e-05,2,-1.30599369034217,2.7224430807328,0.409304146406049,-0.41627586689109,1.41644939039064,0.0001761347915009,0.0001759819162186
1.2e-05,3,-2.52790066194371,2.76488450166602,-0.208483071848808,-0.0281570251623863,0.236983839722309,0.0001754548592735,0.0001696247843403
1.2e-05,4,-1.43665640403064,2.64498810868677,-0.462252683032567,-0.348389362069524,1.20833170465612,0.0001761244593757,0.0001751013094292
1.2e-05,5,-1.06249904566088,2.42851400344641,0.15579627989972,-0.116277825280546,1.36601495778553,0.0001758362460335,0.0001742659039158
1.2e-05,6,-1.32103058190807,2.76553411249921,-0.237119298010674,0.265432216744772,1.44450353059114,0.0001760128752048,0.0001756780887332
1.2e-05,7,-1.70943378931667,2.6199678085075,-0.427031667074312,-0.308706825797893,0.91053401919083,0.0001758297535393,0.0001751315392121
1.2e-05,10,-0.882843134184752,2.48032504041287,-0.189852778909198,-0.266151630914522,1.59748190622812,0.0001763916549658,0.0001751288181611
1.2e-05,11,-1.43990343174956,2.57201484351658,-0.190518420805133,-0.432326463342017,1.13211141176702,0.0001761892884714,0.0001759406165538
1.2e-05,12,-2.05275232790298,2.73706170863463,-0.27650568574416,-0.266852696381913,0.684309380731651,0.0001758430966162,0.0001752400364168
1.2e-05,13,-2.02670711920039,2.75764007300655,0.475604968589112,-0.24825553571747,0.730932953806155,0.0001759645961279,0.0001754763445224
1.2e-05,15,-2.56852780698915,2.77780953772779,0.10102587748869,-0.284133602340511,0.209281730738638,152.550089623218,0.0001759302110721
1.2e-05,16,-2.39503766786455,2.72637299927317,0.0239931674646672,0.047967796793928,0.331335331408624,0.000173808388708,0.0001724725280663
1.2e-05,17,-0.776203558130274,2.35349840953592,0.120278817100843,-0.443052051301552,1.57729485140565,0.0001761289846523,0.0001758425657462
1.2e-05,18,-1.58745869495817,2.52930096758236,-0.409681439700927,0.153943672179926,0.941842272624187,0.0001758352462929,0.0001755537361531
1.2e-05,22,-1.82621206113259,2.61569717287285,-0.209256134109326,0.342588379433667,0.789485111740262,0.0001763705262742,0.0001759725734085
1.2e-05,23,-0.813847780611057,2.38539584497163,0.114770953156262,0.305503111259863,1.57154806436057,88.042512067355,0.000175120538585
1.2e-05,24,-0.823639893826853,2.44441490117458,0.153602952535226,-0.176060879839284,1.62077500734772,0.0001758657516848,0.0001733173468755
1.2e-05,25,-0.860279303560866,2.48221172427813,0.0388193672496691,0.483162289911408,1.62193242071726,0.0001760821031978,0.0001758360067362
1.2e-05,26,-1.38243212598604,2.61738634328205,-0.428793282458767,-0.382093688179716,1.23495421729602,0.0001761120579291,0.0001758433216045
1.2e-05,28,-1.11618371113177,2.57679868230356,0.126463855254056,-0.0813948143280849,1.46061497117179,0.0001751028991009,0.0001694473848672
1.2e-05,29,-1.18298513729317,2.67937947794852,-0.0921399744090866,-0.207403556376057,1.49639434065536,0.0001761252742181,0.0001751464603804
1.2e-05,30,-1.58028934131385,2.69100547268859,0.205034522263333,0.0517900635794957,1.11071613137474,0.0001738709228735,0.0001696176257578
1.2e-05,31,-1.64504610329383,2.63002032266095,-0.215459389727944,-0.150735094152361,0.98497421936712,0.0001751000260461,0.0001733228036306
1.2e-05,32,-1.29969114198075,2.62515608725726,-0.433831278274819,0.180265628728575,1.32546494527651,0.0001758360500092,0.0001751013621872
1.2e-05,33,-1.45729912418243,2.65500260291152,0.151319897226239,0.255714133601085,1.19770347872909,0.0001761557364597,0.0001751113839031
1.2e-05,34,-1.29140971976854,2.80239086513111,-0.393611594585923,-0.237176973787611,1.51098114536258,0.0001757928823128,0.0001755507796301
1.2e-05,35,-1.52123653757335,2.56829289274437,0.372948730409002,-0.131866410018862,1.04705635517103,0.0001758802229582,0.0001752554412066
1.2e-05,36,-1.84460955177425,2.75418685367173,-0.160506084940057,-0.240608392579144,0.909577301897487,0.0001755172642147,0.000175518013107
1.2e-05,38,-0.906835067332574,2.58116156744788,-0.334122075337465,-0.138511570034752,1.67432650011531,0.000175242605533,0.0001751046107645
1.2e-05,39,-1.49373906384364,2.72025721947252,-0.0518713005348405,0.355624566175877,1.22651815562889,0.000176005257871,0.0001754642455585
1.2e-05,40,-2.47181607572867,2.74086113913133,0.378697583826076,0.392426177536039,0.269045063402663,0.0001759666916247,0.0001760498328507
1.2e-05,41,-1.27329373936215,2.46870237545825,-0.457994232581188,0.196375849870566,1.1954086360961,148.685145321388,0.0001759869735816
1.2e-05,42,-1.16056503543681,2.50253323576692,0.275315753880376,-0.109437897572968,1.34196820033011,0.0001761482043942,0.0001740107954448
1.2e-05,43,-1.27983382474272,2.71268605232612,-0.232333240230557,-0.232248334460458,1.4328522275834,0.0001762118091767,0.0001752827980611
1.2e-05,44,-2.5798067575612,2.75395324789479,-0.170457866476118,-0.252124427676049,0.174146490333589,0.0001761462007428,0.0001758978375451
1.2e-05,45,-0.94169076952095,2.52236361370327,0.489333286828275,0.352736745731932,1.58067284418232,0.0001758523896912,0.0001758351230862
1.2e-05,46,-2.17463615604013,2.69866970373507,0.15577730178418,-0.34145846440839,0.524033547694942,0.0001758451364239,0.0001754200208365
1.2e-05,47,-1.73530510464831,2.64661696817117,-0.469602585188474,-0.162098574224937,0.911311863522862,0.0001758355065754,0.0001750963828016
1.2e-05,49,-1.69674525253665,2.6162596650048,0.109693569374039,-0.461868385908527,0.919514412468156,0.000176114745693,0.0001758677969092
1.2e-05,50,-0.826073345396043,2.44293079487156,0.0102159340784042,0.0550852504728198,1.61685744947552,0.0001750953399702,0.0001694190302173
1.2e-05,51,-1.99731204156039,2.71640577854066,-0.0574109766755413,-0.302419055649523,0.719093736980274,0.0001758354724596,0.0001751426124214
1.2e-05,52,-1.40223230538363,2.70184850425875,0.251148367822583,-0.150672964024089,1.29961619887512,0.0001761041587786,0.0001735644710785
1.2e-05,53,-1.44670585788884,2.47705707370837,-0.427237623760373,0.208151687740601,1.03035121581952,0.0001764292410805,0.0001756715627068
1.2e-05,54,-1.15512526002475,2.81203537140393,0.204085668642335,0.16994918100308,1.65691011137918,0.000175938886759,0.0001751943339889
1.2e-05,56,-1.68422606723093,2.54094503983765,-0.391028370696084,0.198598286727039,0.856718972606728,0.0001759065924974,0.0001756326234073
1.2e-05,58,-1.67313633441981,2.68037998581984,-0.466606795134143,-0.298815857833348,1.00724365140003,0.0001758834235116,0.0001751565100993
1.2e-05,59,-1.2369810213246,2.49846487692176,0.080418165780147,-0.479232113289609,1.26148385559716,0.0001974445050376,0.0001760056733853
1.2e-05,60,-1.22723716340486,2.48257990332198,-0.280199288038076,-0.0767408572341708,1.25534273991712,47.5039291465157,0.0001745385062936
1.2e-05,62,-1.10159364015925,2.60206480502066,0.134050508306719,-0.284546723044357,1.50047116486141,0.0001761193642888,0.0001750956051873
1.2e-05,65,-1.73029114148935,2.76031804098348,-0.32734259890241,0.355347668683623,1.03002689949413,44.7126286675525,0.0001761575048612
1.2e-05,66,-2.02677481618678,2.73425270227393,0.309103216823046,-0.231445893790321,0.707477886087157,0.0001758774763949,0.0001752368968366
1.2e-05,67,-2.13583290874701,2.69721964247726,0.218237994981284,0.039418192753467,0.561386733730251,0.0001752406236427,0.0001735668886548
1.2e-05,69,-1.0874207253619,2.46413864868405,-0.070117241875152,0.397614008342385,1.37671792332215,0.000176114041865,0.0001761883852676
1.2e-05,70,-1.0415113604623,2.50394753652904,-0.371062694580183,-0.464289050971857,1.46243617606674,0.0001762583439636,0.0001758558820914
1.2e-05,71,-1.07949676618896,2.54294307587013,0.0491556907902392,-0.421193301954593,1.46344630968117,0.0001761088445444,0.0001758609444656
1.2e-05,73,-2.14913323155258,2.7374488002679,0.479450763112824,0.132710309966193,0.588315568715316,0.0001759652145131,0.0001751662863
1.2e-05,74,-1.40175044700545,2.54037788331075,-0.0734471457583603,0.230532021005362,1.1386274363053,0.0001763121895445,0.0001754547100891
1.2e-05,75,-1.8722907740632,2.63390649982314,0.222762032839697,0.130687188312316,0.761615725759939,0.0001755897322297,0.0001735052657885
1.2e-05,76,-1.38684923796645,2.82046220908899,-0.462002162695258,-0.0744657022788004,1.43361297112254,164.371991491547,0.0001890847944951
1.2e-05,77,-1.24868719361893,2.48405398268713,-0.16452338943913,0.0683051045948369,1.2353667890682,71.3394588191366,0.0001714463221606
1.2e-05,78,-1.27399242745674,2.70797603967406,0.0502955231831296,0.0255407311257162,1.43398361221732,0.0001736947349052,0.0001663250093471
1.2e-05,79,-1.2975479917871,2.5563027533187,0.125667180631593,-0.410142081999953,1.2587547615316,0.0001760250861721,0.0001760024673684
1.2e-05,80,-1.77253335815101,2.76704272851539,-0.282742599506135,-0.0103099578391185,0.994509370364386,37.1666136567443,0.000171314366165
1.2e-05,82,-0.783325290804284,2.35227998918874,0.292902278329636,0.431607495147661,1.56895469838446,0.0001745509430911,0.000175835349127
1.2e-05,84,-1.28622776003795,2.57243681254546,0.279104187338647,0.102049543549351,1.2862090525075,0.0001760964642362,0.00017354606788
1.2e-05,85,-1.68147888934516,2.63793720843697,0.224789301195435,0.161476768856287,0.956458319091809,0.0001751320332676,0.0001733186611758
1.2e-05,87,-1.14613596785089,2.59768868016106,-0.111572778772143,0.0070476590476781,1.45155271231016,0.0001733220352085,0.0001661709344071
1.2e-05,88,-1.59075254515918,2.59230335383506,-0.238933200104671,0.256483849099917,1.00155080867588,0.0001761171203962,0.0001751783667765
1.2e-05,89,-0.705923374805154,2.20789485197575,0.238191897324499,0.373999425537894,1.50197147717059,0.0001760200531775,0.0001758328019591
1.2e-05,90,-2.09259545938514,2.79990367110683,0.0379230312678858,0.139601748513116,0.707308211721682,39.2637788012632,0.0001931542237044
1.2e-05,91,-1.46025827886375,2.68287104992512,0.228822180092745,0.0070029904961719,1.22261277106138,0.0001737435772928,0.0001695592146315
1.2e-05,92,-1.25789038370721,2.72501397077461,-0.387302139561675,-0.148684454746824,1.46712358706739,0.0001760343311126,0.0001753218806457
1.2e-05,93,-1.59213631759879,2.67303144863922,0.0697078505699332,0.0414293943049967,1.08089513104043,0.0001696740194367,0.0001662194704513
1.2e-05,94,-1.90427196076202,2.64898678430836,0.484018150196361,0.13153690974266,0.74471482354634,0.0001761877020013,0.00017518402109
1.2e-05,95,-1.32647504997025,2.52785970381567,-0.0824771938924697,-0.0283569028982764,1.20138465384542,0.0001748635675803,0.0001668333137903
1.2e-05,97,-1.6938420676447,2.53825503806358,0.0527474475967035,-0.331398308762448,0.844412970418883,0.0001749567408834,0.0001756576357639
1.2e-05,98,-1.27825177051902,2.5906337815159,-0.481651338326367,0.118022278681512,1.31238201099688,0.0001759184463906,0.0001734239077301
1.2e-05,99,-1.31918282875032,2.60887819791727,-0.13354335366002,0.192030695153113,1.28969536916695,0.0001758794230098,0.0001751323678429
1.2e-05,100,-2.01461111894373,2.79008558773093,-0.0723070908837954,0.0471151083286355,0.775474468787192,0.0001852841243579,0.0001727192070679
1.2e-05,101,-1.45434530298406,2.74060592223286,0.498844827184631,0.323209942180636,1.2862606192488,0.0002073677581457,0.000175639550338
1.2e-05,102,-1.55130878139194,2.54739103803006,-0.0986745560587761,-0.388953612708102,0.996082256638122,0.0001761311997534,0.00017604095256
1.2e-05,103,-1.45233620224,2.71690555389695,-0.38772724167109,-0.44703359439029,1.26456935165695,0.000175410004354,0.0001760357019394
1.2e-05,105,-1.20765440636221,2.51980531313015,0.337562734676324,-0.132000338551904,1.31215090676794,0.0001761238991874,0.0001739701555886
1.2e-05,106,-1.92351507352395,2.68134334052078,0.0555186667025958,0.490198490462357,0.757828266996827,0.0001762327079345,0.0001758330036888
1.2e-05,108,-1.84567240235975,2.79337734248983,-0.15314298907111,-0.193542268649549,0.947704940130078,161.206825302867,0.0001880770761401
1.2e-05,109,-1.98899134043098,2.78064566211981,-0.435334456149429,-0.235889609820924,0.791654321688826,0.0001744270131623,0.0001752417081891
1.2e-05,110,-2.72078503854386,2.76391999531849,0.0325148697565201,0.421797756503509,0.0431349567746269,0.0001763093564626,0.000175873096866
1.2e-05,113,-1.41190579558935,2.74548463895197,0.475543193723953,-0.371845015436867,1.33357884336263,0.0001823667146897,0.0001760752929864
1.2e-05,114,-1.40107163084008,2.65806800804351,0.116712330767135,0.381890964948087,1.25699637720343,0.0001761597278318,0.0001758497819909
1.2e-05,115,-1.81438391367044,2.78566090103223,-0.124116045204326,0.389226891584987,0.971276987361788,148.110600897755,0.0001797625207634
1.2e-05,116,-1.3925518996251,2.61171939494871,0.415251884030758,-0.455667749197719,1.21916749532361,0.0001760829796849,0.0001758523845328
1.2e-05,117,-0.909052830627916,2.55582378292562,0.299947048584882,0.394465379315091,1.64677095229771,0.0001761254133663,0.0001758370517263
1.2e-05,118,-0.87082573899567,2.5493484471837,-0.295735241666995,-0.386256980586276,1.67852270818803,10.3130277313041,0.0001758561546164
1.2e-05,119,-1.6494708750338,2.70732188146528,-0.335960052923587,-0.151611939897943,1.05785100643149,0.0001754352581144,0.0001736137755021
1.2e-05,120,-1.1819963651877,2.44821906924767,-0.288479482255773,0.213281722382236,1.26622270405997,102.445008487257,0.0001782872133295
1.2e-05,122,-1.43487104006422,2.73442717313526,-0.30724567811296,0.271818212102641,1.29955613307103,0.0001781779674538,0.0001755568230737
1.2e-05,123,-1.33237870721721,2.58397409839989,0.477723511872644,-0.168023047838767,1.25159539118268,0.0001759767175983,0.0001752142745081
1.2e-05,124,-1.08828095928013,2.48040485081598,-0.486322348895356,-0.307519232229578,1.39212389153584,0.0001760807683253,0.0001759942368063
1.2e-05,125,-1.79261860796816,2.57678945591146,-0.249195867499104,0.0948252892737712,0.784170847943306,11.8217995316589,0.0001741163669244
1.2e-05,127,-1.09823044341681,2.8070626227741,-0.269182214812218,-0.250230987140685,1.70883217935729,66.169679428072,0.0001758523200838
1.2e-05,130,-1.63028813167327,2.51511409935569,-0.224077446931897,0.396437435718737,0.884825967682422,0.0001762479441168,0.0001760515946883
1.2e-05,131,-1.29391229592107,2.64461641778713,0.270489358501296,0.130052202149628,1.35070412186606,0.0001758431963801,0.0001733185093299
1.2e-05,132,-1.10377107512803,2.55334960437214,0.0455743467454452,-0.333266752194657,1.4495785292441,0.0001761255194476,0.0001758697679479
1.2e-05,133,-1.51681376761153,2.68036827819482,0.188866484425556,-0.391850401986737,1.16355451058329,0.0001762162418992,0.0001759064008048
1.2e-05,134,-1.29839874618078,2.55980763762983,0.162496873184278,-0.347171822274108,1.26140889144905,0.0001762030829012,0.0001759949186814
1.2e-05,135,-2.54834122308937,2.74409841066305,0.0373577492268772,0.182721177735303,0.195757187573682,0.0001750840590549,0.0001755580183844
1.2e-05,136,-1.35376639981996,2.73971720645257,0.264400111389306,-0.174002081464397,1.38595080663261,0.0001756932373089,0.0001754696262965
1.2e-05,139,-1.27972272895476,2.59314084739493,0.255874151178387,-0.348866000151106,1.31341811844017,0.0001761514088186,0.0001758880737102
1.2e-05,140,-1.97746386981358,2.71225724785773,-0.49144522988183,0.395147158971728,0.734793378044145,0.0001761842463272,0.0001758700923368
1.2e-05,141,-1.16010381548297,2.71217374712136,-0.119424058621893,-0.0062112297435919,1.55206993163839,0.0001694259433526,0.0001663167863857
1.2e-05,142,-2.00501531665812,2.76680205197586,0.394054612702145,0.428145220895642,0.761786735317742,0.0001767257767943,0.0001757672114528
1.2e-05,143,-0.893398269020823,2.53724144028212,0.473379195775117,-0.455141663814614,1.6438431712613,0.000176258154803,0.0001758380130771
1.2e-05,144,-1.82145022615016,2.58552797396271,-0.426615983347991,-0.267676210468072,0.764077747812554,54.3320014255005,0.000175640002513
1.2e-05,145,-1.49958887533145,2.7298126728597,-0.153997587027724,-0.0811293377539528,1.23022379752825,0.0001782422477833,0.0001701711195958
1.2e-05,146,-2.00568605182,2.71214779863612,-0.0478609448775525,0.0518799421186391,0.706461746816122,0.0001734060933667,0.000169451928308
1.2e-05,147,-1.89347196667711,2.67235643801744,0.482447357047075,-0.285691737838168,0.778884471340337,0.0001761426286169,0.0001758372261909
1.2e-05,148,-1.21632760433453,2.44690661345997,-0.0120423602092512,0.374579516387342,1.23057900912543,193.575626210206,0.0001860114944236
1.2e-05,149,-1.75520115776082,2.56454729857835,0.389285462074263,0.224362706563218,0.809346140817533,0.0001800079376456,0.000175542881116
1.2e-05,151,-1.15018342928263,2.48639951664703,0.385228984211173,-0.327244606009277,1.33621608736439,0.0001761993969018,0.000175600376073
1.2e-05,152,-1.07553921245508,2.679826782138,-0.226796493949768,-0.307209564180894,1.60428756968291,0.0001761839512127,0.0001758450557097
1.2e-05,153,-1.57956209529439,2.70810117838349,-0.0948178961990389,-0.208414626487805,1.1285390830891,0.0001759870854404,0.0001753400746897
1.2e-05,154,-1.3109170416516,2.6837266483403,0.0800435552980984,-0.482365170947654,1.37280960668871,0.0001760821611776,0.0001758935610299
1.2e-05,158,-2.00962248519486,2.67930264881926,-0.0333656300498129,-0.327139475011273,0.669680163624407,0.0001758695208139,0.0001751520759363
1.2e-05,159,-0.986902035145163,2.56527747319814,-0.0626387084373853,0.482468845786694,1.57837543805298,0.0001761221515593,0.0001758372681623
1.2e-05,161,-0.993691776141858,2.68550225499585,-0.0146271048308058,-0.408035432682486,1.69181047885399,26.4064962645735,0.0001758696224813
1.2e-05,162,-1.08169535152156,2.70614588194544,-0.448760458853575,-0.196301530871053,1.62445053042388,0.0001762622594839,0.0001751178227685
1.2e-05,163,-1.87352265666087,2.73925853737595,-0.0351296294007729,0.320767221139798,0.865735880715077,0.0001762559397885,0.0001754446074656
1.2e-05,164,-1.70144755529807,2.6862784667626,0.316621524292736,-0.289925804913219,0.984830911464532,0.0001761797809974,0.000175172086544
1.2e-05,166,-2.31708196464737,2.71806351468044,-0.264157001056725,-0.0223064993057084,0.400981550033066,0.0001751440295588,0.0001743978115464
1.2e-05,167,-2.02308546956384,2.71772762471561,0.403929052846088,-0.189991035430079,0.694642155151766,0.0001758728471469,0.0001751343788058
1.2e-05,168,-1.12039217801741,2.53020699305493,-0.0038465607158062,0.234867466969133,1.40981481503752,0.0001761266726966,0.0001752778950829
1.2e-05,169,-1.70572680319773,2.71442683065085,-0.426107854786466,0.246245851926862,1.00870002745312,0.0001761591198673,0.0001753361892985
1.2e-05,170,-1.9462802108028,2.66366638191904,0.293960345907922,0.352803983276472,0.717386171116247,0.0001761677435155,0.0001751565404421
1.2e-05,171,-1.57985852087596,2.6596672583757,-0.273103660043777,0.0115877622667807,1.07980873749973,0.0001734296778068,0.0001694498572628
1.2e-05,172,-1.63462369995135,2.70361305765884,0.2422223837868,0.341420691941333,1.0689893577075,0.0001764461579231,0.0001753173087396
1.2e-05,173,-1.37202277481549,2.69832474460203,0.040209077901909,-0.481832179072833,1.32630196978654,0.0001760197039534,0.0001759474571171
1.2e-05,174,-1.42209686674632,2.7487194574731,0.480391204593076,-0.425529201131464,1.32662259072678,0.0001927860353697,0.000176056658166
1.2e-05,176,-0.941126093595506,2.56046224189313,0.158842899965502,-0.305641530550571,1.61933614829762,0.0001761060677763,0.0001750967621626
1.2e-05,178,-1.25330980243372,2.49760488209972,-0.3350932561533,0.362344060316856,1.24429507966601,10.9313141795086,0.0001761096910622
1.2e-05,179,-1.12195230147442,2.59234237047212,0.219683153082689,-0.293168418934855,1.47039006899769,0.0001761121359593,0.0001751036919249
1.2e-05,180,-1.772960406944,2.77146171157728,-0.285654439936326,0.23067854448492,0.998501304633272,75.6552968328782,0.0001757236538189
1.2e-05,181,-1.14349939166211,2.67573432274146,0.0604225186158683,0.370642037414964,1.53223493107936,0.0001761319107382,0.000175870023071
1.2e-05,182,-1.17759296380775,2.73522890153808,0.04288243229793,0.0466683024985755,1.55763593773033,0.0001733401496517,0.000169610789413
1.2e-05,183,-0.672677015886234,2.14819572185584,-0.435228639517163,-0.128448132956347,1.47551870596961,65.067479922749,0.0001758350326556
1.2e-05,184,-0.935328702410401,2.59686887718957,-0.349045212588354,-0.494478521598009,1.66154017477917,0.0001760889923163,0.0001758380810474
1.2e-05,185,-1.05388043874081,2.47466194662376,-0.164442599957999,-0.0664763523992123,1.42078150788295,0.0001760038187116,0.0001735944212918
1.2e-05,186,-1.30576529100946,2.67876239724371,-0.0332941150784024,0.127130630581387,1.37299710623425,0.0001759638834106,0.0001733979412611
1.2e-05,187,-0.77230919585099,2.37529452473132,0.455530642942875,-0.0924980187669825,1.60298532888033,0.0001771135299113,0.0001733418772395
1.2e-05,190,-1.27676750449721,2.69826670781687,0.25553353433934,0.104736509846741,1.42149920331965,0.0001760144489498,0.0001734735266298
1.2e-05,192,-1.60761504691229,2.58855056967667,0.376652606102746,-0.401845243291638,0.980935522764371,0.0001761110305642,0.0001759060043423
1.2e-05,193,-1.35768141965183,2.82039461633521,0.297777962804918,-0.187539157450823,1.46271319668338,65.7933371999785,0.0001772398009169
1.2e-05,194,-1.43395625268092,2.55890915869768,0.281950737425929,-0.327536133148117,1.12495290601676,0.0001761987918817,0.0001759887355232
1.2e-05,195,-1.15264532133604,2.47272883317064,0.173435901499185,0.477868884794167,1.32008351183461,0.000175815691549,0.0001762186237604
1.2e-05,196,-1.02546115190373,2.664930670388,0.312562710390873,-0.468180708975089,1.63946951848427,0.000176236477126,0.0001758354163954
1.2e-05,200,-2.34251475050232,2.76267236834715,0.173999426956082,0.0793473728512207,0.420157617844829,0.0001755219646908,0.0001736730979956
1.2e-05,202,-1.40606271562574,2.67771402641321,-0.157279870222021,-0.0375202875647858,1.27165131078747,0.0001736262254658,0.0001695182137129
1.2e-05,204,-0.974491913307062,2.44725999445084,-0.432373672362327,-0.0132965240737363,1.47276808114377,133.765795830319,0.0001733470449649
1.2e-05,205,-1.53312473199488,2.70782310556571,0.194203889062652,0.239659685195577,1.17469837357083,0.0001762532183155,0.0001753624673039
1.2e-05,206,-1.81569556086176,2.77444264264414,-0.205676145767377,0.380137471445327,0.958747081782383,57.0392413939601,0.0001761401726119
1.2e-05,207,-1.09630285418147,2.52886057841314,-0.003985454744542,0.0541792464226283,1.43255772423167,0.0001751001545837,0.0001695759943849
1.2e-05,208,-1.2538386591911,2.79281295483649,-0.362403848828886,0.25003753754066,1.5389742956454,0.0001764236958695,0.0001756483093831
1.2e-05,209,-1.52875758306452,2.64436124694223,-0.253316134612443,0.0865556143421731,1.11560366387771,0.0001751215187572,0.0001733214938167
1.2e-05,210,-2.25807402607791,2.76850110730779,-0.386844217246281,-0.109526526147011,0.510427081229881,0.0001759241044618,0.0001755399355861
1.2e-05,211,-1.43987964088565,2.694055496788,0.449434521204899,0.0111119129844214,1.25417585590235,0.0001755231109667,0.0001735183606499
1.2e-05,212,-1.65085361007986,2.74133059209136,-0.173204022924959,0.248758515872964,1.0904769820115,0.0001900544162674,0.0001756337804597
1.2e-05,215,-1.35335280192078,2.44276217349181,-0.201963139202902,0.244882286799955,1.08940937157103,126.774202010355,0.000186771493386
1.2e-05,216,-1.05854273637752,2.70586040127237,0.321809052887251,-0.163769864179401,1.64731766489485,0.0001763005910359,0.0001733190405566
1.2e-05,217,-1.05931510512494,2.7690019209125,0.474151935429478,-0.430627680060533,1.70968681578756,130.666463649505,0.0001758923004244
1.2e-05,218,-0.90953592880909,2.53344609653941,0.412512609539107,-0.366402440103984,1.62391016773032,0.0001761031248522,0.0001750959664947
1.2e-05,219,-0.919825177399526,2.62618827802309,-0.148339086880026,0.222449556129821,1.70636310062357,182.612957388193,0.0001751606735509
1.2e-05,220,-1.11984853432164,2.57920332046455,-0.33192685269562,0.167723003177913,1.45935478614291,0.0001758487204468,0.0001733425894113
1.2e-05,221,-1.20397324404574,2.81854590555081,-0.22637803261781,-0.273489457530502,1.61457266150506,0.0001761587482512,0.0001759439009551
1.2e-05,223,-0.989876353462674,2.49310626440791,-0.0827580013372335,-0.157464930851701,1.50322991094523,0.0001770180069263,0.0001750982249155
1.2e-05,224,-1.54856225444735,2.4980479451593,0.345616766889575,0.429490612089751,0.949485690711956,0.0001761121813297,0.000175986451781
1.2e-05,225,-2.66911876902963,2.76636862923864,0.365170985805021,0.0661557818056465,0.0972498602090046,0.0001757346638453,0.0001735958445326
1.2e-05,226,-1.59543517854277,2.75214363802798,-0.405637332184077,-0.466042737982534,1.1567084594852,68.3809651460565,0.0001758295619259
1.2e-05,227,-1.43386214052152,2.49265635302357,-0.499600307410675,-0.0533316925226187,1.05879421250206,0.0001762280689141,0.0001756743224398
1.2e-05,228,-2.53330456203335,2.76891365935576,0.248979633293827,-0.254536741980559,0.235609097322408,0.0001752699838046,0.0001754961102146
1.2e-05,229,-1.14727615299766,2.61075071850943,-0.0141502690834626,-0.382199208238521,1.46347456551177,0.0001760782119749,0.000175835588374
1.2e-05,230,-1.20830526913568,2.6543282307962,-0.407363537276584,0.367763914115314,1.44602296166051,0.0001761418260531,0.0001758475888858
1.2e-05,231,-1.31349721464301,2.73311332613498,0.492494676896073,-0.146747005820093,1.41961611149197,0.0001760342699195,0.000173732894419
1.2e-05,232,-1.00066414020852,2.71432232769022,0.371478941985113,0.182829170439742,1.7136581874817,185.314964093776,0.000175152925505
1.2e-05,233,-1.6941499355097,2.70719117092271,-0.0464746579516995,-0.0919697713305563,1.01304123541301,0.000175436235898,0.0001697035996518
1.2e-05,234,-1.40388468773706,2.5857418483531,-0.0248118620191177,-0.37462929441208,1.18185716061604,0.0001761681634186,0.0001759049792204
1.2e-05,236,-1.80240411681919,2.64374515103576,0.189007510845079,0.137361391175909,0.84134103421657,0.0001752096190095,0.0001733414484967
1.2e-05,237,-2.11514623146023,2.69260766916879,0.289616069716998,-0.223655992604453,0.577461437708566,0.0001759144660376,0.0001752731025649
1.2e-05,238,-1.60138183718445,2.6337122345327,0.483898036360018,0.0922488153893509,1.03233039734825,0.0001758557808918,0.0001733173414583
1.2e-05,241,-1.31850359758453,2.53776617772,0.391259829922494,0.170910607981305,1.21926258013547,0.0001761281947911,0.0001755037926154
1.2e-05,242,-1.09749763244867,2.65555662746565,-0.0142802064662416,0.274600746388784,1.55805899501697,0.0001761102828116,0.0001751118606566
1.2e-05,243,-1.58622602652176,2.56519906079596,0.199201929245944,-0.198027862258154,0.978973034274202,0.0001758385671611,0.0001752888517245
1.2e-05,244,-1.04800871800654,2.67925101750743,0.0330328849390766,0.10351179081413,1.63124229950089,0.0001759916121354,0.0001733217446619
1.2e-05,247,-1.68913497201816,2.63212166295071,0.414961282010757,0.39197223683712,0.942986690932559,0.0001758806825634,0.0001750997716274
1.2e-05,248,-1.54063185697826,2.65873147731871,-0.281782764467068,0.236621289380061,1.11809962034045,0.0001761590052464,0.000175117903911
1.2e-05,250,-1.12952796525886,2.79048204491655,-0.348254106207153,0.435810348772485,1.66095407965769,0.0001759313129271,0.0001759169277608
1.25e-05,1,-1.31174599887491,2.4805210746738,-0.239788632064246,0.188396704926908,1.16877507579889,94.3494108967705,0.0006934183851312
1.25e-05,2,-1.30599369034217,2.7224430807328,0.409304146406049,-0.41627586689109,1.41644939039064,0.0006916945955179,0.0006899893700806
1.25e-05,3,-2.52790066194371,2.76488450166602,-0.208483071848808,-0.0281570251623863,0.236983839722309,0.0006888048990522,0.0006796709675304
1.25e-05,4,-1.43665640403064,2.64498810868677,-0.462252683032567,-0.348389362069524,1.20833170465612,0.0006901679370536,0.0006878018088005
1.25e-05,5,-1.06249904566088,2.42851400344641,0.15579627989972,-0.116277825280546,1.36601495778553,0.0006893175049027,0.000687199111951
1.25e-05,6,-1.32103058190807,2.76553411249921,-0.237119298010674,0.265432216744772,1.44450353059114,0.000695487701867,0.000689623161895
1.25e-05,7,-1.70943378931667,2.6199678085075,-0.427031667074312,-0.308706825797893,0.91053401919083,0.0006894027112477,0.0006878651637642
1.25e-05,10,-0.882843134184752,2.48032504041287,-0.189852778909198,-0.266151630914522,1.59748190622812,0.0006925598784292,0.0006878310913262
1.25e-05,11,-1.43990343174956,2.57201484351658,-0.190518420805133,-0.432326463342017,1.13211141176702,0.0006905948597258,0.0006896645652051
1.25e-05,12,-2.05275232790298,2.73706170863463,-0.27650568574416,-0.266852696381913,0.684309380731651,0.0006895944295073,0.0006881484080964
1.25e-05,13,-2.02670711920039,2.75764007300655,0.475604968589112,-0.24825553571747,0.730932953806155,0.0006902090665716,0.0006890636832649
1.25e-05,15,-2.56852780698915,2.77780953772779,0.10102587748869,-0.284133602340511,0.209281730738638,153.008117895356,0.0006957364889103
1.25e-05,16,-2.39503766786455,2.72637299927317,0.0239931674646672,0.047967796793928,0.331335331408624,0.0006857667788461,0.0006865969544637
1.25e-05,17,-0.776203558130274,2.35349840953592,0.120278817100843,-0.443052051301552,1.57729485140565,0.0006907660834747,0.0006893271026594
1.25e-05,18,-1.58745869495817,2.52930096758236,-0.409681439700927,0.153943672179926,0.941842272624187,0.0006893155820811,0.0006892651352251
1.25e-05,22,-1.82621206113259,2.61569717287285,-0.209256134109326,0.342588379433667,0.789485111740262,0.0006913370871945,0.0006898015034193
1.25e-05,23,-0.813847780611057,2.38539584497163,0.114770953156262,0.305503111259863,1.57154806436057,87.6063996117345,0.0006878808837754
1.25e-05,24,-0.823639893826853,2.44441490117458,0.153602952535226,-0.176060879839284,1.62077500734772,0.0006893483217248,0.0006848663764974
1.25e-05,25,-0.860279303560866,2.48221172427813,0.0388193672496691,0.483162289911408,1.62193242071726,0.0006905707571755,0.0006893205745443
1.25e-05,26,-1.38243212598604,2.61738634328205,-0.428793282458767,-0.382093688179716,1.23495421729602,0.0006901113199121,0.0006893406819206
1.25e-05,28,-1.11618371113177,2.57679868230356,0.126463855254056,-0.0813948143280849,1.46061497117179,0.0006878145192016,0.0006794452154127
1.25e-05,29,-1.18298513729317,2.67937947794852,-0.0921399744090866,-0.207403556376057,1.49639434065536,0.000690195354159,0.0006879008028092
1.25e-05,30,-1.58028934131385,2.69100547268859,0.205034522263333,0.0517900635794957,1.11071613137474,0.0006858869159811,0.0006796892873493
1.25e-05,31,-1.64504610329383,2.63002032266095,-0.215459389727944,-0.150735094152361,0.98497421936712,0.0006878183733285,0.0006848744949746
1.25e-05,32,-1.29969114198075,2.62515608725726,-0.433831278274819,0.180265628728575,1.32546494527651,0.000689318026032,0.0006878071578692
1.25e-05,33,-1.45729912418243,2.65500260291152,0.151319897226239,0.255714133601085,1.19770347872909,0.0006902533713363,0.0006878253439504
1.25e-05,34,-1.29140971976854,2.80239086513111,-0.393611594585923,-0.237176973787611,1.51098114536258,0.0006935964554388,0.0006905772992382
1.25e-05,35,-1.52123653757335,2.56829289274437,0.372948730409002,-0.131866410018862,1.04705635517103,0.000689523574345,0.0006881766441351
1.25e-05,36,-1.84460955177425,2.75418685367173,-0.160506084940057,-0.240608392579144,0.909577301897487,0.0006931191314417,0.0006896805576617
1.25e-05,38,-0.906835067332574,2.58116156744788,-0.334122075337465,-0.138511570034752,1.67432650011531,0.0006973967217874,0.0006878312264969
1.25e-05,39,-1.49373906384364,2.72025721947252,-0.0518713005348405,0.355624566175877,1.22651815562889,0.0006956312284432,0.0006887453172663
1.25e-05,40,-2.47181607572867,2.74086113913133,0.378697583826076,0.392426177536039,0.269045063402663,0.0006904827355469,0.000690807095936
1.25e-05,41,-1.27329373936215,2.46870237545825,-0.457994232581188,0.196375849870566,1.1954086360961,148.915036372718,0.0006969505227319
1.25e-05,42,-1.16056503543681,2.50253323576692,0.275315753880376,-0.109437897572968,1.34196820033011,0.0006907077168799,0.0006862794410142
1.25e-05,43,-1.27983382474272,2.71268605232612,-0.232333240230557,-0.232248334460458,1.4328522275834,0.0006910180783181,0.000688246190586
1.25e-05,44,-2.5798067575612,2.75395324789479,-0.170457866476118,-0.252124427676049,0.174146490333589,0.0006902615054517,0.0006896003417009
1.25e-05,45,-0.94169076952095,2.52236361370327,0.489333286828275,0.352736745731932,1.58067284418232,0.0006926488529507,0.0006893349847291
1.25e-05,46,-2.17463615604013,2.69866970373507,0.15577730178418,-0.34145846440839,0.524033547694942,0.0006895504985273,0.0006887384052857
1.25e-05,47,-1.73530510464831,2.64661696817117,-0.469602585188474,-0.162098574224937,0.911311863522862,0.0006894012542706,0.0006877932453261
1.25e-05,49,-1.69674525253665,2.6162596650048,0.109693569374039,-0.461868385908527,0.919514412468156,0.0006901607063533,0.0006893923504193
1.25e-05,50,-0.826073345396043,2.44293079487156,0.0102159340784042,0.0550852504728198,1.61685744947552,0.0006877930951834,0.0006794072798769
1.25e-05,51,-1.99731204156039,2.71640577854066,-0.0574109766755413,-0.302419055649523,0.719093736980274,0.0006894963840143,0.0006879039246633
1.25e-05,52,-1.40223230538363,2.70184850425875,0.251148367822583,-0.150672964024089,1.29961619887512,0.0006910120316081,0.0006853058519775
1.25e-05,53,-1.44670585788884,2.47705707370837,-0.427237623760373,0.208151687740601,1.03035121581952,0.0006927354079028,0.0006925609231426
1.25e-05,54,-1.15512526002475,2.81203537140393,0.204085668642335,0.16994918100308,1.65691011137918,0.0006903175946045,0.0006879507254835
1.25e-05,56,-1.68422606723093,2.54094503983765,-0.391028370696084,0.198598286727039,0.856718972606728,0.0006917812803974,0.0006899187970135
1.25e-05,58,-1.67313633441981,2.68037998581984,-0.466606795134143,-0.298815857833348,1.00724365140003,0.0006897625630168,0.0006879476342044
1.25e-05,59,-1.2369810213246,2.49846487692176,0.080418165780147,-0.479232113289609,1.26148385559716,0.0004055267424842,0.0006921979470976
1.25e-05,60,-1.22723716340486,2.48257990332198,-0.280199288038076,-0.0767408572341708,1.25534273991712,47.8397143691739,0.000689253095996
1.25e-05,62,-1.10159364015925,2.60206480502066,0.134050508306719,-0.284546723044357,1.50047116486141,0.0006901508321247,0.0006877918028075
1.25e-05,65,-1.73029114148935,2.76031804098348,-0.32734259890241,0.355347668683623,1.03002689949413,44.8599118456384,0.0006925579978581
1.25e-05,66,-2.02677481618678,2.73425270227393,0.309103216823046,-0.231445893790321,0.707477886087157,0.0006895833858669,0.0006881431309746
1.25e-05,67,-2.13583290874701,2.69721964247726,0.218237994981284,0.039418192753467,0.561386733730251,0.0006880951763415,0.0006852677013825
1.25e-05,69,-1.0874207253619,2.46413864868405,-0.070117241875152,0.397614008342385,1.37671792332215,0.0006905615582442,0.0006908478293827
1.25e-05,70,-1.0415113604623,2.50394753652904,-0.371062694580183,-0.464289050971857,1.46243617606674,0.0006913894308902,0.0006894477586134
1.25e-05,71,-1.07949676618896,2.54294307587013,0.0491556907902392,-0.421193301954593,1.46344630968117,0.0006906439464946,0.0006894055614368
1.25e-05,73,-2.14913323155258,2.7374488002679,0.479450763112824,0.132710309966193,0.588315568715316,0.0006895668981748,0.0006879603522006
1.25e-05,74,-1.40175044700545,2.54037788331075,-0.0734471457583603,0.230532021005362,1.1386274363053,0.0006924660501947,0.0006887792019418
1.25e-05,75,-1.8722907740632,2.63390649982314,0.222762032839697,0.130687188312316,0.761615725759939,0.0006888993649269,0.0006851717267281
1.25e-05,76,-1.38684923796645,2.82046220908899,-0.462002162695258,-0.0744657022788004,1.43361297112254,164.822814873422,0.0007198321158047
1.25e-05,77,-1.24868719361893,2.48405398268713,-0.16452338943913,0.0683051045948369,1.2353667890682,71.4184087428768,0.0006835941003126
1.25e-05,78,-1.27399242745674,2.70797603967406,0.0502955231831296,0.0255407311257162,1.43398361221732,0.0006855593293797,0.0006693242658774
1.25e-05,79,-1.2975479917871,2.5563027533187,0.125667180631593,-0.410142081999953,1.2587547615316,0.0006921277579006,0.0006899786065664
1.25e-05,80,-1.77253335815101,2.76704272851539,-0.282742599506135,-0.0103099578391185,0.994509370364386,37.2191450751966,0.0006830506412212
1.25e-05,82,-0.783325290804284,2.35227998918874,0.292902278329636,0.431607495147661,1.56895469838446,0.0006962539248045,0.0006893623648602
1.25e-05,84,-1.28622776003795,2.57243681254546,0.279104187338647,0.102049543549351,1.2862090525075,0.0006900574031111,0.0006852384543537
1.25e-05,85,-1.68147888934516,2.63793720843697,0.224789301195435,0.161476768856287,0.956458319091809,0.0006878366653041,0.00068486920382
1.25e-05,87,-1.14613596785089,2.59768868016106,-0.111572778772143,0.0070476590476781,1.45155271231016,0.0006848692118644,0.0006690485902665
1.25e-05,88,-1.59075254515918,2.59230335383506,-0.238933200104671,0.256483849099917,1.00155080867588,0.0006901030457659,0.0006879745127727
1.25e-05,89,-0.705923374805154,2.20789485197575,0.238191897324499,0.373999425537894,1.50197147717059,0.0006907382631207,0.0006893216494226
1.25e-05,90,-2.09259545938514,2.79990367110683,0.0379230312678858,0.139601748513116,0.707308211721682,39.2329807144884,0.0007437049846031
1.25e-05,91,-1.46025827886375,2.68287104992512,0.228822180092745,0.0070029904961719,1.22261277106138,0.0006856573888375,0.0006796057902153
1.25e-05,92,-1.25789038370721,2.72501397077461,-0.387302139561675,-0.148684454746824,1.46712358706739,0.000690116000188,0.0006883327645251
1.25e-05,93,-1.59213631759879,2.67303144863922,0.0697078505699332,0.0414293943049967,1.08089513104043,0.0006797666036572,0.0006691297040674
1.25e-05,94,-1.90427196076202,2.64898678430836,0.484018150196361,0.13153690974266,0.74471482354634,0.0006901062719883,0.0006879842445822
1.25e-05,95,-1.32647504997025,2.52785970381567,-0.0824771938924697,-0.0283569028982764,1.20138465384542,0.0006915650770011,0.0006701659290063
1.25e-05,97,-1.6938420676447,2.53825503806358,0.0527474475967035,-0.331398308762448,0.844412970418883,0.0006976117733865,0.0006903236180742
1.25e-05,98,-1.27825177051902,2.5906337815159,-0.481651338326367,0.118022278681512,1.31238201099688,0.0006896110291792,0.0006850509818914
1.25e-05,99,-1.31918282875032,2.60887819791727,-0.13354335366002,0.192030695153113,1.28969536916695,0.0006894132935819,0.0006878683404199
1.25e-05,100,-2.01461111894373,2.79008558773093,-0.0723070908837954,0.0471151083286355,0.775474468787192,0.0007069580227597,0.0006872509242698
1.25e-05,101,-1.45434530298406,2.74060592223286,0.498844827184631,0.323209942180636,1.2862606192488,0.000764926614389,0.0006896274692942
1.25e-05,102,-1.55130878139194,2.54739103803006,-0.0986745560587761,-0.388953612708102,0.996082256638122,0.0006901804312274,0.0006900607339414
1.25e-05,103,-1.45233620224,2.71690555389695,-0.38772724167109,-0.44703359439029,1.26456935165695,0.0006952538781517,0.0006902478129294
1.25e-05,105,-1.20765440636221,2.51980531313015,0.337562734676324,-0.132000338551904,1.31215090676794,0.0006919949767248,0.0006861702834552
1.25e-05,106,-1.92351507352395,2.68134334052078,0.0555186667025958,0.490198490462357,0.757828266996827,0.0006902560039627,0.0006893123664379
1.25e-05,108,-1.84567240235975,2.79337734248983,-0.15314298907111,-0.193542268649549,0.947704940130078,161.279099498408,0.0007234295461159
1.25e-05,109,-1.98899134043098,2.78064566211981,-0.435334456149429,-0.235889609820924,0.791654321688826,0.0006966618344708,0.0006925453011832
1.25e-05,110,-2.72078503854386,2.76391999531849,0.0325148697565201,0.421797756503509,0.0431349567746269,0.0006917618415692,0.0006896684776949
1.25e-05,113,-1.41190579558935,2.74548463895197,0.475543193723953,-0.371845015436867,1.33357884336263,0.0007130467433015,0.0006912359238571
1.25e-05,114,-1.40107163084008,2.65806800804351,0.116712330767135,0.381890964948087,1.25699637720343,0.0006902667239209,0.0006893512652783
1.25e-05,115,-1.81438391367044,2.78566090103223,-0.124116045204326,0.389226891584987,0.971276987361788,148.137369028047,0.000699670003817
1.25e-05,116,-1.3925518996251,2.61171939494871,0.415251884030758,-0.455667749197719,1.21916749532361,0.0006905484017459,0.0006893631147397
1.25e-05,117,-0.909052830627916,2.55582378292562,0.299947048584882,0.394465379315091,1.64677095229771,0.0006907754124729,0.0006893114618628
1.25e-05,118,-0.87082573899567,2.5493484471837,-0.295735241666995,-0.386256980586276,1.67852270818803,9.58257818135611,0.0006893933745765
1.25e-05,119,-1.6494708750338,2.70732188146528,-0.335960052923587,-0.151611939897943,1.05785100643149,0.000689486757624,0.0006853986199953
1.25e-05,120,-1.1819963651877,2.44821906924767,-0.288479482255773,0.213281722382236,1.26622270405997,102.51994299824,0.0007018957808975
1.25e-05,122,-1.43487104006422,2.73442717313526,-0.30724567811296,0.271818212102641,1.29955613307103,0.0006995052658117,0.0006891338419197
1.25e-05,123,-1.33237870721721,2.58397409839989,0.477723511872644,-0.168023047838767,1.25159539118268,0.0006898168325338,0.0006880575540449
1.25e-05,124,-1.08828095928013,2.48040485081598,-0.486322348895356,-0.307519232229578,1.39212389153584,0.0006905011801026,0.0006902759835575
1.25e-05,125,-1.79261860796816,2.57678945591146,-0.249195867499104,0.0948252892737712,0.784170847943306,12.1167080921981,0.0006866969770307
1.25e-05,127,-1.09823044341681,2.8070626227741,-0.269182214812218,-0.250230987140685,1.70883217935729,65.6471373885259,0.0006893151851043
1.25e-05,130,-1.63028813167327,2.51511409935569,-0.224077446931897,0.396437435718737,0.884825967682422,0.0006913503840808,0.0006926621399084
1.25e-05,131,-1.29391229592107,2.64461641778713,0.270489358501296,0.130052202149628,1.35070412186606,0.000689348005142,0.0006848692311014
1.25e-05,132,-1.10377107512803,2.55334960437214,0.0455743467454452,-0.333266752194657,1.4495785292441,0.0006901165158995,0.0006894283826914
1.25e-05,133,-1.51681376761153,2.68036827819482,0.188866484425556,-0.391850401986737,1.16355451058329,0.0006909135513613,0.0006895422538419
1.25e-05,134,-1.29839874618078,2.55980763762983,0.162496873184278,-0.347171822274108,1.26140889144905,0.0006915012470604,0.0006899166747845
1.25e-05,135,-2.54834122308937,2.74409841066305,0.0373577492268772,0.182721177735303,0.195757187573682,0.0006929395944331,0.0006915865703543
1.25e-05,136,-1.35376639981996,2.73971720645257,0.264400111389306,-0.174002081464397,1.38595080663261,0.000694425238243,0.0006890567393472
1.25e-05,139,-1.27972272895476,2.59314084739493,0.255874151178387,-0.348866000151106,1.31341811844017,0.0006903237724983,0.0006894749208508
1.25e-05,140,-1.97746386981358,2.71225724785773,-0.49144522988183,0.395147158971728,0.734793378044145,0.0006901666333092,0.0006893809367803
1.25e-05,141,-1.16010381548297,2.71217374712136,-0.119424058621893,-0.0062112297435919,1.55206993163839,0.0006794189477308,0.000669165090594
1.25e-05,142,-2.00501531665812,2.76680205197586,0.394054612702145,0.428145220895642,0.761786735317742,0.0006911200920046,0.0006898941523156
1.25e-05,143,-0.893398269020823,2.53724144028212,0.473379195775117,-0.455141663814614,1.6438431712613,0.0006902885350542,0.0006893105623571
1.25e-05,144,-1.82145022615016,2.58552797396271,-0.426615983347991,-0.267676210468072,0.764077747812554,53.0371038198131,0.0006897439514268
1.25e-05,145,-1.49958887533145,2.7298126728597,-0.153997587027724,-0.0811293377539528,1.23022379752825,0.0007014913282037,0.0006806003974015
1.25e-05,146,-2.00568605182,2.71214779863612,-0.0478609448775525,0.0518799421186391,0.706461746816122,0.0006849975665352,0.0006794504912302
1.25e-05,147,-1.89347196667711,2.67235643801744,0.482447357047075,-0.285691737838168,0.778884471340337,0.0006903038559952,0.0006893125950107
1.25e-05,148,-1.21632760433453,2.44690661345997,-0.0120423602092512,0.374579516387342,1.23057900912543,193.061422545711,0.0007157714411908
1.25e-05,149,-1.75520115776082,2.56454729857835,0.389285462074263,0.224362706563218,0.809346140817533,0.0007063408266375,0.000689627649563
1.25e-05,151,-1.15018342928263,2.48639951664703,0.385228984211173,-0.327244606009277,1.33621608736439,0.0006919691288398,0.0006898682804791
1.25e-05,152,-1.07553921245508,2.679826782138,-0.226796493949768,-0.307209564180894,1.60428756968291,0.0006902469532457,0.0006893455441622
1.25e-05,153,-1.57956209529439,2.70810117838349,-0.0948178961990389,-0.208414626487805,1.1285390830891,0.0006920181006725,0.0006884570755939
1.25e-05,154,-1.3109170416516,2.6837266483403,0.0800435552980984,-0.482365170947654,1.37280960668871,0.0006910329071132,0.0006895083097553
1.25e-05,158,-2.00962248519486,2.67930264881926,-0.0333656300498129,-0.327139475011273,0.669680163624407,0.0006898385637245,0.0006879184175676
1.25e-05,159,-0.986902035145163,2.56527747319814,-0.0626387084373853,0.482468845786694,1.57837543805298,0.0006908213756073,0.0006893179653771
1.25e-05,161,-0.993691776141858,2.68550225499585,-0.0146271048308058,-0.408035432682486,1.69181047885399,25.9653820454608,0.0006893549884302
1.25e-05,162,-1.08169535152156,2.70614588194544,-0.448760458853575,-0.196301530871053,1.62445053042388,0.0006905873181981,0.0006878238195166
1.25e-05,163,-1.87352265666087,2.73925853737595,-0.0351296294007729,0.320767221139798,0.865735880715077,0.0006902120580249,0.0006886296652429
1.25e-05,164,-1.70144755529807,2.6862784667626,0.316621524292736,-0.289925804913219,0.984830911464532,0.0006905324009062,0.000687973408675
1.25e-05,166,-2.31708196464737,2.71806351468044,-0.264157001056725,-0.0223064993057084,0.400981550033066,0.0006878966508976,0.000687997587671
1.25e-05,167,-2.02308546956384,2.71772762471561,0.403929052846088,-0.189991035430079,0.694642155151766,0.0006894836510042,0.0006878808053134
1.25e-05,168,-1.12039217801741,2.53020699305493,-0.0038465607158062,0.234867466969133,1.40981481503752,0.0006901137016208,0.0006881859375478
1.25e-05,169,-1.70572680319773,2.71442683065085,-0.426107854786466,0.246245851926862,1.00870002745312,0.0006906008608806,0.0006883576872138
1.25e-05,170,-1.9462802108028,2.66366638191904,0.293960345907922,0.352803983276472,0.717386171116247,0.000689899201897,0.0006879271888106
1.25e-05,171,-1.57985852087596,2.6596672583757,-0.273103660043777,0.0115877622667807,1.07980873749973,0.0006850568433961,0.0006794462556539
1.25e-05,172,-1.63462369995135,2.70361305765884,0.2422223837868,0.341420691941333,1.0689893577075,0.0006916246884308,0.0006882802907293
1.25e-05,173,-1.37202277481549,2.69832474460203,0.040209077901909,-0.481832179072833,1.32630196978654,0.0006918642426913,0.0006897223942419
1.25e-05,174,-1.42209686674632,2.7487194574731,0.480391204593076,-0.425529201131464,1.32662259072678,0.0007438560220462,0.0006915171134073
1.25e-05,176,-0.941126093595506,2.56046224189313,0.158842899965502,-0.305641530550571,1.61933614829762,0.0006900969839892,0.0006877975640592
1.25e-05,178,-1.25330980243372,2.49760488209972,-0.3350932561533,0.362344060316856,1.24429507966601,10.8293037807979,0.0006926698761948
1.25e-05,179,-1.12195230147442,2.59234237047212,0.219683153082689,-0.293168418934855,1.47039006899769,0.0006901169459187,0.0006878075184485
1.25e-05,180,-1.772960406944,2.77146171157728,-0.285654439936326,0.23067854448492,0.998501304633272,75.7579165959611,0.00069278329881
1.25e-05,181,-1.14349939166211,2.67573432274146,0.0604225186158683,0.370642037414964,1.53223493107936,0.0006901168119075,0.0006893903677313
1.25e-05,182,-1.17759296380775,2.73522890153808,0.04288243229793,0.0466683024985755,1.55763593773033,0.0006849030180621,0.0006796768355917
1.25e-05,183,-0.672677015886234,2.14819572185584,-0.435228639517163,-0.128448132956347,1.47551870596961,64.5762893647848,0.0006893120334883
1.25e-05,184,-0.935328702410401,2.59686887718957,-0.349045212588354,-0.494478521598009,1.66154017477917,0.0006921956640369,0.000689319178991
1.25e-05,185,-1.05388043874081,2.47466194662376,-0.164442599957999,-0.0664763523992123,1.42078150788295,0.0006896073707009,0.0006853753020499
1.25e-05,186,-1.30576529100946,2.67876239724371,-0.0332941150784024,0.127130630581387,1.37299710623425,0.000689691323613,0.0006849942232191
1.25e-05,187,-0.77230919585099,2.37529452473132,0.455530642942875,-0.0924980187669825,1.60298532888033,0.000692626024789,0.000684878025555
1.25e-05,190,-1.27676750449721,2.69826670781687,0.25553353433934,0.104736509846741,1.42149920331965,0.0006899375404823,0.0006851365990281
1.25e-05,192,-1.60761504691229,2.58855056967667,0.376652606102746,-0.401845243291638,0.980935522764371,0.0006900819103837,0.0006895222802591
1.25e-05,193,-1.35768141965183,2.82039461633521,0.297777962804918,-0.187539157450823,1.46271319668338,65.8993510538358,0.0007010254261723
1.25e-05,194,-1.43395625268092,2.55890915869768,0.281950737425929,-0.327536133148117,1.12495290601676,0.0006909891364656,0.0006898682982122
1.25e-05,195,-1.15264532133604,2.47272883317064,0.173435901499185,0.477868884794167,1.32008351183461,0.0006944668191582,0.0006926378078366
1.25e-05,196,-1.02546115190373,2.664930670388,0.312562710390873,-0.468180708975089,1.63946951848427,0.000691335300865,0.0006893125345112
1.25e-05,200,-2.34251475050232,2.76267236834715,0.173999426956082,0.0793473728512207,0.420157617844829,0.0006889899464296,0.0006855468813786
1.25e-05,202,-1.40606271562574,2.67771402641321,-0.157279870222021,-0.0375202875647858,1.27165131078747,0.0006853944572013,0.0006795458605991
1.25e-05,204,-0.974491913307062,2.44725999445084,-0.432373672362327,-0.0132965240737363,1.47276808114377,133.877216301736,0.000684929454217
1.25e-05,205,-1.53312473199488,2.70782310556571,0.194203889062652,0.239659685195577,1.17469837357083,0.000692182544117,0.0006884403932524
1.25e-05,206,-1.81569556086176,2.77444264264414,-0.205676145767377,0.380137471445327,0.958747081782383,57.1855235831652,0.0006943122209444
1.25e-05,207,-1.09630285418147,2.52886057841314,-0.003985454744542,0.0541792464226283,1.43255772423167,0.0006878076741653,0.0006796301383846
1.25e-05,208,-1.2538386591911,2.79281295483649,-0.362403848828886,0.25003753754066,1.5389742956454,0.0006909307799015,0.0006891687022843
1.25e-05,209,-1.52875758306452,2.64436124694223,-0.253316134612443,0.0865556143421731,1.11560366387771,0.0006878545755474,0.0006848717210478
1.25e-05,210,-2.25807402607791,2.76850110730779,-0.386844217246281,-0.109526526147011,0.510427081229881,0.000690848914667,0.0006894016198513
1.25e-05,211,-1.43987964088565,2.694055496788,0.449434521204899,0.0111119129844214,1.25417585590235,0.000689163264451,0.0006852149660328
1.25e-05,212,-1.65085361007986,2.74133059209136,-0.173204022924959,0.248758515872964,1.0904769820115,0.0006845103336012,0.0006896416367964
1.25e-05,215,-1.35335280192078,2.44276217349181,-0.201963139202902,0.244882286799955,1.08940937157103,126.374463503681,0.0007175557688211
1.25e-05,216,-1.05854273637752,2.70586040127237,0.321809052887251,-0.163769864179401,1.64731766489485,0.0006906959115504,0.0006848718426924
1.25e-05,217,-1.05931510512494,2.7690019209125,0.474151935429478,-0.430627680060533,1.70968681578756,130.638060779163,0.0006893406385603
1.25e-05,218,-0.90953592880909,2.53344609653941,0.412512609539107,-0.366402440103984,1.62391016773032,0.0006901169071385,0.0006877988024528
1.25e-05,219,-0.919825177399526,2.62618827802309,-0.148339086880026,0.222449556129821,1.70636310062357,182.679031513926,0.0006879789206827
1.25e-05,220,-1.11984853432164,2.57920332046455,-0.33192685269562,0.167723003177913,1.45935478614291,0.0006893233545016,0.0006849131257716
1.25e-05,221,-1.20397324404574,2.81854590555081,-0.22637803261781,-0.273489457530502,1.61457266150506,0.0006900885917727,0.0006899981491818
1.25e-05,223,-0.989876353462674,2.49310626440791,-0.0827580013372335,-0.157464930851701,1.50322991094523,0.0007005976115596,0.000687803349047
1.25e-05,224,-1.54856225444735,2.4980479451593,0.345616766889575,0.429490612089751,0.949485690711956,0.0006900882299236,0.0006924127075334
1.25e-05,225,-2.66911876902963,2.76636862923864,0.365170985805021,0.0661557818056465,0.0972498602090046,0.0006905044782594,0.0006853797549209
1.25e-05,226,-1.59543517854277,2.75214363802798,-0.405637332184077,-0.466042737982534,1.1567084594852,68.5390440925455,0.0006929349814937
1.25e-05,227,-1.43386214052152,2.49265635302357,-0.499600307410675,-0.0533316925226187,1.05879421250206,0.00069289110085,0.0006908257766091
1.25e-05,228,-2.53330456203335,2.76891365935576,0.248979633293827,-0.254536741980559,0.235609097322408,0.0006929331747068,0.0006886755225689
1.25e-05,229,-1.14727615299766,2.61075071850943,-0.0141502690834626,-0.382199208238521,1.46347456551177,0.000690509333643,0.0006893145195617
1.25e-05,230,-1.20830526913568,2.6543282307962,-0.407363537276584,0.367763914115314,1.44602296166051,0.0006901473077818,0.0006893332847545
1.25e-05,231,-1.31349721464301,2.73311332613498,0.492494676896073,-0.146747005820093,1.41961611149197,0.0006916110920609,0.0006857081580145
1.25e-05,232,-1.00066414020852,2.71432232769022,0.371478941985113,0.182829170439742,1.7136581874817,185.85791243536,0.0006879037240424
1.25e-05,233,-1.6941499355097,2.70719117092271,-0.0464746579516995,-0.0919697713305563,1.01304123541301,0.0006889533843845,0.0006798242044795
1.25e-05,234,-1.40388468773706,2.5857418483531,-0.0248118620191177,-0.37462929441208,1.18185716061604,0.0006904662461889,0.0006895384264995
1.25e-05,236,-1.80240411681919,2.64374515103576,0.189007510845079,0.137361391175909,0.84134103421657,0.0006879691065998,0.0006849043869512
1.25e-05,237,-2.11514623146023,2.69260766916879,0.289616069716998,-0.223655992604453,0.577461437708566,0.0006897376215025,0.0006882159710569
1.25e-05,238,-1.60138183718445,2.6337122345327,0.483898036360018,0.0922488153893509,1.03233039734825,0.0006893379136136,0.0006848660951816
1.25e-05,241,-1.31850359758453,2.53776617772,0.391259829922494,0.170910607981305,1.21926258013547,0.0006933260556707,0.0006889323891926
1.25e-05,242,-1.09749763244867,2.65555662746565,-0.0142802064662416,0.274600746388784,1.55805899501697,0.0006900889007556,0.0006878227902067
1.25e-05,243,-1.58622602652176,2.56519906079596,0.199201929245944,-0.198027862258154,0.978973034274202,0.0006893259812361,0.0006882639708903
1.25e-05,244,-1.04800871800654,2.67925101750743,0.0330328849390766,0.10351179081413,1.63124229950089,0.0006899415250232,0.0006848729034805
1.25e-05,247,-1.68913497201816,2.63212166295071,0.414961282010757,0.39197223683712,0.942986690932559,0.0006893581738852,0.0006878069895231
1.25e-05,248,-1.54063185697826,2.65873147731871,-0.281782764467068,0.236621289380061,1.11809962034045,0.0006902853851102,0.0006878368612374
1.25e-05,250,-1.12952796525886,2.79048204491655,-0.348254106207153,0.435810348772485,1.66095407965769,0.0006919847952176,0.0006893721340502
1.22e-05,1,-1.31174599887491,2.4805210746738,-0.239788632064246,0.188396704926908,1.16877507579889,94.5876592130467,0.0152970740946016
1.22e-05,2,-1.30599369034217,2.7224430807328,0.409304146406049,-0.41627586689109,1.41644939039064,0.0152894380120168,0.0152247302247172
1.22e-05,3,-2.52790066194371,2.76488450166602,-0.208483071848808,-0.0281570251623863,0.236983839722309,0.0151400129069972,0.0143146704832106
1.22e-05,4,-1.43665640403064,2.64498810868677,-0.462252683032567,-0.348389362069524,1.20833170465612,0.0152422305880141,0.0150687370518763
1.22e-05,5,-1.06249904566088,2.42851400344641,0.15579627989972,-0.116277825280546,1.36601495778553,0.0151892220765275,0.0149536438396278
1.22e-05,6,-1.32103058190807,2.76553411249921,-0.237119298010674,0.265432216744772,1.44450353059114,0.0154642689954051,0.0151873146206071
1.22e-05,7,-1.70943378931667,2.6199678085075,-0.427031667074312,-0.308706825797893,0.91053401919083,0.0151915904437363,0.0150733366608129
1.22e-05,10,-0.882843134184752,2.48032504041287,-0.189852778909198,-0.266151630914522,1.59748190622812,0.0153651834967381,0.0150727490352795
1.22e-05,11,-1.43990343174956,2.57201484351658,-0.190518420805133,-0.432326463342017,1.13211141176702,0.0152610580283018,0.0152108557967229
1.22e-05,12,-2.05275232790298,2.73706170863463,-0.27650568574416,-0.266852696381913,0.684309380731651,0.0152003454675745,0.0150948478323255
1.22e-05,13,-2.02670711920039,2.75764007300655,0.475604968589112,-0.24825553571747,0.730932953806155,0.0152290081776345,0.0151449074879896
1.22e-05,15,-2.56852780698915,2.77780953772779,0.10102587748869,-0.284133602340511,0.209281730738638,152.64647070369,0.0154608882460967
1.22e-05,16,-2.39503766786455,2.72637299927317,0.0239931674646672,0.047967796793928,0.331335331408624,0.0148756333251045,0.0146650576334098
1.22e-05,17,-0.776203558130274,2.35349840953592,0.120278817100843,-0.443052051301552,1.57729485140565,0.0152543897682182,0.0151903253935311
1.22e-05,18,-1.58745869495817,2.52930096758236,-0.409681439700927,0.153943672179926,0.941842272624187,0.015189299183398,0.0151582350390527
1.22e-05,22,-1.82621206113259,2.61569717287285,-0.209256134109326,0.342588379433667,0.789485111740262,0.0153075038320048,0.0152192062925009
1.22e-05,23,-0.813847780611057,2.38539584497163,0.114770953156262,0.305503111259863,1.57154806436057,87.5315680195472,0.0150726375916967
1.22e-05,24,-0.823639893826853,2.44441490117458,0.153602952535226,-0.176060879839284,1.62077500734772,0.015193794237447,0.0148020116376453
1.22e-05,25,-0.860279303560866,2.48221172427813,0.0388193672496691,0.483162289911408,1.62193242071726,0.0152431224902856,0.0151892687099469
1.22e-05,26,-1.38243212598604,2.61738634328205,-0.428793282458767,-0.382093688179716,1.23495421729602,0.0152389005577293,0.0151906379824823
1.22e-05,28,-1.11618371113177,2.57679868230356,0.126463855254056,-0.0813948143280849,1.46061497117179,0.0150691412326867,0.0142936091397247
1.22e-05,29,-1.18298513729317,2.67937947794852,-0.0921399744090866,-0.207403556376057,1.49639434065536,0.0152426850681101,0.015076300627068
1.22e-05,30,-1.58028934131385,2.69100547268859,0.205034522263333,0.0517900635794957,1.11071613137474,0.0148830624416997,0.0143139259162746
1.22e-05,31,-1.64504610329383,2.63002032266095,-0.215459389727944,-0.150735094152361,0.98497421936712,0.0150690213875849,0.0148027346488648
1.22e-05,32,-1.29969114198075,2.62515608725726,-0.433831278274819,0.180265628728575,1.32546494527651,0.0151892342462455,0.0150687948860692
1.22e-05,33,-1.45729912418243,2.65500260291152,0.151319897226239,0.255714133601085,1.19770347872909,0.0152480780911145,0.0150703637076287
1.22e-05,34,-1.29140971976854,2.80239086513111,-0.393611594585923,-0.237176973787611,1.51098114536258,0.0153304914466004,0.0151978891379637
1.22e-05,35,-1.52123653757335,2.56829289274437,0.372948730409002,-0.131866410018862,1.04705635517103,0.0152002714065169,0.0150960572737993
1.22e-05,36,-1.84460955177425,2.75418685367173,-0.160506084940057,-0.240608392579144,0.909577301897487,0.0153022149205334,0.0151704898979261
1.22e-05,38,-0.906835067332574,2.58116156744788,-0.334122075337465,-0.138511570034752,1.67432650011531,0.0154341095772032,0.0150696912916366
1.22e-05,39,-1.49373906384364,2.72025721947252,-0.0518713005348405,0.355624566175877,1.22651815562889,0.0154697714851004,0.0151354135657708
1.22e-05,40,-2.47181607572867,2.74086113913133,0.378697583826076,0.392426177536039,0.269045063402663,0.0152694512751333,0.0152906682596807
1.22e-05,41,-1.27329373936215,2.46870237545825,-0.457994232581188,0.196375849870566,1.1954086360961,148.80137589535,0.015409685441939
1.22e-05,42,-1.16056503543681,2.50253323576692,0.275315753880376,-0.109437897572968,1.34196820033011,0.0152689999485908,0.0149066463367555
1.22e-05,43,-1.27983382474272,2.71268605232612,-0.232333240230557,-0.232248334460458,1.4328522275834,0.0152773644089004,0.0151006520905047
1.22e-05,44,-2.5798067575612,2.75395324789479,-0.170457866476118,-0.252124427676049,0.174146490333589,0.0152443532412536,0.015201848150967
1.22e-05,45,-0.94169076952095,2.52236361370327,0.489333286828275,0.352736745731932,1.58067284418232,0.0152874141345281,0.015189585810254
1.22e-05,46,-2.17463615604013,2.69866970373507,0.15577730178418,-0.34145846440839,0.524033547694942,0.0151988668959748,0.0151260382292834
1.22e-05,47,-1.73530510464831,2.64661696817117,-0.469602585188474,-0.162098574224937,0.911311863522862,0.0151921563548584,0.0150678681213262
1.22e-05,49,-1.69674525253665,2.6162596650048,0.109693569374039,-0.461868385908527,0.919514412468156,0.0152410566611869,0.0151948190942495
1.22e-05,50,-0.826073345396043,2.44293079487156,0.0102159340784042,0.0550852504728198,1.61685744947552,0.0150677598314296,0.0142902556217913
1.22e-05,51,-1.99731204156039,2.71640577854066,-0.0574109766755413,-0.302419055649523,0.719093736980274,0.0151950949484155,0.0150764442243228
1.22e-05,52,-1.40223230538363,2.70184850425875,0.251148367822583,-0.150672964024089,1.29961619887512,0.0152721333414097,0.0148378155547411
1.22e-05,53,-1.44670585788884,2.47705707370837,-0.427237623760373,0.208151687740601,1.03035121581952,0.0153655317285281,0.0152725193453267
1.22e-05,54,-1.15512526002475,2.81203537140393,0.204085668642335,0.16994918100308,1.65691011137918,0.0152280438706006,0.0150835431600217
1.22e-05,56,-1.68422606723093,2.54094503983765,-0.391028370696084,0.198598286727039,0.856718972606728,0.0152936174239808,0.0151860025763526
1.22e-05,58,-1.67313633441981,2.68037998581984,-0.466606795134143,-0.298815857833348,1.00724365140003,0.0152084297443202,0.0150789694191503
1.22e-05,59,-1.2369810213246,2.49846487692176,0.080418165780147,-0.479232113289609,1.26148385559716,0.0156710699275594,0.0153104487399988
1.22e-05,60,-1.22723716340486,2.48257990332198,-0.280199288038076,-0.0767408572341708,1.25534273991712,47.3604330049839,0.0150269809420656
1.22e-05,62,-1.10159364015925,2.60206480502066,0.134050508306719,-0.284546723044357,1.50047116486141,0.0152408791071086,0.0150677634127224
1.22e-05,65,-1.73029114148935,2.76031804098348,-0.32734259890241,0.355347668683623,1.03002689949413,44.5902651853774,0.0153489901724867
1.22e-05,66,-2.02677481618678,2.73425270227393,0.309103216823046,-0.231445893790321,0.707477886087157,0.0152013273828491,0.0150929929127541
1.22e-05,67,-2.13583290874701,2.69721964247726,0.218237994981284,0.039418192753467,0.561386733730251,0.0150910656839313,0.0148380265377357
1.22e-05,69,-1.0874207253619,2.46413864868405,-0.070117241875152,0.397614008342385,1.37671792332215,0.0152470214257342,0.0152782184229954
1.22e-05,70,-1.0415113604623,2.50394753652904,-0.371062694580183,-0.464289050971857,1.46243617606674,0.0152902082276195,0.015194962868167
1.22e-05,71,-1.07949676618896,2.54294307587013,0.0491556907902392,-0.421193301954593,1.46344630968117,0.0152483676923543,0.0151944434871678
1.22e-05,73,-2.14913323155258,2.7374488002679,0.479450763112824,0.132710309966193,0.588315568715316,0.0152094149569474,0.015079195407377
1.22e-05,74,-1.40175044700545,2.54037788331075,-0.0734471457583603,0.230532021005362,1.1386274363053,0.0153462191332164,0.0151348281517753
1.22e-05,75,-1.8722907740632,2.63390649982314,0.222762032839697,0.130687188312316,0.761615725759939,0.0151506756688756,0.0148292525573912
1.22e-05,76,-1.38684923796645,2.82046220908899,-0.462002162695258,-0.0744657022788004,1.43361297112254,164.653315300256,0.0161010959009058
1.22e-05,77,-1.24868719361893,2.48405398268713,-0.16452338943913,0.0683051045948369,1.2353667890682,71.375787492844,0.0145401425739376
1.22e-05,78,-1.27399242745674,2.70797603967406,0.0502955231831296,0.0255407311257162,1.43398361221732,0.0148571857699081,0.0139917560629914
1.22e-05,79,-1.2975479917871,2.5563027533187,0.125667180631593,-0.410142081999953,1.2587547615316,0.0152890719785313,0.0152276748831661
1.22e-05,80,-1.77253335815101,2.76704272851539,-0.282742599506135,-0.0103099578391185,0.994509370364386,37.1794074046939,0.0145228137961367
1.22e-05,82,-0.783325290804284,2.35227998918874,0.292902278329636,0.431607495147661,1.56895469838446,0.0153074002228274,0.0151902894675783
1.22e-05,84,-1.28622776003795,2.57243681254546,0.279104187338647,0.102049543549351,1.2862090525075,0.0152423092333245,0.0148347009393267
1.22e-05,85,-1.68147888934516,2.63793720843697,0.224789301195435,0.161476768856287,0.956458319091809,0.0150729927425366,0.0148022256407469
1.22e-05,87,-1.14613596785089,2.59768868016106,-0.111572778772143,0.0070476590476781,1.45155271231016,0.0148026160614201,0.0139770246798142
1.22e-05,88,-1.59075254515918,2.59230335383506,-0.238933200104671,0.256483849099917,1.00155080867588,0.0152394796584618,0.0150817972524288
1.22e-05,89,-0.705923374805154,2.20789485197575,0.238191897324499,0.373999425537894,1.50197147717059,0.0152398005953631,0.0151890061986537
1.22e-05,90,-2.09259545938514,2.79990367110683,0.0379230312678858,0.139601748513116,0.707308211721682,39.2634854698678,0.016428926014263
1.22e-05,91,-1.46025827886375,2.68287104992512,0.228822180092745,0.0070029904961719,1.22261277106138,0.0148644076681208,0.014306988216986
1.22e-05,92,-1.25789038370721,2.72501397077461,-0.387302139561675,-0.148684454746824,1.46712358706739,0.0152353186511477,0.0151075007121305
1.22e-05,93,-1.59213631759879,2.67303144863922,0.0697078505699332,0.0414293943049967,1.08089513104043,0.0143206182701947,0.0139817296817739
1.22e-05,94,-1.90427196076202,2.64898678430836,0.484018150196361,0.13153690974266,0.74471482354634,0.0152492178590474,0.0150837171475887
1.22e-05,95,-1.32647504997025,2.52785970381567,-0.0824771938924697,-0.0283569028982764,1.20138465384542,0.0151011650341612,0.0140418598054678
1.22e-05,97,-1.6938420676447,2.53825503806358,0.0527474475967035,-0.331398308762448,0.844412970418883,0.0154475290008024,0.0152017447593622
1.22e-05,98,-1.27825177051902,2.5906337815159,-0.481651338326367,0.118022278681512,1.31238201099688,0.0152067171614931,0.0148173130734803
1.22e-05,99,-1.31918282875032,2.60887819791727,-0.13354335366002,0.192030695153113,1.28969536916695,0.0151970498237254,0.0150739108783711
1.22e-05,100,-2.01461111894373,2.79008558773093,-0.0723070908837954,0.0471151083286355,0.775474468787192,0.0158617714495736,0.0146863141548646
1.22e-05,101,-1.45434530298406,2.74060592223286,0.498844827184631,0.323209942180636,1.2862606192488,0.0175726202416637,0.0151809463732453
1.22e-05,102,-1.55130878139194,2.54739103803006,-0.0986745560587761,-0.388953612708102,0.996082256638122,0.0152426206440758,0.0152340344430215
1.22e-05,103,-1.45233620224,2.71690555389695,-0.38772724167109,-0.44703359439029,1.26456935165695,0.0153633457167446,0.0152396056946467
1.22e-05,105,-1.20765440636221,2.51980531313015,0.337562734676324,-0.132000338551904,1.31215090676794,0.0153156479854666,0.014899962478267
1.22e-05,106,-1.92351507352395,2.68134334052078,0.0555186667025958,0.490198490462357,0.757828266996827,0.0152560298178398,0.0151887775209084
1.22e-05,108,-1.84567240235975,2.79337734248983,-0.15314298907111,-0.193542268649549,0.947704940130078,161.254540924592,0.0160246203747184
1.22e-05,109,-1.98899134043098,2.78064566211981,-0.435334456149429,-0.235889609820924,0.791654321688826,0.0154053068606329,0.0152561769776982
1.22e-05,110,-2.72078503854386,2.76391999531849,0.0325148697565201,0.421797756503509,0.0431349567746269,0.0152854877738602,0.0151988157680427
1.22e-05,113,-1.41190579558935,2.74548463895197,0.475543193723953,-0.371845015436867,1.33357884336263,0.016099150893146,0.0152758577708971
1.22e-05,114,-1.40107163084008,2.65806800804351,0.116712330767135,0.381890964948087,1.25699637720343,0.0152490736311883,0.0151917533400535
1.22e-05,115,-1.81438391367044,2.78566090103223,-0.124116045204326,0.389226891584987,0.971276987361788,148.025908505848,0.0158382289974198
1.22e-05,116,-1.3925518996251,2.61171939494871,0.415251884030758,-0.455667749197719,1.21916749532361,0.0152427945752048,0.0151924292736693
1.22e-05,117,-0.909052830627916,2.55582378292562,0.299947048584882,0.394465379315091,1.64677095229771,0.0152540066797732,0.0151892067905472
1.22e-05,118,-0.87082573899567,2.5493484471837,-0.295735241666995,-0.386256980586276,1.67852270818803,9.50087509363573,0.0151936159181978
1.22e-05,119,-1.6494708750338,2.70732188146528,-0.335960052923587,-0.151611939897943,1.05785100643149,0.0151549374626294,0.0148454742627461
1.22e-05,120,-1.1819963651877,2.44821906924767,-0.288479482255773,0.213281722382236,1.26622270405997,102.566355747457,0.0156465472870166
1.22e-05,122,-1.43487104006422,2.73442717313526,-0.30724567811296,0.271818212102641,1.29955613307103,0.0157727259889572,0.0151577559799452
1.22e-05,123,-1.33237870721721,2.58397409839989,0.477723511872644,-0.168023047838767,1.25159539118268,0.0152201499515583,0.0150881037419652
1.22e-05,124,-1.08828095928013,2.48040485081598,-0.486322348895356,-0.307519232229578,1.39212389153584,0.0152412399785952,0.0152360997546941
1.22e-05,125,-1.79261860796816,2.57678945591146,-0.249195867499104,0.0948252892737712,0.784170847943306,11.6410143590771,0.0149259008098606
1.22e-05,127,-1.09823044341681,2.8070626227741,-0.269182214812218,-0.250230987140685,1.70883217935729,65.6324023051305,0.0151913474587339
1.22e-05,130,-1.63028813167327,2.51511409935569,-0.224077446931897,0.396437435718737,0.884825967682422,0.0152939264000587,0.0153312735036321
1.22e-05,131,-1.29391229592107,2.64461641778713,0.270489358501296,0.130052202149628,1.35070412186606,0.0151908097229375,0.014802172706241
1.22e-05,132,-1.10377107512803,2.55334960437214,0.0455743467454452,-0.333266752194657,1.4495785292441,0.0152408870764878,0.0151961232411914
1.22e-05,133,-1.51681376761153,2.68036827819482,0.188866484425556,-0.391850401986737,1.16355451058329,0.0152746889660005,0.0152035774263232
1.22e-05,134,-1.29839874618078,2.55980763762983,0.162496873184278,-0.347171822274108,1.26140889144905,0.0152944564516655,0.0152249302979588
1.22e-05,135,-2.54834122308937,2.74409841066305,0.0373577492268772,0.182721177735303,0.195757187573682,0.0153401509358379,0.0152640923112818
1.22e-05,136,-1.35376639981996,2.73971720645257,0.264400111389306,-0.174002081464397,1.38595080663261,0.0153545832203968,0.0151434797065675
1.22e-05,139,-1.27972272895476,2.59314084739493,0.255874151178387,-0.348866000151106,1.31341811844017,0.0152495913591335,0.0151996247735021
1.22e-05,140,-1.97746386981358,2.71225724785773,-0.49144522988183,0.395147158971728,0.734793378044145,0.015249708155294,0.0151949404756804
1.22e-05,141,-1.16010381548297,2.71217374712136,-0.119424058621893,-0.0062112297435919,1.55206993163839,0.0142910368838313,0.0139930732376672
1.22e-05,142,-2.00501531665812,2.76680205197586,0.394054612702145,0.428145220895642,0.761786735317742,0.0153386203241908,0.0151943819642581
1.22e-05,143,-0.893398269020823,2.53724144028212,0.473379195775117,-0.455141663814614,1.6438431712613,0.0152629694943992,0.0151893188381221
1.22e-05,144,-1.82145022615016,2.58552797396271,-0.426615983347991,-0.267676210468072,0.764077747812554,54.761776498734,0.0151765864524749
1.22e-05,145,-1.49958887533145,2.7298126728597,-0.153997587027724,-0.0811293377539528,1.23022379752825,0.0156360234674806,0.0143808080382104
1.22e-05,146,-2.00568605182,2.71214779863612,-0.0478609448775525,0.0518799421186391,0.706461746816122,0.0148143419099798,0.0142941536136971
1.22e-05,147,-1.89347196667711,2.67235643801744,0.482447357047075,-0.285691737838168,0.778884471340337,0.0152476817482182,0.0151893021176159
1.22e-05,148,-1.21632760433453,2.44690661345997,-0.0120423602092512,0.374579516387342,1.23057900912543,193.972703614955,0.0163137368262877
1.22e-05,149,-1.75520115776082,2.56454729857835,0.389285462074263,0.224362706563218,0.809346140817533,0.015847442517595,0.0151765242543791
1.22e-05,151,-1.15018342928263,2.48639951664703,0.385228984211173,-0.327244606009277,1.33621608736439,0.0153119114154308,0.0151833120311215
1.22e-05,152,-1.07553921245508,2.679826782138,-0.226796493949768,-0.307209564180894,1.60428756968291,0.0152520901745813,0.0151909646216814
1.22e-05,153,-1.57956209529439,2.70810117838349,-0.0948178961990389,-0.208414626487805,1.1285390830891,0.0152983508099064,0.0151128946770861
1.22e-05,154,-1.3109170416516,2.6837266483403,0.0800435552980984,-0.482365170947654,1.37280960668871,0.0152553604587896,0.0152010419261067
1.22e-05,158,-2.00962248519486,2.67930264881926,-0.0333656300498129,-0.327139475011273,0.669680163624407,0.0152110154756944,0.0150767053825592
1.22e-05,159,-0.986902035145163,2.56527747319814,-0.0626387084373853,0.482468845786694,1.57837543805298,0.0152551266548909,0.0151893791333262
1.22e-05,161,-0.993691776141858,2.68550225499585,-0.0146271048308058,-0.408035432682486,1.69181047885399,26.0388995770928,0.0151944864631211
1.22e-05,162,-1.08169535152156,2.70614588194544,-0.448760458853575,-0.196301530871053,1.62445053042388,0.0152718771776128,0.015071174873177
1.22e-05,163,-1.87352265666087,2.73925853737595,-0.0351296294007729,0.320767221139798,0.865735880715077,0.0152646280735795,0.0151287295668708
1.22e-05,164,-1.70144755529807,2.6862784667626,0.316621524292736,-0.289925804913219,0.984830911464532,0.0152586682532851,0.01508102377865
1.22e-05,166,-2.31708196464737,2.71806351468044,-0.264157001056725,-0.0223064993057084,0.400981550033066,0.0150754294077565,0.0149811044569093
1.22e-05,167,-2.02308546956384,2.71772762471561,0.403929052846088,-0.189991035430079,0.694642155151766,0.0151977945378815,0.0150744200277895
1.22e-05,168,-1.12039217801741,2.53020699305493,-0.0038465607158062,0.234867466969133,1.40981481503752,0.0152409770286834,0.0150988259395861
1.22e-05,169,-1.70572680319773,2.71442683065085,-0.426107854786466,0.246245851926862,1.00870002745312,0.0152713319639881,0.0151103055887305
1.22e-05,170,-1.9462802108028,2.66366638191904,0.293960345907922,0.352803983276472,0.717386171116247,0.015240910536373,0.0150791107516985
1.22e-05,171,-1.57985852087596,2.6596672583757,-0.273103660043777,0.0115877622667807,1.07980873749973,0.0148181786594571,0.0142939150026979
1.22e-05,172,-1.63462369995135,2.70361305765884,0.2422223837868,0.341420691941333,1.0689893577075,0.0153267262596694,0.0151052393553235
1.22e-05,173,-1.37202277481549,2.69832474460203,0.040209077901909,-0.481832179072833,1.32630196978654,0.015274434796906,0.0152132951759823
1.22e-05,174,-1.42209686674632,2.7487194574731,0.480391204593076,-0.425529201131464,1.32662259072678,0.0167727433983366,0.0152833739019628
1.22e-05,176,-0.941126093595506,2.56046224189313,0.158842899965502,-0.305641530550571,1.61933614829762,0.0152378428752705,0.0150680462887211
1.22e-05,178,-1.25330980243372,2.49760488209972,-0.3350932561533,0.362344060316856,1.24429507966601,11.195563360561,0.0153375314819764
1.22e-05,179,-1.12195230147442,2.59234237047212,0.219683153082689,-0.293168418934855,1.47039006899769,0.0152391347418784,0.0150690787123412
1.22e-05,180,-1.772960406944,2.77146171157728,-0.285654439936326,0.23067854448492,0.998501304633272,75.5891140206066,0.0152991485505146
1.22e-05,181,-1.14349939166211,2.67573432274146,0.0604225186158683,0.370642037414964,1.53223493107936,0.0152418080437229,0.015195320932951
1.22e-05,182,-1.17759296380775,2.73522890153808,0.04288243229793,0.0466683024985755,1.55763593773033,0.0148052476755983,0.0143131195895477
1.22e-05,183,-0.672677015886234,2.14819572185584,-0.435228639517163,-0.128448132956347,1.47551870596961,63.9119568247083,0.0151891088579575
1.22e-05,184,-0.935328702410401,2.59686887718957,-0.349045212588354,-0.494478521598009,1.66154017477917,0.0152992262420851,0.0151895475365484
1.22e-05,185,-1.05388043874081,2.47466194662376,-0.164442599957999,-0.0664763523992123,1.42078150788295,0.0152179902547095,0.0148423983308803
1.22e-05,186,-1.30576529100946,2.67876239724371,-0.0332941150784024,0.127130630581387,1.37299710623425,0.0152148280758894,0.0148133823628043
1.22e-05,187,-0.77230919585099,2.37529452473132,0.455530642942875,-0.0924980187669825,1.60298532888033,0.0155159211443406,0.0148051836085759
1.22e-05,190,-1.27676750449721,2.69826670781687,0.25553353433934,0.104736509846741,1.42149920331965,0.0152278856592946,0.0148243936604031
1.22e-05,192,-1.60761504691229,2.58855056967667,0.376652606102746,-0.401845243291638,0.980935522764371,0.0152382840503455,0.0152032305690232
1.22e-05,193,-1.35768141965183,2.82039461633521,0.297777962804918,-0.187539157450823,1.46271319668338,65.7937066527848,0.0155508756430627
1.22e-05,194,-1.43395625268092,2.55890915869768,0.281950737425929,-0.327536133148117,1.12495290601676,0.0152763528044454,0.015222951169559
1.22e-05,195,-1.15264532133604,2.47272883317064,0.173435901499185,0.477868884794167,1.32008351183461,0.0153683131120038,0.0153486489902686
1.22e-05,196,-1.02546115190373,2.664930670388,0.312562710390873,-0.468180708975089,1.63946951848427,0.0152866740040337,0.0151890367212165
1.22e-05,200,-2.34251475050232,2.76267236834715,0.173999426956082,0.0793473728512207,0.420157617844829,0.0151436585163229,0.0148534882728257
1.22e-05,202,-1.40606271562574,2.67771402641321,-0.157279870222021,-0.0375202875647858,1.27165131078747,0.0148466153364218,0.0143020831186237
1.22e-05,204,-0.974491913307062,2.44725999445084,-0.432373672362327,-0.0132965240737363,1.47276808114377,134.209712056897,0.0148064661172466
1.22e-05,205,-1.53312473199488,2.70782310556571,0.194203889062652,0.239659685195577,1.17469837357083,0.0153366234316739,0.0151148468595782
1.22e-05,206,-1.81569556086176,2.77444264264414,-0.205676145767377,0.380137471445327,0.958747081782383,56.9278749722745,0.0154167080666338
1.22e-05,207,-1.09630285418147,2.52886057841314,-0.003985454744542,0.0541792464226283,1.43255772423167,0.0150686431643018,0.0143089887244568
1.22e-05,208,-1.2538386591911,2.79281295483649,-0.362403848828886,0.25003753754066,1.5389742956454,0.0153042681525129,0.0151706093688457
1.22e-05,209,-1.52875758306452,2.64436124694223,-0.253316134612443,0.0865556143421731,1.11560366387771,0.0150723254919526,0.0148025854746808
1.22e-05,210,-2.25807402607791,2.76850110730779,-0.386844217246281,-0.109526526147011,0.510427081229881,0.0152697631999113,0.015169767466545
1.22e-05,211,-1.43987964088565,2.694055496788,0.449434521204899,0.0111119129844214,1.25417585590235,0.0151522900122945,0.014830849254958
1.22e-05,212,-1.65085361007986,2.74133059209136,-0.173204022924959,0.248758515872964,1.0904769820115,0.0163938541857596,0.0151816746720645
1.22e-05,215,-1.35335280192078,2.44276217349181,-0.201963139202902,0.244882286799955,1.08940937157103,127.081294455532,0.016220479676723
1.22e-05,216,-1.05854273637752,2.70586040127237,0.321809052887251,-0.163769864179401,1.64731766489485,0.01529006290177,0.0148022952589899
1.22e-05,217,-1.05931510512494,2.7690019209125,0.474151935429478,-0.430627680060533,1.70968681578756,130.826245158723,0.0151971985289727
1.22e-05,218,-0.90953592880909,2.53344609653941,0.412512609539107,-0.366402440103984,1.62391016773032,0.0152380137328142,0.0150679981266794
1.22e-05,219,-0.919825177399526,2.62618827802309,-0.148339086880026,0.222449556129821,1.70636310062357,182.616416262852,0.0150796581726038
1.22e-05,220,-1.11984853432164,2.57920332046455,-0.33192685269562,0.167723003177913,1.45935478614291,0.0151910056528701,0.0148056870128619
1.22e-05,221,-1.20397324404574,2.81854590555081,-0.22637803261781,-0.273489457530502,1.61457266150506,0.0152447994837473,0.0152197704793169
1.22e-05,223,-0.989876353462674,2.49310626440791,-0.0827580013372335,-0.157464930851701,1.50322991094523,0.0156747601346936,0.015068327972882
1.22e-05,224,-1.54856225444735,2.4980479451593,0.345616766889575,0.429490612089751,0.949485690711956,0.0152384914808727,0.0153237079093934
1.22e-05,225,-2.66911876902963,2.76636862923864,0.365170985805021,0.0661557818056465,0.0972498602090046,0.0152050157975826,0.0148421595466696
1.22e-05,226,-1.59543517854277,2.75214363802798,-0.405637332184077,-0.466042737982534,1.1567084594852,68.6321668996386,0.0153185597671585
1.22e-05,227,-1.43386214052152,2.49265635302357,-0.499600307410675,-0.0533316925226187,1.05879421250206,0.0153481985727528,0.015218303029301
1.22e-05,228,-2.53330456203335,2.76891365935576,0.248979633293827,-0.254536741980559,0.235609097322408,0.0153215144768675,0.0151421701911471
1.22e-05,229,-1.14727615299766,2.61075071850943,-0.0141502690834626,-0.382199208238521,1.46347456551177,0.015240926215116,0.0151890929242538
1.22e-05,230,-1.20830526913568,2.6543282307962,-0.407363537276584,0.367763914115314,1.44602296166051,0.0152438530125386,0.0151910730228238
1.22e-05,231,-1.31349721464301,2.73311332613498,0.492494676896073,-0.146747005820093,1.41961611149197,0.0152843788614395,0.0148639946108279
1.22e-05,232,-1.00066414020852,2.71432232769022,0.371478941985113,0.182829170439742,1.7136581874817,185.964823637388,0.0150771357187848
1.22e-05,233,-1.6941499355097,2.70719117092271,-0.0464746579516995,-0.0919697713305563,1.01304123541301,0.0151375690220602,0.0143243741916256
1.22e-05,234,-1.40388468773706,2.5857418483531,-0.0248118620191177,-0.37462929441208,1.18185716061604,0.0152553477613212,0.0152032932777793
1.22e-05,236,-1.80240411681919,2.64374515103576,0.189007510845079,0.137361391175909,0.84134103421657,0.0150849592256322,0.0148055088492992
1.22e-05,237,-2.11514623146023,2.69260766916879,0.289616069716998,-0.223655992604453,0.577461437708566,0.0152106525831116,0.0150982823337437
1.22e-05,238,-1.60138183718445,2.6337122345327,0.483898036360018,0.0922488153893509,1.03233039734825,0.0151919763756276,0.0148020201935097
1.22e-05,241,-1.31850359758453,2.53776617772,0.391259829922494,0.170910607981305,1.21926258013547,0.0153781710362007,0.0151452108513668
1.22e-05,242,-1.09749763244867,2.65555662746565,-0.0142802064662416,0.274600746388784,1.55805899501697,0.0152382228150846,0.0150704162856965
1.22e-05,243,-1.58622602652176,2.56519906079596,0.199201929245944,-0.198027862258154,0.978973034274202,0.0151897772274632,0.0151019620446476
1.22e-05,244,-1.04800871800654,2.67925101750743,0.0330328849390766,0.10351179081413,1.63124229950089,0.0152247802259649,0.014802615215414
1.22e-05,247,-1.68913497201816,2.63212166295071,0.414961282010757,0.39197223683712,0.942986690932559,0.0151951745186507,0.0150687713295012
1.22e-05,248,-1.54063185697826,2.65873147731871,-0.281782764467068,0.236621289380061,1.11809962034045,0.0152497913893682,0.0150714842765006
1.22e-05,250,-1.12952796525886,2.79048204491655,-0.348254106207153,0.435810348772485,1.66095407965769,0.0152726157217927,0.0152011856960344
1.23e-05,1,-1.31174599887491,2.4805210746738,-0.239788632064246,0.188396704926908,1.16877507579889,94.5273246228524,0.0008366970312613
1.23e-05,2,-1.30599369034217,2.7224430807328,0.409304146406049,-0.41627586689109,1.41644939039064,0.000835171754347,0.0008333344863257
1.23e-05,3,-2.52790066194371,2.76488450166602,-0.208483071848808,-0.0281570251623863,0.236983839722309,0.0008314350174141,0.000813444184533
1.23e-05,4,-1.43665640403064,2.64498810868677,-0.462252683032567,-0.348389362069524,1.20833170465612,0.0008336614197578,0.0008299105970728
1.23e-05,5,-1.06249904566088,2.42851400344641,0.15579627989972,-0.116277825280546,1.36601495778553,0.0008324547327583,0.0008281193550594
1.23e-05,6,-1.32103058190807,2.76553411249921,-0.237119298010674,0.265432216744772,1.44450353059114,0.0008392831334512,0.0008326316092261
1.23e-05,7,-1.70943378931667,2.6199678085075,-0.427031667074312,-0.308706825797893,0.91053401919083,0.0008325218668478,0.0008300185734664
1.23e-05,10,-0.882843134184752,2.48032504041287,-0.189852778909198,-0.266151630914522,1.59748190622812,0.000836509116917,0.0008299836001145
1.23e-05,11,-1.43990343174956,2.57201484351658,-0.190518420805133,-0.432326463342017,1.13211141176702,0.0008341543707404,0.0008329447593837
1.23e-05,12,-2.05275232790298,2.73706170863463,-0.27650568574416,-0.266852696381913,0.684309380731651,0.000832721718103,0.0008304619301803
1.23e-05,13,-2.02670711920039,2.75764007300655,0.475604968589112,-0.24825553571747,0.730932953806155,0.0008335343626664,0.0008317564877877
1.23e-05,15,-2.56852780698915,2.77780953772779,0.10102587748869,-0.284133602340511,0.209281730738638,152.54313869164,0.000840116059979
1.23e-05,16,-2.39503766786455,2.72637299927317,0.0239931674646672,0.047967796793928,0.331335331408624,0.0008259566072493,0.0008247694618023
1.23e-05,17,-0.776203558130274,2.35349840953592,0.120278817100843,-0.443052051301552,1.57729485140565,0.0008341835189294,0.0008324747126179
1.23e-05,18,-1.58745869495817,2.52930096758236,-0.409681439700927,0.153943672179926,0.941842272624187,0.0008324496090346,0.0008320753400859
1.23e-05,22,-1.82621206113259,2.61569717287285,-0.209256134109326,0.342588379433667,0.789485111740262,0.0008351635008638,0.000833136687073
1.23e-05,23,-0.813847780611057,2.38539584497163,0.114770953156262,0.305503111259863,1.57154806436057,87.4490626245226,0.0008300133940569
1.23e-05,24,-0.823639893826853,2.44441490117458,0.153602952535226,-0.176060879839284,1.62077500734772,0.000832531087468,0.0008243074800004
1.23e-05,25,-0.860279303560866,2.48221172427813,0.0388193672496691,0.483162289911408,1.62193242071726,0.0008339267336621,0.0008324567495914
1.23e-05,26,-1.38243212598604,2.61738634328205,-0.428793282458767,-0.382093688179716,1.23495421729602,0.0008335870025695,0.0008324866877114
1.23e-05,28,-1.11618371113177,2.57679868230356,0.126463855254056,-0.0813948143280849,1.46061497117179,0.0008299249092562,0.0008129550570434
1.23e-05,29,-1.18298513729317,2.67937947794852,-0.0921399744090866,-0.207403556376057,1.49639434065536,0.0008336863976002,0.0008300772736929
1.23e-05,30,-1.58028934131385,2.69100547268859,0.205034522263333,0.0517900635794957,1.11071613137474,0.000826178005915,0.0008134545915385
1.23e-05,31,-1.64504610329383,2.63002032266095,-0.215459389727944,-0.150735094152361,0.98497421936712,0.0008299231668948,0.0008243239956895
1.23e-05,32,-1.29969114198075,2.62515608725726,-0.433831278274819,0.180265628728575,1.32546494527651,0.0008324556147325,0.0008299155683369
1.23e-05,33,-1.45729912418243,2.65500260291152,0.151319897226239,0.255714133601085,1.19770347872909,0.00083378717221,0.0008299475010312
1.23e-05,34,-1.29140971976854,2.80239086513111,-0.393611594585923,-0.237176973787611,1.51098114536258,0.000836675875036,0.0008334392741505
1.23e-05,35,-1.52123653757335,2.56829289274437,0.372948730409002,-0.131866410018862,1.04705635517103,0.0008327119052207,0.0008305106646776
1.23e-05,36,-1.84460955177425,2.75418685367173,-0.160506084940057,-0.240608392579144,0.909577301897487,0.0008359802599293,0.0008324501355615
1.23e-05,38,-0.906835067332574,2.58116156744788,-0.334122075337465,-0.138511570034752,1.67432650011531,0.0008402434816152,0.0008299424208575
1.23e-05,39,-1.49373906384364,2.72025721947252,-0.0518713005348405,0.355624566175877,1.22651815562889,0.0008394054330347,0.0008313941937441
1.23e-05,40,-2.47181607572867,2.74086113913133,0.378697583826076,0.392426177536039,0.269045063402663,0.0008336600452869,0.0008342874057425
1.23e-05,41,-1.27329373936215,2.46870237545825,-0.457994232581188,0.196375849870566,1.1954086360961,148.797236089038,0.0008411633171249
1.23e-05,42,-1.16056503543681,2.50253323576692,0.275315753880376,-0.109437897572968,1.34196820033011,0.000834304867546,0.0008267850765873
1.23e-05,43,-1.27983382474272,2.71268605232612,-0.232333240230557,-0.232248334460458,1.4328522275834,0.0008346082412436,0.0008306283570519
1.23e-05,44,-2.5798067575612,2.75395324789479,-0.170457866476118,-0.252124427676049,0.174146490333589,0.0008337860263147,0.000832821380382
1.23e-05,45,-0.94169076952095,2.52236361370327,0.489333286828275,0.352736745731932,1.58067284418232,0.0008356215788386,0.0008324682875385
1.23e-05,46,-2.17463615604013,2.69866970373507,0.15577730178418,-0.34145846440839,0.524033547694942,0.0008326900252486,0.0008313173709408
1.23e-05,47,-1.73530510464831,2.64661696817117,-0.469602585188474,-0.162098574224937,0.911311863522862,0.000832528162957,0.000829894049105
1.23e-05,49,-1.69674525253665,2.6162596650048,0.109693569374039,-0.461868385908527,0.919514412468156,0.0008336416608015,0.0008325730423744
1.23e-05,50,-0.826073345396043,2.44293079487156,0.0102159340784042,0.0550852504728198,1.61685744947552,0.0008298921783077,0.0008128749638929
1.23e-05,51,-1.99731204156039,2.71640577854066,-0.0574109766755413,-0.302419055649523,0.719093736980274,0.0008326217793542,0.000830073769688
1.23e-05,52,-1.40223230538363,2.70184850425875,0.251148367822583,-0.150672964024089,1.29961619887512,0.0008345579747817,0.0008251246210806
1.23e-05,53,-1.44670585788884,2.47705707370837,-0.427237623760373,0.208151687740601,1.03035121581952,0.0008367620389495,0.0008358075277408
1.23e-05,54,-1.15512526002475,2.81203537140393,0.204085668642335,0.16994918100308,1.65691011137918,0.0008335651237113,0.0008302016238425
1.23e-05,56,-1.68422606723093,2.54094503983765,-0.391028370696084,0.198598286727039,0.856718972606728,0.0008350490744762,0.0008328756139673
1.23e-05,58,-1.67313633441981,2.68037998581984,-0.466606795134143,-0.298815857833348,1.00724365140003,0.0008329504846446,0.0008301369800171
1.23e-05,59,-1.2369810213246,2.49846487692176,0.080418165780147,-0.479232113289609,1.26148385559716,0.0005418346401994,0.0008356474222377
1.23e-05,60,-1.22723716340486,2.48257990332198,-0.280199288038076,-0.0767408572341708,1.25534273991712,47.3967179207134,0.0008307048130272
1.23e-05,62,-1.10159364015925,2.60206480502066,0.134050508306719,-0.284546723044357,1.50047116486141,0.000833636891013,0.0008298910706971
1.23e-05,65,-1.73029114148935,2.76031804098348,-0.32734259890241,0.355347668683623,1.03002689949413,44.6064962296449,0.0008362961363801
1.23e-05,66,-2.02677481618678,2.73425270227393,0.309103216823046,-0.231445893790321,0.707477886087157,0.0008327779957923,0.0008304575803232
1.23e-05,67,-2.13583290874701,2.69721964247726,0.218237994981284,0.039418192753467,0.561386733730251,0.0008304182363133,0.0008250858167672
1.23e-05,69,-1.0874207253619,2.46413864868405,-0.070117241875152,0.397614008342385,1.37671792332215,0.0008339716741275,0.0008345307714936
1.23e-05,70,-1.0415113604623,2.50394753652904,-0.371062694580183,-0.464289050971857,1.46243617606674,0.0008349829094788,0.0008326040798882
1.23e-05,71,-1.07949676618896,2.54294307587013,0.0491556907902392,-0.421193301954593,1.46344630968117,0.000834038005884,0.0008325741509077
1.23e-05,73,-2.14913323155258,2.7374488002679,0.479450763112824,0.132710309966193,0.588315568715316,0.0008329059893605,0.0008301671917381
1.23e-05,74,-1.40175044700545,2.54037788331075,-0.0734471457583603,0.230532021005362,1.1386274363053,0.0008362854545127,0.0008314281544975
1.23e-05,75,-1.8722907740632,2.63390649982314,0.222762032839697,0.130687188312316,0.761615725759939,0.0008317658303337,0.0008248965639788
1.23e-05,76,-1.38684923796645,2.82046220908899,-0.462002162695258,-0.0744657022788004,1.43361297112254,164.762543377913,0.0008818491161771
1.23e-05,77,-1.24868719361893,2.48405398268713,-0.16452338943913,0.0683051045948369,1.2353667890682,71.3626367584045,0.0008201503924505
1.23e-05,78,-1.27399242745674,2.70797603967406,0.0502955231831296,0.0255407311257162,1.43398361221732,0.000825574393616,0.0007985653994163
1.23e-05,79,-1.2975479917871,2.5563027533187,0.125667180631593,-0.410142081999953,1.2587547615316,0.0008353289458747,0.0008333425248262
1.23e-05,80,-1.77253335815101,2.76704272851539,-0.282742599506135,-0.0103099578391185,0.994509370364386,37.1774094125684,0.0008193849982751
1.23e-05,82,-0.783325290804284,2.35227998918874,0.292902278329636,0.431607495147661,1.56895469838446,0.0008376653872233,0.000832492825685
1.23e-05,84,-1.28622776003795,2.57243681254546,0.279104187338647,0.102049543549351,1.2862090525075,0.0008335829450639,0.000825029058229
1.23e-05,85,-1.68147888934516,2.63793720843697,0.224789301195435,0.161476768856287,0.956458319091809,0.0008299933318267,0.0008243122669818
1.23e-05,87,-1.14613596785089,2.59768868016106,-0.111572778772143,0.0070476590476781,1.45155271231016,0.0008243177317717,0.0007980702838561
1.23e-05,88,-1.59075254515918,2.59230335383506,-0.238933200104671,0.256483849099917,1.00155080867588,0.0008335899894356,0.0008302000952311
1.23e-05,89,-0.705923374805154,2.20789485197575,0.238191897324499,0.373999425537894,1.50197147717059,0.0008339826133284,0.0008324522047696
1.23e-05,90,-2.09259545938514,2.79990367110683,0.0379230312678858,0.139601748513116,0.707308211721682,39.2741891044035,0.0009130102877934
1.23e-05,91,-1.46025827886375,2.68287104992512,0.228822180092745,0.0070029904961719,1.22261277106138,0.0008257504699973,0.0008132835227933
1.23e-05,92,-1.25789038370721,2.72501397077461,-0.387302139561675,-0.148684454746824,1.46712358706739,0.0008335322899367,0.0008307738457462
1.23e-05,93,-1.59213631759879,2.67303144863922,0.0697078505699332,0.0414293943049967,1.08089513104043,0.0008136162927298,0.0007982211200615
1.23e-05,94,-1.90427196076202,2.64898678430836,0.484018150196361,0.13153690974266,0.74471482354634,0.0008337878129927,0.0008302119429691
1.23e-05,95,-1.32647504997025,2.52785970381567,-0.0824771938924697,-0.0283569028982764,1.20138465384542,0.000833685858583,0.000800144877423
1.23e-05,97,-1.6938420676447,2.53825503806358,0.0527474475967035,-0.331398308762448,0.844412970418883,0.0008402579213573,0.0008333256654774
1.23e-05,98,-1.27825177051902,2.5906337815159,-0.481651338326367,0.118022278681512,1.31238201099688,0.0008328664165564,0.0008246541796996
1.23e-05,99,-1.31918282875032,2.60887819791727,-0.13354335366002,0.192030695153113,1.28969536916695,0.0008326165959311,0.0008300240388038
1.23e-05,100,-2.01461111894373,2.79008558773093,-0.0723070908837954,0.0471151083286355,0.775474468787192,0.0008635183166777,0.0008257883326975
1.23e-05,101,-1.45434530298406,2.74060592223286,0.498844827184631,0.323209942180636,1.2862606192488,0.0009485820246947,0.0008325672149421
1.23e-05,102,-1.55130878139194,2.54739103803006,-0.0986745560587761,-0.388953612708102,0.996082256638122,0.0008336790436963,0.0008334884804815
1.23e-05,103,-1.45233620224,2.71690555389695,-0.38772724167109,-0.44703359439029,1.26456935165695,0.0008380420517575,0.0008336772542678
1.23e-05,105,-1.20765440636221,2.51980531313015,0.337562734676324,-0.132000338551904,1.31215090676794,0.0008356205023768,0.0008266105946565
1.23e-05,106,-1.92351507352395,2.68134334052078,0.0555186667025958,0.490198490462357,0.757828266996827,0.0008339147143385,0.0008324449889102
1.23e-05,108,-1.84567240235975,2.79337734248983,-0.15314298907111,-0.193542268649549,0.947704940130078,161.264534442944,0.0008836407908634
1.23e-05,109,-1.98899134043098,2.78064566211981,-0.435334456149429,-0.235889609820924,0.791654321688826,0.0008388337392246,0.0008352258768863
1.23e-05,110,-2.72078503854386,2.76391999531849,0.0325148697565201,0.421797756503509,0.0431349567746269,0.0008354804205407,0.0008328437727238
1.23e-05,113,-1.41190579558935,2.74548463895197,0.475543193723953,-0.371845015436867,1.33357884336263,0.0008668399817236,0.0008347473122882
1.23e-05,114,-1.40107163084008,2.65806800804351,0.116712330767135,0.381890964948087,1.25699637720343,0.0008338043695483,0.0008325065589454
1.23e-05,115,-1.81438391367044,2.78566090103223,-0.124116045204326,0.389226891584987,0.971276987361788,148.005444442012,0.0008492995185224
1.23e-05,116,-1.3925518996251,2.61171939494871,0.415251884030758,-0.455667749197719,1.21916749532361,0.0008339009098565,0.0008325204772789
1.23e-05,117,-0.909052830627916,2.55582378292562,0.299947048584882,0.394465379315091,1.64677095229771,0.0008341763064108,0.0008324508772384
1.23e-05,118,-0.87082573899567,2.5493484471837,-0.295735241666995,-0.386256980586276,1.67852270818803,9.42145936681147,0.0008325561438291
1.23e-05,119,-1.6494708750338,2.70732188146528,-0.335960052923587,-0.151611939897943,1.05785100643149,0.0008321078912704,0.000825290166097
1.23e-05,120,-1.1819963651877,2.44821906924767,-0.288479482255773,0.213281722382236,1.26622270405997,102.530169173553,0.0008497321006832
1.23e-05,122,-1.43487104006422,2.73442717313526,-0.30724567811296,0.271818212102641,1.29955613307103,0.0008469010562291,0.0008319323274897
1.23e-05,123,-1.33237870721721,2.58397409839989,0.477723511872644,-0.168023047838767,1.25159539118268,0.000833144799148,0.0008303315585185
1.23e-05,124,-1.08828095928013,2.48040485081598,-0.486322348895356,-0.307519232229578,1.39212389153584,0.0008338609282354,0.0008336200801812
1.23e-05,125,-1.79261860796816,2.57678945591146,-0.249195867499104,0.0948252892737712,0.784170847943306,11.7242895451697,0.00082737973096
1.23e-05,127,-1.09823044341681,2.8070626227741,-0.269182214812218,-0.250230987140685,1.70883217935729,65.6008697595674,0.0008324797673375
1.23e-05,130,-1.63028813167327,2.51511409935569,-0.224077446931897,0.396437435718737,0.884825967682422,0.0008349774087178,0.000836259821339
1.23e-05,131,-1.29391229592107,2.64461641778713,0.270489358501296,0.130052202149628,1.35070412186606,0.000832494379207,0.0008243119891948
1.23e-05,132,-1.10377107512803,2.55334960437214,0.0455743467454452,-0.333266752194657,1.4495785292441,0.0008336157529202,0.0008326102660669
1.23e-05,133,-1.51681376761153,2.68036827819482,0.188866484425556,-0.391850401986737,1.16355451058329,0.0008345289861615,0.000832783403803
1.23e-05,134,-1.29839874618078,2.55980763762983,0.162496873184278,-0.347171822274108,1.26140889144905,0.0008350609804477,0.0008332721176059
1.23e-05,135,-2.54834122308937,2.74409841066305,0.0373577492268772,0.182721177735303,0.195757187573682,0.0008354093095641,0.0008346517062948
1.23e-05,136,-1.35376639981996,2.73971720645257,0.264400111389306,-0.174002081464397,1.38595080663261,0.000837674698782,0.0008317274897023
1.23e-05,139,-1.27972272895476,2.59314084739493,0.255874151178387,-0.348866000151106,1.31341811844017,0.0008338417758372,0.000832682291727
1.23e-05,140,-1.97746386981358,2.71225724785773,-0.49144522988183,0.395147158971728,0.734793378044145,0.000833744013213,0.0008325644066319
1.23e-05,141,-1.16010381548297,2.71217374712136,-0.119424058621893,-0.0062112297435919,1.55206993163839,0.0008128967087118,0.0007984103605046
1.23e-05,142,-2.00501531665812,2.76680205197586,0.394054612702145,0.428145220895642,0.761786735317742,0.0008356499237639,0.000833035370136
1.23e-05,143,-0.893398269020823,2.53724144028212,0.473379195775117,-0.455141663814614,1.6438431712613,0.000833984826511,0.0008324514012846
1.23e-05,144,-1.82145022615016,2.58552797396271,-0.426615983347991,-0.267676210468072,0.764077747812554,54.0611123610417,0.0008326912656494
1.23e-05,145,-1.49958887533145,2.7298126728597,-0.153997587027724,-0.0811293377539528,1.23022379752825,0.0008492281901009,0.0008151959055944
1.23e-05,146,-2.00568605182,2.71214779863612,-0.0478609448775525,0.0518799421186391,0.706461746816122,0.0008245729657984,0.0008129673662925
1.23e-05,147,-1.89347196667711,2.67235643801744,0.482447357047075,-0.285691737838168,0.778884471340337,0.0008338244942698,0.0008324509106783
1.23e-05,148,-1.21632760433453,2.44690661345997,-0.0120423602092512,0.374579516387342,1.23057900912543,193.817768870582,0.0008746772328648
1.23e-05,149,-1.75520115776082,2.56454729857835,0.389285462074263,0.224362706563218,0.809346140817533,0.0008566916011098,0.0008324281734269
1.23e-05,151,-1.15018342928263,2.48639951664703,0.385228984211173,-0.327244606009277,1.33621608736439,0.0008355345640812,0.0008327538053667
1.23e-05,152,-1.07553921245508,2.679826782138,-0.226796493949768,-0.307209564180894,1.60428756968291,0.0008338339287828,0.0008324957870071
1.23e-05,153,-1.57956209529439,2.70810117838349,-0.0948178961990389,-0.208414626487805,1.1285390830891,0.0008354478539676,0.0008309255253795
1.23e-05,154,-1.3109170416516,2.6837266483403,0.0800435552980984,-0.482365170947654,1.37280960668871,0.0008343614942175,0.0008327299090353
1.23e-05,158,-2.00962248519486,2.67930264881926,-0.0333656300498129,-0.327139475011273,0.669680163624407,0.0008330034638892,0.0008301008890799
1.23e-05,159,-0.986902035145163,2.56527747319814,-0.0626387084373853,0.482468845786694,1.57837543805298,0.0008342216936019,0.0008324563100442
1.23e-05,161,-0.993691776141858,2.68550225499585,-0.0146271048308058,-0.408035432682486,1.69181047885399,25.9970362230799,0.0008325437814766
1.23e-05,162,-1.08169535152156,2.70614588194544,-0.448760458853575,-0.196301530871053,1.62445053042388,0.0008342869122627,0.0008299579776986
1.23e-05,163,-1.87352265666087,2.73925853737595,-0.0351296294007729,0.320767221139798,0.865735880715077,0.000833976312674,0.0008312506375093
1.23e-05,164,-1.70144755529807,2.6862784667626,0.316621524292736,-0.289925804913219,0.984830911464532,0.0008341008604387,0.00083019000793
1.23e-05,166,-2.31708196464737,2.71806351468044,-0.264157001056725,-0.0223064993057084,0.400981550033066,0.0008300720998933,0.0008291615552326
1.23e-05,167,-2.02308546956384,2.71772762471561,0.403929052846088,-0.189991035430079,0.694642155151766,0.0008326757006916,0.0008300404486041
1.23e-05,168,-1.12039217801741,2.53020699305493,-0.0038465607158062,0.234867466969133,1.40981481503752,0.0008336149189209,0.0008305630205507
1.23e-05,169,-1.70572680319773,2.71442683065085,-0.426107854786466,0.246245851926862,1.00870002745312,0.000834197997279,0.0008308103059225
1.23e-05,170,-1.9462802108028,2.66366638191904,0.293960345907922,0.352803983276472,0.717386171116247,0.0008335472203331,0.0008301161605646
1.23e-05,171,-1.57985852087596,2.6596672583757,-0.273103660043777,0.0115877622667807,1.07980873749973,0.0008246650572155,0.0008129596428415
1.23e-05,172,-1.63462369995135,2.70361305765884,0.2422223837868,0.341420691941333,1.0689893577075,0.0008355823936784,0.0008307091089945
1.23e-05,173,-1.37202277481549,2.69832474460203,0.040209077901909,-0.481832179072833,1.32630196978654,0.0008350777361006,0.00083302220065
1.23e-05,174,-1.42209686674632,2.7487194574731,0.480391204593076,-0.425529201131464,1.32662259072678,0.0009104155374512,0.0008350153397383
1.23e-05,176,-0.941126093595506,2.56046224189313,0.158842899965502,-0.305641530550571,1.61933614829762,0.0008335650821571,0.0008298990787742
1.23e-05,178,-1.25330980243372,2.49760488209972,-0.3350932561533,0.362344060316856,1.24429507966601,11.1152829118882,0.0008363651257678
1.23e-05,179,-1.12195230147442,2.59234237047212,0.219683153082689,-0.293168418934855,1.47039006899769,0.0008335942007528,0.0008299184767064
1.23e-05,180,-1.772960406944,2.77146171157728,-0.285654439936326,0.23067854448492,0.998501304633272,75.5964184156281,0.0008361368081805
1.23e-05,181,-1.14349939166211,2.67573432274146,0.0604225186158683,0.370642037414964,1.53223493107936,0.0008336258286629,0.0008325757864677
1.23e-05,182,-1.17759296380775,2.73522890153808,0.04288243229793,0.0466683024985755,1.55763593773033,0.0008243787628267,0.0008134309460243
1.23e-05,183,-0.672677015886234,2.14819572185584,-0.435228639517163,-0.128448132956347,1.47551870596961,63.7217580776053,0.0008324475537936
1.23e-05,184,-0.935328702410401,2.59686887718957,-0.349045212588354,-0.494478521598009,1.66154017477917,0.0008355362305434,0.0008324592388584
1.23e-05,185,-1.05388043874081,2.47466194662376,-0.164442599957999,-0.0664763523992123,1.42078150788295,0.0008330004251197,0.0008252346068194
1.23e-05,186,-1.30576529100946,2.67876239724371,-0.0332941150784024,0.127130630581387,1.37299710623425,0.0008330112060912,0.0008245567424524
1.23e-05,187,-0.77230919585099,2.37529452473132,0.455530642942875,-0.0924980187669825,1.60298532888033,0.0008380623761153,0.0008243593009999
1.23e-05,190,-1.27676750449721,2.69826670781687,0.25553353433934,0.104736509846741,1.42149920331965,0.0008333319632834,0.000824812789015
1.23e-05,192,-1.60761504691229,2.58855056967667,0.376652606102746,-0.401845243291638,0.980935522764371,0.0008335573949074,0.0008327539099876
1.23e-05,193,-1.35768141965183,2.82039461633521,0.297777962804918,-0.187539157450823,1.46271319668338,65.8027724804627,0.0008472872537513
1.23e-05,194,-1.43395625268092,2.55890915869768,0.281950737425929,-0.327536133148117,1.12495290601676,0.0008345430452084,0.0008332156307224
1.23e-05,195,-1.15264532133604,2.47272883317064,0.173435901499185,0.477868884794167,1.32008351183461,0.0008376074221552,0.0008365093538997
1.23e-05,196,-1.02546115190373,2.664930670388,0.312562710390873,-0.468180708975089,1.63946951848427,0.0008348932943102,0.0008324490965909
1.23e-05,200,-2.34251475050232,2.76267236834715,0.173999426956082,0.0793473728512207,0.420157617844829,0.000831745086178,0.0008255307391257
1.23e-05,202,-1.40606271562574,2.67771402641321,-0.157279870222021,-0.0375202875647858,1.27165131078747,0.0008253057059912,0.0008131620329127
1.23e-05,204,-0.974491913307062,2.44725999445084,-0.432373672362327,-0.0132965240737363,1.47276808114377,134.282532492331,0.0008244139486104
1.23e-05,205,-1.53312473199488,2.70782310556571,0.194203889062652,0.239659685195577,1.17469837357083,0.0008360286828824,0.0008309372370997
1.23e-05,206,-1.81569556086176,2.77444264264414,-0.205676145767377,0.380137471445327,0.958747081782383,56.9531575300776,0.0008382476366184
1.23e-05,207,-1.09630285418147,2.52886057841314,-0.003985454744542,0.0541792464226283,1.43255772423167,0.0008299136253137,0.0008133327424757
1.23e-05,208,-1.2538386591911,2.79281295483649,-0.362403848828886,0.25003753754066,1.5389742956454,0.0008348701077572,0.0008321240525452
1.23e-05,209,-1.52875758306452,2.64436124694223,-0.253316134612443,0.0865556143421731,1.11560366387771,0.0008299902409873,0.0008243190527857
1.23e-05,210,-2.25807402607791,2.76850110730779,-0.386844217246281,-0.109526526147011,0.510427081229881,0.0008341061936568,0.0008321879568441
1.23e-05,211,-1.43987964088565,2.694055496788,0.449434521204899,0.0111119129844214,1.25417585590235,0.0008319205056401,0.0008249616494102
1.23e-05,212,-1.65085361007986,2.74133059209136,-0.173204022924959,0.248758515872964,1.0904769820115,0.0008462214689655,0.0008325716651663
1.23e-05,215,-1.35335280192078,2.44276217349181,-0.201963139202902,0.244882286799955,1.08940937157103,126.915274120433,0.0008771639638598
1.23e-05,216,-1.05854273637752,2.70586040127237,0.321809052887251,-0.163769864179401,1.64731766489485,0.0008345485157739,0.0008243156401746
1.23e-05,217,-1.05931510512494,2.7690019209125,0.474151935429478,-0.430627680060533,1.70968681578756,130.818329758639,0.0008325681036913
1.23e-05,218,-0.90953592880909,2.53344609653941,0.412512609539107,-0.366402440103984,1.62391016773032,0.0008335794144087,0.0008298989624922
1.23e-05,219,-0.919825177399526,2.62618827802309,-0.148339086880026,0.222449556129821,1.70636310062357,182.596286059059,0.0008301733481903
1.23e-05,220,-1.11984853432164,2.57920332046455,-0.33192685269562,0.167723003177913,1.45935478614291,0.0008324800270366,0.0008243926370063
1.23e-05,221,-1.20397324404574,2.81854590555081,-0.22637803261781,-0.273489457530502,1.61457266150506,0.0008336462140159,0.0008332724625018
1.23e-05,223,-0.989876353462674,2.49310626440791,-0.0827580013372335,-0.157464930851701,1.50322991094523,0.0008465229981844,0.000829906177716
1.23e-05,224,-1.54856225444735,2.4980479451593,0.345616766889575,0.429490612089751,0.949485690711956,0.0008335670477293,0.0008358938053524
1.23e-05,225,-2.66911876902963,2.76636862923864,0.365170985805021,0.0661557818056465,0.0972498602090046,0.0008336534112739,0.0008252507346556
1.23e-05,226,-1.59543517854277,2.75214363802798,-0.405637332184077,-0.466042737982534,1.1567084594852,68.7195827957013,0.0008362338056975
1.23e-05,227,-1.43386214052152,2.49265635302357,-0.499600307410675,-0.0533316925226187,1.05879421250206,0.0008367654258291,0.0008338975965196
1.23e-05,228,-2.53330456203335,2.76891365935576,0.248979633293827,-0.254536741980559,0.235609097322408,0.000835612025096,0.0008314017244088
1.23e-05,229,-1.14727615299766,2.61075071850943,-0.0141502690834626,-0.382199208238521,1.46347456551177,0.0008338637836365,0.000832450639576
1.23e-05,230,-1.20830526913568,2.6543282307962,-0.407363537276584,0.367763914115314,1.44602296166051,0.0008336666631074,0.0008324868227522
1.23e-05,231,-1.31349721464301,2.73311332613498,0.492494676896073,-0.146747005820093,1.41961611149197,0.0008350709757545,0.0008257833255296
1.23e-05,232,-1.00066414020852,2.71432232769022,0.371478941985113,0.182829170439742,1.7136581874817,185.97917919675,0.000830089771528
1.23e-05,233,-1.6941499355097,2.70719117092271,-0.0464746579516995,-0.0919697713305563,1.01304123541301,0.0008315689363774,0.0008137181470642
1.23e-05,234,-1.40388468773706,2.5857418483531,-0.0248118620191177,-0.37462929441208,1.18185716061604,0.0008340000969411,0.0008327687957253
1.23e-05,236,-1.80240411681919,2.64374515103576,0.189007510845079,0.137361391175909,0.84134103421657,0.0008302449668643,0.0008243816073611
1.23e-05,237,-2.11514623146023,2.69260766916879,0.289616069716998,-0.223655992604453,0.577461437708566,0.0008329857964518,0.0008305753433289
1.23e-05,238,-1.60138183718445,2.6337122345327,0.483898036360018,0.0922488153893509,1.03233039734825,0.0008325067293213,0.0008243070616975
1.23e-05,241,-1.31850359758453,2.53776617772,0.391259829922494,0.170910607981305,1.21926258013547,0.0008371643756079,0.0008316580451363
1.23e-05,242,-1.09749763244867,2.65555662746565,-0.0142802064662416,0.274600746388784,1.55805899501697,0.0008335645577548,0.0008299460306383
1.23e-05,243,-1.58622602652176,2.56519906079596,0.199201929245944,-0.198027862258154,0.978973034274202,0.0008324649321669,0.0008306484897533
1.23e-05,244,-1.04800871800654,2.67925101750743,0.0330328849390766,0.10351179081413,1.63124229950089,0.0008332953496949,0.0008243205916496
1.23e-05,247,-1.68913497201816,2.63212166295071,0.414961282010757,0.39197223683712,0.942986690932559,0.0008325650548452,0.0008299123889432
1.23e-05,248,-1.54063185697826,2.65873147731871,-0.281782764467068,0.236621289380061,1.11809962034045,0.0008338181321389,0.0008299681902778
1.23e-05,250,-1.12952796525886,2.79048204491655,-0.348254106207153,0.435810348772485,1.66095407965769,0.0008351190208427,0.000832637749729
1.24e-05,1,-1.31174599887491,2.4805210746738,-0.239788632064246,0.188396704926908,1.16877507579889,94.8080296049526,0.0047654015001333
1.24e-05,2,-1.30599369034217,2.7224430807328,0.409304146406049,-0.41627586689109,1.41644939039064,0.004764672596134,0.0047613571606159
1.24e-05,3,-2.52790066194371,2.76488450166602,-0.208483071848808,-0.0281570251623863,0.236983839722309,0.0047487334966099,0.0045957618842777
1.24e-05,4,-1.43665640403064,2.64498810868677,-0.462252683032567,-0.348389362069524,1.20833170465612,0.0047641328185471,0.0047389371788328
1.24e-05,5,-1.06249904566088,2.42851400344641,0.15579627989972,-0.116277825280546,1.36601495778553,0.0047574390087731,0.004718118609526
1.24e-05,6,-1.32103058190807,2.76553411249921,-0.237119298010674,0.265432216744772,1.44450353059114,0.0047806067322953,0.0047557839933206
1.24e-05,7,-1.70943378931667,2.6199678085075,-0.427031667074312,-0.308706825797893,0.91053401919083,0.0047571989103787,0.0047397279602435
1.24e-05,10,-0.882843134184752,2.48032504041287,-0.189852778909198,-0.266151630914522,1.59748190622812,0.0047743784793938,0.0047397043891291
1.24e-05,11,-1.43990343174956,2.57201484351658,-0.190518420805133,-0.432326463342017,1.13211141176702,0.004765558993543,0.0047601363217153
1.24e-05,12,-2.05275232790298,2.73706170863463,-0.27650568574416,-0.266852696381913,0.684309380731651,0.0047574847944386,0.0047426453662805
1.24e-05,13,-2.02670711920039,2.75764007300655,0.475604968589112,-0.24825553571747,0.730932953806155,0.0047609615377123,0.004749487170129
1.24e-05,15,-2.56852780698915,2.77780953772779,0.10102587748869,-0.284133602340511,0.209281730738638,151.984323973485,0.0047988405427994
1.24e-05,16,-2.39503766786455,2.72637299927317,0.0239931674646672,0.047967796793928,0.331335331408624,0.004705270633342,0.004666596615536
1.24e-05,17,-0.776203558130274,2.35349840953592,0.120278817100843,-0.443052051301552,1.57729485140565,0.0047630896746087,0.0047576275945566
1.24e-05,18,-1.58745869495817,2.52930096758236,-0.409681439700927,0.153943672179926,0.941842272624187,0.004757399983672,0.0047517293779535
1.24e-05,22,-1.82621206113259,2.61569717287285,-0.209256134109326,0.342588379433667,0.789485111740262,0.0047707848991004,0.0047611413517174
1.24e-05,23,-0.813847780611057,2.38539584497163,0.114770953156262,0.305503111259863,1.57154806436057,86.3976812499382,0.00473937806491
1.24e-05,24,-0.823639893826853,2.44441490117458,0.153602952535226,-0.176060879839284,1.62077500734772,0.004758254051574,0.004692308710875
1.24e-05,25,-0.860279303560866,2.48221172427813,0.0388193672496691,0.483162289911408,1.62193242071726,0.0047619066919739,0.0047574275568753
1.24e-05,26,-1.38243212598604,2.61738634328205,-0.428793282458767,-0.382093688179716,1.23495421729602,0.0047638085110537,0.0047576128293371
1.24e-05,28,-1.11618371113177,2.57679868230356,0.126463855254056,-0.0813948143280849,1.46061497117179,0.0047389686162351,0.0045914314284757
1.24e-05,29,-1.18298513729317,2.67937947794852,-0.0921399744090866,-0.207403556376057,1.49639434065536,0.004764098679811,0.0047401355001532
1.24e-05,30,-1.58028934131385,2.69100547268859,0.205034522263333,0.0517900635794957,1.11071613137474,0.0047069903317957,0.0045956161340323
1.24e-05,31,-1.64504610329383,2.63002032266095,-0.215459389727944,-0.150735094152361,0.98497421936712,0.0047388762908566,0.0046924517543209
1.24e-05,32,-1.29969114198075,2.62515608725726,-0.433831278274819,0.180265628728575,1.32546494527651,0.0047574447561457,0.0047389310515964
1.24e-05,33,-1.45729912418243,2.65500260291152,0.151319897226239,0.255714133601085,1.19770347872909,0.0047649189389377,0.0047391813020489
1.24e-05,34,-1.29140971976854,2.80239086513111,-0.393611594585923,-0.237176973787611,1.51098114536258,0.0047604399862514,0.0047535901316074
1.24e-05,35,-1.52123653757335,2.56829289274437,0.372948730409002,-0.131866410018862,1.04705635517103,0.0047584780504812,0.0047430076727698
1.24e-05,36,-1.84460955177425,2.75418685367173,-0.160506084940057,-0.240608392579144,0.909577301897487,0.0047573176564508,0.0047514340230992
1.24e-05,38,-0.906835067332574,2.58116156744788,-0.334122075337465,-0.138511570034752,1.67432650011531,0.0047668905116298,0.0047389916268672
1.24e-05,39,-1.49373906384364,2.72025721947252,-0.0518713005348405,0.355624566175877,1.22651815562889,0.004782345915235,0.0047488471944662
1.24e-05,40,-2.47181607572867,2.74086113913133,0.378697583826076,0.392426177536039,0.269045063402663,0.0047605780850936,0.0047659363365466
1.24e-05,41,-1.27329373936215,2.46870237545825,-0.457994232581188,0.196375849870566,1.1954086360961,148.924484941412,0.0047876511636928
1.24e-05,42,-1.16056503543681,2.50253323576692,0.275315753880376,-0.109437897572968,1.34196820033011,0.0047664164929367,0.0047107398297393
1.24e-05,43,-1.27983382474272,2.71268605232612,-0.232333240230557,-0.232248334460458,1.4328522275834,0.004766275524009,0.0047438083157537
1.24e-05,44,-2.5798067575612,2.75395324789479,-0.170457866476118,-0.252124427676049,0.174146490333589,0.0047646683178966,0.0047589905441804
1.24e-05,45,-0.94169076952095,2.52236361370327,0.489333286828275,0.352736745731932,1.58067284418232,0.0047568495504178,0.0047573930512314
1.24e-05,46,-2.17463615604013,2.69866970373507,0.15577730178418,-0.34145846440839,0.524033547694942,0.0047576031231814,0.004747448334372
1.24e-05,47,-1.73530510464831,2.64661696817117,-0.469602585188474,-0.162098574224937,0.911311863522862,0.0047573394516661,0.0047387972774905
1.24e-05,49,-1.69674525253665,2.6162596650048,0.109693569374039,-0.461868385908527,0.919514412468156,0.0047638992526336,0.0047582477381426
1.24e-05,50,-0.826073345396043,2.44293079487156,0.0102159340784042,0.0550852504728198,1.61685744947552,0.0047387664369791,0.0045907383396535
1.24e-05,51,-1.99731204156039,2.71640577854066,-0.0574109766755413,-0.302419055649523,0.719093736980274,0.0047573206316782,0.0047400284615283
1.24e-05,52,-1.40223230538363,2.70184850425875,0.251148367822583,-0.150672964024089,1.29961619887512,0.0047656101676913,0.0046987891756685
1.24e-05,53,-1.44670585788884,2.47705707370837,-0.427237623760373,0.208151687740601,1.03035121581952,0.0047753293747124,0.0047628913121023
1.24e-05,54,-1.15512526002475,2.81203537140393,0.204085668642335,0.16994918100308,1.65691011137918,0.004759890011654,0.0047414858451252
1.24e-05,56,-1.68422606723093,2.54094503983765,-0.391028370696084,0.198598286727039,0.856718972606728,0.0047629295577883,0.0047547088422164
1.24e-05,58,-1.67313633441981,2.68037998581984,-0.466606795134143,-0.298815857833348,1.00724365140003,0.0047585849775537,0.004740383049289
1.24e-05,59,-1.2369810213246,2.49846487692176,0.080418165780147,-0.479232113289609,1.26148385559716,0.0047977796119084,0.0047659325385094
1.24e-05,60,-1.22723716340486,2.48257990332198,-0.280199288038076,-0.0767408572341708,1.25534273991712,47.0261233647997,0.0047284471729131
1.24e-05,62,-1.10159364015925,2.60206480502066,0.134050508306719,-0.284546723044357,1.50047116486141,0.0047639956469848,0.004738771693919
1.24e-05,65,-1.73029114148935,2.76031804098348,-0.32734259890241,0.355347668683623,1.03002689949413,44.5315374139734,0.004772358403506
1.24e-05,66,-2.02677481618678,2.73425270227393,0.309103216823046,-0.231445893790321,0.707477886087157,0.0047584977822854,0.0047425921917283
1.24e-05,67,-2.13583290874701,2.69721964247726,0.218237994981284,0.039418192753467,0.561386733730251,0.0047427137203545,0.0046988182346881
1.24e-05,69,-1.0874207253619,2.46413864868405,-0.070117241875152,0.397614008342385,1.37671792332215,0.0047628466681051,0.0047679445671452
1.24e-05,70,-1.0415113604623,2.50394753652904,-0.371062694580183,-0.464289050971857,1.46243617606674,0.0047664338643503,0.0047578630219632
1.24e-05,71,-1.07949676618896,2.54294307587013,0.0491556907902392,-0.421193301954593,1.46344630968117,0.0047625920868635,0.0047580471133486
1.24e-05,73,-2.14913323155258,2.7374488002679,0.479450763112824,0.132710309966193,0.588315568715316,0.004761006899279,0.0047406650215952
1.24e-05,74,-1.40175044700545,2.54037788331075,-0.0734471457583603,0.230532021005362,1.1386274363053,0.0047717064700389,0.0047487219316319
1.24e-05,75,-1.8722907740632,2.63390649982314,0.222762032839697,0.130687188312316,0.761615725759939,0.0047524232478808,0.0046972006480532
1.24e-05,76,-1.38684923796645,2.82046220908899,-0.462002162695258,-0.0744657022788004,1.43361297112254,165.220998029147,0.0049925491261394
1.24e-05,77,-1.24868719361893,2.48405398268713,-0.16452338943913,0.0683051045948369,1.2353667890682,71.3756701032548,0.00464080177237
1.24e-05,78,-1.27399242745674,2.70797603967406,0.0502955231831296,0.0255407311257162,1.43398361221732,0.004702205643392,0.0045336495032017
1.24e-05,79,-1.2975479917871,2.5563027533187,0.125667180631593,-0.410142081999953,1.2587547615316,0.0047603993140591,0.0047618205567924
1.24e-05,80,-1.77253335815101,2.76704272851539,-0.282742599506135,-0.0103099578391185,0.994509370364386,37.0864070169415,0.0046373494452723
1.24e-05,82,-0.783325290804284,2.35227998918874,0.292902278329636,0.431607495147661,1.56895469838446,0.0047374520993242,0.0047573577814938
1.24e-05,84,-1.28622776003795,2.57243681254546,0.279104187338647,0.102049543549351,1.2862090525075,0.004764654084393,0.0046983232469496
1.24e-05,85,-1.68147888934516,2.63793720843697,0.224789301195435,0.161476768856287,0.956458319091809,0.0047397777984478,0.0046923403045803
1.24e-05,87,-1.14613596785089,2.59768868016106,-0.111572778772143,0.0070476590476781,1.45155271231016,0.0046924351549287,0.0045305077340646
1.24e-05,88,-1.59075254515918,2.59230335383506,-0.238933200104671,0.256483849099917,1.00155080867588,0.0047639875872044,0.0047410138941918
1.24e-05,89,-0.705923374805154,2.20789485197575,0.238191897324499,0.373999425537894,1.50197147717059,0.004760040895226,0.0047573329869732
1.24e-05,90,-2.09259545938514,2.79990367110683,0.0379230312678858,0.139601748513116,0.707308211721682,39.500605492982,0.0050866850353922
1.24e-05,91,-1.46025827886375,2.68287104992512,0.228822180092745,0.0070029904961719,1.22261277106138,0.0047035447558656,0.0045941823645497
1.24e-05,92,-1.25789038370721,2.72501397077461,-0.387302139561675,-0.148684454746824,1.46712358706739,0.0047627145752234,0.0047448763808524
1.24e-05,93,-1.59213631759879,2.67303144863922,0.0697078505699332,0.0414293943049967,1.08089513104043,0.0045970001632644,0.0045315207274609
1.24e-05,94,-1.90427196076202,2.64898678430836,0.484018150196361,0.13153690974266,0.74471482354634,0.0047671714588642,0.0047411043939074
1.24e-05,95,-1.32647504997025,2.52785970381567,-0.0824771938924697,-0.0283569028982764,1.20138465384542,0.0047416001897579,0.0045445288474509
1.24e-05,97,-1.6938420676447,2.53825503806358,0.0527474475967035,-0.331398308762448,0.844412970418883,0.0047668341514493,0.004755931639175
1.24e-05,98,-1.27825177051902,2.5906337815159,-0.481651338326367,0.118022278681512,1.31238201099688,0.0047596410887102,0.0046950905345111
1.24e-05,99,-1.31918282875032,2.60887819791727,-0.13354335366002,0.192030695153113,1.28969536916695,0.0047586323262136,0.0047397696790087
1.24e-05,100,-2.01461111894373,2.79008558773093,-0.0723070908837954,0.0471151083286355,0.775474468787192,0.0049417895493928,0.0046721243864025
1.24e-05,101,-1.45434530298406,2.74060592223286,0.498844827184631,0.323209942180636,1.2862606192488,0.0053187667178446,0.0047545854057517
1.24e-05,102,-1.55130878139194,2.54739103803006,-0.0986745560587761,-0.388953612708102,0.996082256638122,0.0047642244845589,0.0047629286498753
1.24e-05,103,-1.45233620224,2.71690555389695,-0.38772724167109,-0.44703359439029,1.26456935165695,0.0047582743599993,0.0047629650523521
1.24e-05,105,-1.20765440636221,2.51980531313015,0.337562734676324,-0.132000338551904,1.31215090676794,0.004768505858989,0.0047096009263617
1.24e-05,106,-1.92351507352395,2.68134334052078,0.0555186667025958,0.490198490462357,0.757828266996827,0.0047670717815827,0.0047573560202945
1.24e-05,108,-1.84567240235975,2.79337734248983,-0.15314298907111,-0.193542268649549,0.947704940130078,161.080525945407,0.0049524465781699
1.24e-05,109,-1.98899134043098,2.78064566211981,-0.435334456149429,-0.235889609820924,0.791654321688826,0.0047682509155855,0.0047557195163024
1.24e-05,110,-2.72078503854386,2.76391999531849,0.0325148697565201,0.421797756503509,0.0431349567746269,0.0047683145291375,0.004758199023813
1.24e-05,113,-1.41190579558935,2.74548463895197,0.475543193723953,-0.371845015436867,1.33357884336263,0.0049400014010586,0.0047651036556773
1.24e-05,114,-1.40107163084008,2.65806800804351,0.116712330767135,0.381890964948087,1.25699637720343,0.0047650154793457,0.0047577855989896
1.24e-05,115,-1.81438391367044,2.78566090103223,-0.124116045204326,0.389226891584987,0.971276987361788,148.16064700477,0.0048920334066804
1.24e-05,116,-1.3925518996251,2.61171939494871,0.415251884030758,-0.455667749197719,1.21916749532361,0.0047618653341477,0.0047578302077458
1.24e-05,117,-0.909052830627916,2.55582378292562,0.299947048584882,0.394465379315091,1.64677095229771,0.0047627735544573,0.0047574753329279
1.24e-05,118,-0.87082573899567,2.5493484471837,-0.295735241666995,-0.386256980586276,1.67852270818803,7.81918513080476,0.0047579429715597
1.24e-05,119,-1.6494708750338,2.70732188146528,-0.335960052923587,-0.151611939897943,1.05785100643149,0.0047487792472299,0.0047000558006378
1.24e-05,120,-1.1819963651877,2.44821906924767,-0.288479482255773,0.213281722382236,1.26622270405997,102.662388134014,0.0048510181998026
1.24e-05,122,-1.43487104006422,2.73442717313526,-0.30724567811296,0.271818212102641,1.29955613307103,0.0048610494729179,0.004751712207729
1.24e-05,123,-1.33237870721721,2.58397409839989,0.477723511872644,-0.168023047838767,1.25159539118268,0.0047610937277693,0.004741909130616
1.24e-05,124,-1.08828095928013,2.48040485081598,-0.486322348895356,-0.307519232229578,1.39212389153584,0.0047619445667497,0.0047617120977937
1.24e-05,125,-1.79261860796816,2.57678945591146,-0.249195867499104,0.0948252892737712,0.784170847943306,11.2881167008416,0.0047138170130631
1.24e-05,127,-1.09823044341681,2.8070626227741,-0.269182214812218,-0.250230987140685,1.70883217935729,64.6133953588753,0.0047579254129475
1.24e-05,130,-1.63028813167327,2.51511409935569,-0.224077446931897,0.396437435718737,0.884825967682422,0.0047672752738917,0.0047688048675902
1.24e-05,131,-1.29391229592107,2.64461641778713,0.270489358501296,0.130052202149628,1.35070412186606,0.0047576197525764,0.0046923345106469
1.24e-05,132,-1.10377107512803,2.55334960437214,0.0455743467454452,-0.333266752194657,1.4495785292441,0.0047642113767259,0.0047582867330245
1.24e-05,133,-1.51681376761153,2.68036827819482,0.188866484425556,-0.391850401986737,1.16355451058329,0.0047665816777597,0.004759331385811
1.24e-05,134,-1.29839874618078,2.55980763762983,0.162496873184278,-0.347171822274108,1.26140889144905,0.0047663772551018,0.0047616230705594
1.24e-05,135,-2.54834122308937,2.74409841066305,0.0373577492268772,0.182721177735303,0.195757187573682,0.0047587730687306,0.0047608451266648
1.24e-05,136,-1.35376639981996,2.73971720645257,0.264400111389306,-0.174002081464397,1.38595080663261,0.0047656910855544,0.0047492019761687
1.24e-05,139,-1.27972272895476,2.59314084739493,0.255874151178387,-0.348866000151106,1.31341811844017,0.0047646954784547,0.0047587631063863
1.24e-05,140,-1.97746386981358,2.71225724785773,-0.49144522988183,0.395147158971728,0.734793378044145,0.0047656922887203,0.0047583102836817
1.24e-05,141,-1.16010381548297,2.71217374712136,-0.119424058621893,-0.0062112297435919,1.55206993163839,0.0045908850239865,0.0045341560749763
1.24e-05,142,-2.00501531665812,2.76680205197586,0.394054612702145,0.428145220895642,0.761786735317742,0.0047826965745508,0.0047578529006684
1.24e-05,143,-0.893398269020823,2.53724144028212,0.473379195775117,-0.455141663814614,1.6438431712613,0.0047677878842391,0.0047575018640091
1.24e-05,144,-1.82145022615016,2.58552797396271,-0.426615983347991,-0.267676210468072,0.764077747812554,54.3269419400728,0.0047541864587593
1.24e-05,145,-1.49958887533145,2.7298126728597,-0.153997587027724,-0.0811293377539528,1.23022379752825,0.0048485116504404,0.0046091131401731
1.24e-05,146,-2.00568605182,2.71214779863612,-0.0478609448775525,0.0518799421186391,0.706461746816122,0.0046946249330738,0.0045915492806896
1.24e-05,147,-1.89347196667711,2.67235643801744,0.482447357047075,-0.285691737838168,0.778884471340337,0.0047646135136365,0.0047574645356759
1.24e-05,148,-1.21632760433453,2.44690661345997,-0.0120423602092512,0.374579516387342,1.23057900912543,194.582443197726,0.0050186897516521
1.24e-05,149,-1.75520115776082,2.56454729857835,0.389285462074263,0.224362706563218,0.809346140817533,0.0048859329348438,0.0047523752678757
1.24e-05,151,-1.15018342928263,2.48639951664703,0.385228984211173,-0.327244606009277,1.33621608736439,0.004766898111187,0.00475367349294
1.24e-05,152,-1.07553921245508,2.679826782138,-0.226796493949768,-0.307209564180894,1.60428756968291,0.0047658505379933,0.0047576708154474
1.24e-05,153,-1.57956209529439,2.70810117838349,-0.0948178961990389,-0.208414626487805,1.1285390830891,0.0047647172098578,0.0047454051356934
1.24e-05,154,-1.3109170416516,2.6837266483403,0.0800435552980984,-0.482365170947654,1.37280960668871,0.0047615516665647,0.0047589712290641
1.24e-05,158,-2.00962248519486,2.67930264881926,-0.0333656300498129,-0.327139475011273,0.669680163624407,0.0047582739633628,0.0047402529219106
1.24e-05,159,-0.986902035145163,2.56527747319814,-0.0626387084373853,0.482468845786694,1.57837543805298,0.004762825677064,0.0047574672202887
1.24e-05,161,-0.993691776141858,2.68550225499585,-0.0146271048308058,-0.408035432682486,1.69181047885399,25.3600620623877,0.0047583778097189
1.24e-05,162,-1.08169535152156,2.70614588194544,-0.448760458853575,-0.196301530871053,1.62445053042388,0.004768040911118,0.004739377550483
1.24e-05,163,-1.87352265666087,2.73925853737595,-0.0351296294007729,0.320767221139798,0.865735880715077,0.004769054385468,0.0047482328407564
1.24e-05,164,-1.70144755529807,2.6862784667626,0.316621524292736,-0.289925804913219,0.984830911464532,0.0047655668547863,0.0047408421390344
1.24e-05,166,-2.31708196464737,2.71806351468044,-0.264157001056725,-0.0223064993057084,0.400981550033066,0.0047400965044769,0.0047223021298694
1.24e-05,167,-2.02308546956384,2.71772762471561,0.403929052846088,-0.189991035430079,0.694642155151766,0.0047584159969924,0.0047398283527966
1.24e-05,168,-1.12039217801741,2.53020699305493,-0.0038465607158062,0.234867466969133,1.40981481503752,0.0047642469971781,0.004743728425244
1.24e-05,169,-1.70572680319773,2.71442683065085,-0.426107854786466,0.246245851926862,1.00870002745312,0.0047667647531432,0.0047452007525638
1.24e-05,170,-1.9462802108028,2.66366638191904,0.293960345907922,0.352803983276472,0.717386171116247,0.0047665479973126,0.0047403931953425
1.24e-05,171,-1.57985852087596,2.6596672583757,-0.273103660043777,0.0115877622667807,1.07980873749973,0.0046951845210204,0.0045914908074322
1.24e-05,172,-1.63462369995135,2.70361305765884,0.2422223837868,0.341420691941333,1.0689893577075,0.0047734276838751,0.0047447121296989
1.24e-05,173,-1.37202277481549,2.69832474460203,0.040209077901909,-0.481832179072833,1.32630196978654,0.0047599033599389,0.004760421460989
1.24e-05,174,-1.42209686674632,2.7487194574731,0.480391204593076,-0.425529201131464,1.32662259072678,0.0050508477149305,0.0047650813198041
1.24e-05,176,-0.941126093595506,2.56046224189313,0.158842899965502,-0.305641530550571,1.61933614829762,0.0047636604791369,0.0047388069048024
1.24e-05,178,-1.25330980243372,2.49760488209972,-0.3350932561533,0.362344060316856,1.24429507966601,11.5354282959363,0.0047703765896697
1.24e-05,179,-1.12195230147442,2.59234237047212,0.219683153082689,-0.293168418934855,1.47039006899769,0.0047638235986562,0.0047389820182764
1.24e-05,180,-1.772960406944,2.77146171157728,-0.285654439936326,0.23067854448492,0.998501304633272,75.563365026914,0.0047675531826857
1.24e-05,181,-1.14349939166211,2.67573432274146,0.0604225186158683,0.370642037414964,1.53223493107936,0.0047644012218796,0.0047583420812565
1.24e-05,182,-1.17759296380775,2.73522890153808,0.04288243229793,0.0466683024985755,1.55763593773033,0.0046929050566162,0.0045954380440401
1.24e-05,183,-0.672677015886234,2.14819572185584,-0.435228639517163,-0.128448132956347,1.47551870596961,60.924535082475,0.0047574160433421
1.24e-05,184,-0.935328702410401,2.59686887718957,-0.349045212588354,-0.494478521598009,1.66154017477917,0.0047627654254482,0.0047574962628082
1.24e-05,185,-1.05388043874081,2.47466194662376,-0.164442599957999,-0.0664763523992123,1.42078150788295,0.0047620733278708,0.0046995030316443
1.24e-05,186,-1.30576529100946,2.67876239724371,-0.0332941150784024,0.127130630581387,1.37299710623425,0.0047608537426543,0.0046943988108424
1.24e-05,187,-0.77230919585099,2.37529452473132,0.455530642942875,-0.0924980187669825,1.60298532888033,0.0048043835336076,0.0046930003411136
1.24e-05,190,-1.27676750449721,2.69826670781687,0.25553353433934,0.104736509846741,1.42149920331965,0.0047623062412509,0.0046963578728619
1.24e-05,192,-1.60761504691229,2.58855056967667,0.376652606102746,-0.401845243291638,0.980935522764371,0.0047637898978254,0.0047592247194297
1.24e-05,193,-1.35768141965183,2.82039461633521,0.297777962804918,-0.187539157450823,1.46271319668338,65.7103911851774,0.0048235627873171
1.24e-05,194,-1.43395625268092,2.55890915869768,0.281950737425929,-0.327536133148117,1.12495290601676,0.0047658323925395,0.0047614520075113
1.24e-05,195,-1.15264532133604,2.47272883317064,0.173435901499185,0.477868884794167,1.32008351183461,0.0047622066571999,0.0047732509328268
1.24e-05,196,-1.02546115190373,2.664930670388,0.312562710390873,-0.468180708975089,1.63946951848427,0.0047659172731229,0.0047574273137714
1.24e-05,200,-2.34251475050232,2.76267236834715,0.173999426956082,0.0793473728512207,0.420157617844829,0.0047504890576612,0.0047016270281609
1.24e-05,202,-1.40606271562574,2.67771402641321,-0.157279870222021,-0.0375202875647858,1.27165131078747,0.0047003993212617,0.0045931660966389
1.24e-05,204,-0.974491913307062,2.44725999445084,-0.432373672362327,-0.0132965240737363,1.47276808114377,135.329019038146,0.0046930473856811
1.24e-05,205,-1.53312473199488,2.70782310556571,0.194203889062652,0.239659685195577,1.17469837357083,0.0047728082236212,0.0047459699812637
1.24e-05,206,-1.81569556086176,2.77444264264414,-0.205676145767377,0.380137471445327,0.958747081782383,57.0167986704395,0.0047806694465237
1.24e-05,207,-1.09630285418147,2.52886057841314,-0.003985454744542,0.0541792464226283,1.43255772423167,0.0047388884825328,0.0045945848412208
1.24e-05,208,-1.2538386591911,2.79281295483649,-0.362403848828886,0.25003753754066,1.5389742956454,0.0047725578693089,0.0047544594142565
1.24e-05,209,-1.52875758306452,2.64436124694223,-0.253316134612443,0.0865556143421731,1.11560366387771,0.0047394286124026,0.0046924141984482
1.24e-05,210,-2.25807402607791,2.76850110730779,-0.386844217246281,-0.109526526147011,0.510427081229881,0.0047619191306265,0.0047519314529186
1.24e-05,211,-1.43987964088565,2.694055496788,0.449434521204899,0.0111119129844214,1.25417585590235,0.0047508035328629,0.0046975617199503
1.24e-05,212,-1.65085361007986,2.74133059209136,-0.173204022924959,0.248758515872964,1.0904769820115,0.0050511087543644,0.0047544391997714
1.24e-05,215,-1.35335280192078,2.44276217349181,-0.201963139202902,0.244882286799955,1.08940937157103,127.47731107717,0.0050075480968422
1.24e-05,216,-1.05854273637752,2.70586040127237,0.321809052887251,-0.163769864179401,1.64731766489485,0.0047709487979674,0.0046923506449004
1.24e-05,217,-1.05931510512494,2.7690019209125,0.474151935429478,-0.430627680060533,1.70968681578756,131.242005153863,0.0047590505383862
1.24e-05,218,-0.90953592880909,2.53344609653941,0.412512609539107,-0.366402440103984,1.62391016773032,0.0047635723334202,0.0047387839446597
1.24e-05,219,-0.919825177399526,2.62618827802309,-0.148339086880026,0.222449556129821,1.70636310062357,182.497229499487,0.0047404734755945
1.24e-05,220,-1.11984853432164,2.57920332046455,-0.33192685269562,0.167723003177913,1.45935478614291,0.0047577879120772,0.0046929635192448
1.24e-05,221,-1.20397324404574,2.81854590555081,-0.22637803261781,-0.273489457530502,1.61457266150506,0.0047652379502964,0.004760129951221
1.24e-05,223,-0.989876353462674,2.49310626440791,-0.0827580013372335,-0.157464930851701,1.50322991094523,0.00482950676959,0.0047388354881462
1.24e-05,224,-1.54856225444735,2.4980479451593,0.345616766889575,0.429490612089751,0.949485690711956,0.0047638423272044,0.0047671445903387
1.24e-05,225,-2.66911876902963,2.76636862923864,0.365170985805021,0.0661557818056465,0.0972498602090046,0.0047575431802122,0.0046996651705142
1.24e-05,226,-1.59543517854277,2.75214363802798,-0.405637332184077,-0.466042737982534,1.1567084594852,68.8604825589971,0.0047636618947073
1.24e-05,227,-1.43386214052152,2.49265635302357,-0.499600307410675,-0.0533316925226187,1.05879421250206,0.0047731281223759,0.0047575484354818
1.24e-05,228,-2.53330456203335,2.76891365935576,0.248979633293827,-0.254536741980559,0.235609097322408,0.0047569335917379,0.0047501010720462
1.24e-05,229,-1.14727615299766,2.61075071850943,-0.0141502690834626,-0.382199208238521,1.46347456551177,0.0047618400163424,0.004757423805829
1.24e-05,230,-1.20830526913568,2.6543282307962,-0.407363537276584,0.367763914115314,1.44602296166051,0.0047646101740542,0.0047577430191422
1.24e-05,231,-1.31349721464301,2.73311332613498,0.492494676896073,-0.146747005820093,1.41961611149197,0.0047647224428653,0.0047032111442203
1.24e-05,232,-1.00066414020852,2.71432232769022,0.371478941985113,0.182829170439742,1.7136581874817,187.196547897344,0.0047403008171539
1.24e-05,233,-1.6941499355097,2.70719117092271,-0.0464746579516995,-0.0919697713305563,1.01304123541301,0.0047482250692623,0.0045977006121416
1.24e-05,234,-1.40388468773706,2.5857418483531,-0.0248118620191177,-0.37462929441208,1.18185716061604,0.0047650577120304,0.0047591990231715
1.24e-05,236,-1.80240411681919,2.64374515103576,0.189007510845079,0.137361391175909,0.84134103421657,0.0047418869332753,0.004692928353687
1.24e-05,237,-2.11514623146023,2.69260766916879,0.289616069716998,-0.223655992604453,0.577461437708566,0.0047595275723173,0.0047434635697262
1.24e-05,238,-1.60138183718445,2.6337122345327,0.483898036360018,0.0922488153893509,1.03233039734825,0.0047579956160049,0.0046923061796751
1.24e-05,241,-1.31850359758453,2.53776617772,0.391259829922494,0.170910607981305,1.21926258013547,0.004774666214289,0.0047501644993409
1.24e-05,242,-1.09749763244867,2.65555662746565,-0.0142802064662416,0.274600746388784,1.55805899501697,0.0047637911717757,0.0047392021564421
1.24e-05,243,-1.58622602652176,2.56519906079596,0.199201929245944,-0.198027862258154,0.978973034274202,0.0047574809155844,0.0047439125948703
1.24e-05,244,-1.04800871800654,2.67925101750743,0.0330328849390766,0.10351179081413,1.63124229950089,0.0047615532318054,0.0046924215799772
1.24e-05,247,-1.68913497201816,2.63212166295071,0.414961282010757,0.39197223683712,0.942986690932559,0.0047586669451931,0.00473888244454
1.24e-05,248,-1.54063185697826,2.65873147731871,-0.281782764467068,0.236621289380061,1.11809962034045,0.0047649461153658,0.0047393498191209
1.24e-05,250,-1.12952796525886,2.79048204491655,-0.348254106207153,0.435810348772485,1.66095407965769,0.0047590313223565,0.0047597426905063
